district_name,state_name,year,households_total,households_safe_drinking_water,drinking_water_coverage_pct,households_tap_water,households_handpump_tubewell,households_water_within_premises,households_water_near_premises,households_water_far,primary_water_source,source_name,source_year
Srikakulam,Andhra Pradesh,2011,122054,96520,79.08,60807,35713,35395,39863,46796,Hand Pump / Tube Well,Census2011_HL11,2011
Vizianagaram,Andhra Pradesh,2011,79472,46952,59.08,24884,22068,51656,14186,13630,Hand Pump / Tube Well,Census2011_HL11,2011
Visakhapatnam,Andhra Pradesh,2011,696401,535462,76.89,262376,273086,174100,297711,224590,Spring,Census2011_HL11,2011
East Godavari,Andhra Pradesh,2011,842476,542049,64.34,243922,298127,547609,159228,135639,Tap Water (Treated),Census2011_HL11,2011
West Godavari,Andhra Pradesh,2011,1585194,1238512,78.13,1040350,198162,935264,220976,428954,Tap Water (Untreated),Census2011_HL11,2011
Krishna,Andhra Pradesh,2011,164757,106993,64.94,74895,32098,97206,29722,37829,Tap Water (Treated),Census2011_HL11,2011
Guntur,Andhra Pradesh,2011,693710,396594,57.17,214160,182434,388477,103779,201454,Covered Well,Census2011_HL11,2011
Prakasam,Andhra Pradesh,2011,593827,486047,81.85,194418,291629,231592,144894,217341,Uncovered Well,Census2011_HL11,2011
Nellore,Andhra Pradesh,2011,1542530,1040899,67.48,874355,166544,771265,377919,393346,Tap Water (Untreated),Census2011_HL11,2011
Kadapa,Andhra Pradesh,2011,916992,701132,76.46,462747,238385,293437,268128,355427,Uncovered Well,Census2011_HL11,2011
Kurnool,Andhra Pradesh,2011,489949,338456,69.08,192919,145537,230276,96079,163594,Tap Water (Treated),Census2011_HL11,2011
Anantapur,Andhra Pradesh,2011,53974,37927,70.27,20101,17826,26447,14038,13489,Spring,Census2011_HL11,2011
Chittoor,Andhra Pradesh,2011,1442355,867432,60.14,303601,563831,548094,321933,572328,Tap Water (Treated),Census2011_HL11,2011
YSR Kadapa,Andhra Pradesh,2011,788194,505626,64.15,283150,222476,212812,189876,385506,Covered Well,Census2011_HL11,2011
Eluru,Andhra Pradesh,2011,381390,244470,64.1,188241,56229,225020,53165,103205,Uncovered Well,Census2011_HL11,2011
Bapatla,Andhra Pradesh,2011,1012267,587519,58.04,452389,135130,698464,178867,134936,Tap Water (Untreated),Census2011_HL11,2011
Parvathipuram Manyam,Andhra Pradesh,2011,2055709,1231369,59.9,517174,714195,1171754,300544,583411,Spring,Census2011_HL11,2011
Anakapalli,Andhra Pradesh,2011,425911,313938,73.71,160108,153830,89441,198517,137953,Covered Well,Census2011_HL11,2011
Alluri Sitharama Raju,Andhra Pradesh,2011,313559,174056,55.51,62660,111396,153643,70363,89553,Hand Pump / Tube Well,Census2011_HL11,2011
Kakinada,Andhra Pradesh,2011,888080,695988,78.37,222716,473272,337470,176195,374415,Tap Water (Treated),Census2011_HL11,2011
Konaseema,Andhra Pradesh,2011,387831,210786,54.35,160197,50589,159010,121275,107546,Uncovered Well,Census2011_HL11,2011
Nandyal,Andhra Pradesh,2011,175605,131387,74.82,93284,38103,96582,30818,48205,Uncovered Well,Census2011_HL11,2011
Sri Sathya Sai,Andhra Pradesh,2011,384561,285459,74.23,154147,131312,199971,55377,129213,Tap Water (Treated),Census2011_HL11,2011
Tirupati,Andhra Pradesh,2011,549274,320556,58.36,250033,70523,120840,227070,201364,Hand Pump / Tube Well,Census2011_HL11,2011
Annamayya,Andhra Pradesh,2011,843164,493166,58.49,256446,236720,345697,288530,208937,Uncovered Well,Census2011_HL11,2011
Tawang,Arunachal Pradesh,2011,168498,93550,55.52,71098,22452,111208,25780,31510,Spring,Census2011_HL11,2011
West Kameng,Arunachal Pradesh,2011,59466,27568,46.36,22330,5238,20218,12951,26297,Uncovered Well,Census2011_HL11,2011
East Kameng,Arunachal Pradesh,2011,62223,41925,67.38,15512,26413,19289,21037,21897,Tap Water (Untreated),Census2011_HL11,2011
Papum Pare,Arunachal Pradesh,2011,23551,12006,50.98,9004,3002,16250,3504,3797,Tap Water (Treated),Census2011_HL11,2011
Kurung Kumey,Arunachal Pradesh,2011,64958,40832,62.86,22865,17967,23384,20371,21203,Uncovered Well,Census2011_HL11,2011
Kra Daadi,Arunachal Pradesh,2011,48951,21841,44.62,16162,5679,25454,8458,15039,Tap Water (Treated),Census2011_HL11,2011
Lower Subansiri,Arunachal Pradesh,2011,28697,12316,42.92,6158,6158,16931,4706,7060,Tap Water (Untreated),Census2011_HL11,2011
Upper Subansiri,Arunachal Pradesh,2011,13089,6269,47.9,3761,2508,3010,4837,5242,Covered Well,Census2011_HL11,2011
West Siang,Arunachal Pradesh,2011,100932,45681,45.26,18729,26952,66615,12697,21620,Tap Water (Treated),Census2011_HL11,2011
East Siang,Arunachal Pradesh,2011,97417,65610,67.35,40022,25588,46760,27354,23303,Tap Water (Treated),Census2011_HL11,2011
Siang,Arunachal Pradesh,2011,31797,13148,41.35,4601,8547,11128,12194,8475,Covered Well,Census2011_HL11,2011
Upper Siang,Arunachal Pradesh,2011,22993,15368,66.84,8913,6455,8277,6180,8536,Covered Well,Census2011_HL11,2011
Dibang Valley,Arunachal Pradesh,2011,10706,7201,67.27,4968,2233,2676,3372,4658,Spring,Census2011_HL11,2011
Lower Dibang Valley,Arunachal Pradesh,2011,12755,6900,54.1,4001,2899,7525,1621,3609,Uncovered Well,Census2011_HL11,2011
Anjaw,Arunachal Pradesh,2011,9328,4976,53.35,3881,1095,2052,2546,4730,Spring,Census2011_HL11,2011
Lohit,Arunachal Pradesh,2011,109241,57864,52.97,45712,12152,27310,42604,39327,Tap Water (Untreated),Census2011_HL11,2011
Namsai,Arunachal Pradesh,2011,93666,58644,62.61,38705,19939,54326,13769,25571,Hand Pump / Tube Well,Census2011_HL11,2011
Changlang,Arunachal Pradesh,2011,51708,28160,54.46,19712,8448,27405,14095,10208,Covered Well,Census2011_HL11,2011
Tirap,Arunachal Pradesh,2011,57444,30175,52.53,11164,19011,20105,18296,19043,Uncovered Well,Census2011_HL11,2011
Longding,Arunachal Pradesh,2011,20459,8412,41.12,5804,2608,11047,3482,5930,Hand Pump / Tube Well,Census2011_HL11,2011
Pakke Kessang,Arunachal Pradesh,2011,35425,20188,56.99,16756,3432,17004,11052,7369,Tap Water (Treated),Census2011_HL11,2011
Lepa Rada,Arunachal Pradesh,2011,31651,19791,62.53,7520,12271,20256,5241,6154,Tap Water (Treated),Census2011_HL11,2011
Shi Yomi,Arunachal Pradesh,2011,39385,21256,53.97,11690,9566,11027,11059,17299,Tap Water (Treated),Census2011_HL11,2011
Kamle,Arunachal Pradesh,2011,22911,10960,47.84,5480,5480,5498,6094,11319,Uncovered Well,Census2011_HL11,2011
Kamrup,Assam,2011,851521,504270,59.22,282391,221879,281001,319491,251029,Spring,Census2011_HL11,2011
Kamrup Metropolitan,Assam,2011,444383,346085,77.88,283789,62296,306624,61991,75768,Covered Well,Census2011_HL11,2011
Sonitpur,Assam,2011,1095814,833366,76.05,433350,400016,690362,235162,170290,Tap Water (Untreated),Census2011_HL11,2011
Lakhimpur,Assam,2011,601720,387146,64.34,224544,162602,306877,114988,179855,Tap Water (Treated),Census2011_HL11,2011
Dibrugarh,Assam,2011,561508,399232,71.1,231554,167678,185297,210678,165533,Spring,Census2011_HL11,2011
Sivasagar,Assam,2011,963082,512263,53.19,430300,81963,221508,400449,341125,Spring,Census2011_HL11,2011
Jorhat,Assam,2011,2508082,1880810,74.99,564243,1316567,1580091,361916,566075,Tap Water (Untreated),Census2011_HL11,2011
Golaghat,Assam,2011,1587667,1078978,67.96,830813,248165,492176,613474,482017,Spring,Census2011_HL11,2011
Nagaon,Assam,2011,1641204,896425,54.62,501998,394427,853426,449033,338745,Uncovered Well,Census2011_HL11,2011
Morigaon,Assam,2011,346761,190926,55.06,76370,114556,86690,153441,106630,Uncovered Well,Census2011_HL11,2011
Hojai,Assam,2011,373384,274474,73.51,112534,161940,134418,95586,143380,Hand Pump / Tube Well,Census2011_HL11,2011
Darrang,Assam,2011,51947,34087,65.62,23520,10567,22856,11054,18037,Tap Water (Treated),Census2011_HL11,2011
Udalguri,Assam,2011,1249247,840243,67.26,688999,151244,337296,328302,583649,Hand Pump / Tube Well,Census2011_HL11,2011
Bongaigaon,Assam,2011,327633,173252,52.88,109148,64104,127776,115917,83940,Covered Well,Census2011_HL11,2011
Chirang,Assam,2011,504460,373855,74.11,314038,59817,156382,125308,222770,Tap Water (Treated),Census2011_HL11,2011
Barpeta,Assam,2011,1094818,861293,78.67,585679,275614,361289,359429,374100,Tap Water (Treated),Census2011_HL11,2011
Nalbari,Assam,2011,1483333,830221,55.97,373599,456622,355999,631307,496027,Uncovered Well,Census2011_HL11,2011
Baksa,Assam,2011,109166,83402,76.4,49207,34195,57857,19497,31812,Tap Water (Treated),Census2011_HL11,2011
Dhubri,Assam,2011,873532,476861,54.59,381488,95373,323206,291672,258654,Tap Water (Untreated),Census2011_HL11,2011
South Salmara-Mankachar,Assam,2011,992709,571403,57.56,468550,102853,436791,255722,300196,Tap Water (Untreated),Census2011_HL11,2011
Kokrajhar,Assam,2011,774859,612448,79.04,330721,281727,511406,123822,139631,Tap Water (Treated),Census2011_HL11,2011
Goalpara,Assam,2011,599137,405675,67.71,320483,85192,179741,218085,201311,Hand Pump / Tube Well,Census2011_HL11,2011
Cachar,Assam,2011,1796185,1244037,69.26,597137,646900,1239367,322954,233864,Spring,Census2011_HL11,2011
Hailakandi,Assam,2011,1326843,996591,75.11,697613,298978,278637,597477,450729,Tap Water (Untreated),Census2011_HL11,2011
Karimganj,Assam,2011,974269,642822,65.98,302126,340696,584561,194854,194854,Covered Well,Census2011_HL11,2011
Dima Hasao,Assam,2011,831302,553480,66.58,166044,387436,357459,260613,213230,Tap Water (Untreated),Census2011_HL11,2011
Karbi Anglong,Assam,2011,566264,395025,69.76,256766,138259,277469,89526,199269,Spring,Census2011_HL11,2011
West Karbi Anglong,Assam,2011,226744,180057,79.41,95430,84627,106569,42061,78114,Uncovered Well,Census2011_HL11,2011
Majuli,Assam,2011,1163259,675271,58.05,283613,391658,348977,407141,407141,Tap Water (Treated),Census2011_HL11,2011
Biswanath,Assam,2011,1647518,1027556,62.37,513778,513778,576631,417645,653242,Tap Water (Treated),Census2011_HL11,2011
Charaideo,Assam,2011,201375,144144,71.58,95135,49009,86591,48209,66575,Covered Well,Census2011_HL11,2011
Patna,Bihar,2011,3225806,2296451,71.19,1217119,1079332,2225806,400000,600000,Tap Water (Untreated),Census2011_HL11,2011
Nalanda,Bihar,2011,2618797,1593537,60.85,812703,780834,1257022,476621,885154,Uncovered Well,Census2011_HL11,2011
Bhojpur,Bihar,2011,1809502,1061815,58.68,806979,254836,977131,357919,474452,Covered Well,Census2011_HL11,2011
Buxar,Bihar,2011,2873563,1944252,67.66,1594286,349966,1867815,331896,673852,Tap Water (Treated),Census2011_HL11,2011
Rohtas,Bihar,2011,3584939,2529891,70.57,910760,1619131,1864168,825970,894801,Uncovered Well,Census2011_HL11,2011
Kaimur,Bihar,2011,1393988,709539,50.9,503772,205767,710933,314205,368850,Spring,Census2011_HL11,2011
Gaya,Bihar,2011,2438848,1473795,60.43,913752,560043,536546,741897,1160405,Uncovered Well,Census2011_HL11,2011
Jehanabad,Bihar,2011,4120879,2222390,53.93,1622344,600046,1978021,707143,1435715,Uncovered Well,Census2011_HL11,2011
Aurangabad,Bihar,2011,924382,689773,74.62,337988,351785,554629,162691,207062,Spring,Census2011_HL11,2011
Nawada,Bihar,2011,3750000,2539124,67.71,1802778,736346,750000,1230000,1770000,Tap Water (Untreated),Census2011_HL11,2011
Arwal,Bihar,2011,2668656,1660170,62.21,747076,913094,1414387,489164,765105,Uncovered Well,Census2011_HL11,2011
Vaishali,Bihar,2011,1499011,1002088,66.85,300626,701462,974357,162642,362012,Tap Water (Treated),Census2011_HL11,2011
Saran,Bihar,2011,607228,317519,52.29,161934,155585,370409,130250,106569,Hand Pump / Tube Well,Census2011_HL11,2011
Siwan,Bihar,2011,2757352,1568657,56.89,611776,956881,1351102,604687,801563,Hand Pump / Tube Well,Census2011_HL11,2011
Gopalganj,Bihar,2011,2798686,2106291,75.26,863579,1242712,1455316,738853,604517,Hand Pump / Tube Well,Census2011_HL11,2011
Muzaffarpur,Bihar,2011,3061224,1837040,60.01,1506372,330668,1224489,955102,881633,Uncovered Well,Census2011_HL11,2011
Sitamarhi,Bihar,2011,3238555,2374508,73.32,1377214,997294,1360193,619859,1258503,Tap Water (Untreated),Census2011_HL11,2011
Sheohar,Bihar,2011,3318584,2061504,62.12,1339977,721527,1957964,748341,612279,Spring,Census2011_HL11,2011
Madhubani,Bihar,2011,3286258,2420986,73.67,1839949,581037,920152,946442,1419664,Tap Water (Treated),Census2011_HL11,2011
Darbhanga,Bihar,2011,2918287,1476945,50.61,797550,679395,1488326,686381,743580,Tap Water (Treated),Census2011_HL11,2011
Samastipur,Bihar,2011,1368736,893921,65.31,536352,357569,944427,199425,224884,Tap Water (Treated),Census2011_HL11,2011
Begusarai,Bihar,2011,3778337,2599118,68.79,961673,1637445,1624684,1055289,1098364,Covered Well,Census2011_HL11,2011
Khagaria,Bihar,2011,486636,258987,53.22,170931,88056,150857,120880,214899,Tap Water (Untreated),Census2011_HL11,2011
Bhagalpur,Bihar,2011,3424657,2340410,68.34,1731903,608507,1335616,793835,1295206,Tap Water (Treated),Census2011_HL11,2011
Banka,Bihar,2011,2317869,1291053,55.7,1045752,245301,1182113,556520,579236,Hand Pump / Tube Well,Census2011_HL11,2011
Munger,Bihar,2011,3399769,2457013,72.27,884524,1572489,2243847,393013,762909,Tap Water (Untreated),Census2011_HL11,2011
Lakhisarai,Bihar,2011,2732240,1527595,55.91,1206800,320795,683060,922131,1127049,Covered Well,Census2011_HL11,2011
Sheikhpura,Bihar,2011,2824858,2077965,73.56,851965,1226000,706214,1144067,974577,Uncovered Well,Census2011_HL11,2011
Jamui,Bihar,2011,1508465,755137,50.06,626763,128374,362031,584681,561753,Uncovered Well,Census2011_HL11,2011
Supaul,Bihar,2011,331248,241512,72.91,156982,84530,142436,66084,122728,Covered Well,Census2011_HL11,2011
Madhepura,Bihar,2011,1071452,517297,48.28,206918,310379,514296,267434,289722,Tap Water (Treated),Census2011_HL11,2011
Saharsa,Bihar,2011,2844105,1458457,51.28,714643,743814,1052318,1075072,716715,Hand Pump / Tube Well,Census2011_HL11,2011
Purnea,Bihar,2011,1350266,854718,63.3,333340,521378,769651,336756,243859,Tap Water (Untreated),Census2011_HL11,2011
Kishanganj,Bihar,2011,1930482,1254234,64.97,739998,514236,888021,552504,489957,Tap Water (Untreated),Census2011_HL11,2011
Araria,Bihar,2011,2956109,2136379,72.27,769096,1367283,916393,815886,1223830,Tap Water (Untreated),Census2011_HL11,2011
Katihar,Bihar,2011,3218884,1620386,50.34,1101862,518524,836909,905150,1476825,Tap Water (Untreated),Census2011_HL11,2011
West Champaran,Bihar,2011,723045,540042,74.69,264620,275422,347061,146633,229351,Spring,Census2011_HL11,2011
East Champaran,Bihar,2011,3006012,2123747,70.65,1146823,976924,2014028,575350,416634,Covered Well,Census2011_HL11,2011
Raipur,Chhattisgarh,2011,87904,42932,48.84,29193,13739,56258,12025,19621,Uncovered Well,Census2011_HL11,2011
Durg,Chhattisgarh,2011,1216628,570355,46.88,422062,148293,596147,217168,403313,Tap Water (Untreated),Census2011_HL11,2011
Bilaspur,Chhattisgarh,2011,619559,438090,70.71,249711,188379,396517,95908,127134,Spring,Census2011_HL11,2011
Korba,Chhattisgarh,2011,1019312,526066,51.61,252511,273555,254828,313438,451046,Tap Water (Untreated),Census2011_HL11,2011
Rajnandgaon,Chhattisgarh,2011,476585,285379,59.88,145543,139836,247824,73203,155558,Tap Water (Untreated),Census2011_HL11,2011
Raigarh,Chhattisgarh,2011,1108504,763759,68.9,633919,129840,365806,311933,430765,Hand Pump / Tube Well,Census2011_HL11,2011
Janjgir-Champa,Chhattisgarh,2011,355110,238456,67.15,154996,83460,241474,46590,67046,Tap Water (Treated),Census2011_HL11,2011
Surguja,Chhattisgarh,2011,365624,172611,47.21,127732,44879,149905,77658,138061,Tap Water (Untreated),Census2011_HL11,2011
Korea,Chhattisgarh,2011,771782,355251,46.03,234465,120786,300994,249517,221271,Tap Water (Treated),Census2011_HL11,2011
Jashpur,Chhattisgarh,2011,295433,130788,44.27,88935,41853,165442,46796,83195,Hand Pump / Tube Well,Census2011_HL11,2011
Kanker,Chhattisgarh,2011,531277,352077,66.27,278140,73937,255012,116031,160234,Hand Pump / Tube Well,Census2011_HL11,2011
Kondagaon,Chhattisgarh,2011,79398,39651,49.94,16653,22998,38111,21056,20231,Spring,Census2011_HL11,2011
Narayanpur,Chhattisgarh,2011,705711,325332,46.1,257012,68320,289341,220676,195694,Covered Well,Census2011_HL11,2011
Bastar,Chhattisgarh,2011,138131,92243,66.78,37819,54424,30388,48484,59259,Tap Water (Treated),Census2011_HL11,2011
Dantewada,Chhattisgarh,2011,380402,272862,71.73,144616,128246,98904,98524,182974,Covered Well,Census2011_HL11,2011
Sukma,Chhattisgarh,2011,117941,71413,60.55,30707,40706,24767,28883,64291,Hand Pump / Tube Well,Census2011_HL11,2011
Bijapur,Chhattisgarh,2011,160189,114791,71.66,91832,22959,54464,58148,47577,Uncovered Well,Census2011_HL11,2011
Bemetara,Chhattisgarh,2011,213473,96148,45.04,56727,39421,98197,46110,69166,Tap Water (Treated),Census2011_HL11,2011
Mungeli,Chhattisgarh,2011,129204,59356,45.94,20774,38582,77522,26874,24808,Covered Well,Census2011_HL11,2011
Balod,Chhattisgarh,2011,745590,394267,52.88,193190,201077,178941,300323,266326,Uncovered Well,Census2011_HL11,2011
Gariaband,Chhattisgarh,2011,1320809,807542,61.14,419921,387621,726444,261520,332845,Spring,Census2011_HL11,2011
Mahasamund,Chhattisgarh,2011,258877,184009,71.08,68083,115926,100962,77378,80537,Tap Water (Treated),Census2011_HL11,2011
Dhamtari,Chhattisgarh,2011,1235285,620977,50.27,465732,155245,333526,541055,360704,Spring,Census2011_HL11,2011
Baloda Bazar,Chhattisgarh,2011,131599,84591,64.28,35528,49063,31583,52008,48008,Covered Well,Census2011_HL11,2011
Kawardha,Chhattisgarh,2011,151209,101083,66.85,60649,40434,30241,61693,59275,Tap Water (Treated),Census2011_HL11,2011
Gaurela-Pendra-Marwahi,Chhattisgarh,2011,558074,286124,51.27,208870,77254,145099,239525,173450,Tap Water (Treated),Census2011_HL11,2011
Sarangarh-Bilaigarh,Chhattisgarh,2011,430113,220992,51.38,150274,70718,258067,70538,101508,Spring,Census2011_HL11,2011
Manendragarh,Chhattisgarh,2011,257630,125646,48.77,47745,77901,110780,49929,96921,Tap Water (Untreated),Census2011_HL11,2011
Shakti,Chhattisgarh,2011,90498,58896,65.08,46527,12369,61538,12163,16797,Uncovered Well,Census2011_HL11,2011
Khairagarh,Chhattisgarh,2011,185554,116360,62.71,68652,47708,59377,55517,70660,Uncovered Well,Census2011_HL11,2011
Mohla-Manpur-Ambagarh Chowki,Chhattisgarh,2011,17170,12249,71.34,5879,6370,9786,2732,4652,Covered Well,Census2011_HL11,2011
North Goa,Goa,2011,56248,53092,94.39,36633,16459,21374,19180,15694,Tap Water (Untreated),Census2011_HL11,2011
South Goa,Goa,2011,863171,792649,91.83,554854,237795,258951,193350,410870,Uncovered Well,Census2011_HL11,2011
Ahmedabad,Gujarat,2011,397161,245008,61.69,75952,169056,123119,150723,123319,Tap Water (Untreated),Census2011_HL11,2011
Surat,Gujarat,2011,1386588,1021222,73.65,500398,520824,845818,286608,254162,Hand Pump / Tube Well,Census2011_HL11,2011
Vadodara,Gujarat,2011,893755,751111,84.04,540799,210312,321751,251681,320323,Tap Water (Untreated),Census2011_HL11,2011
Rajkot,Gujarat,2011,1810875,1516426,83.74,545913,970513,488936,766724,555215,Uncovered Well,Census2011_HL11,2011
Bhavnagar,Gujarat,2011,276689,241549,87.3,188408,53141,127276,79188,70225,Tap Water (Untreated),Census2011_HL11,2011
Jamnagar,Gujarat,2011,1529153,946851,61.92,501831,445020,825742,415012,288399,Hand Pump / Tube Well,Census2011_HL11,2011
Junagadh,Gujarat,2011,1285528,1004640,78.15,381763,622877,822737,240651,222140,Tap Water (Untreated),Census2011_HL11,2011
Gandhinagar,Gujarat,2011,896034,541742,60.46,297958,243784,295691,264150,336193,Hand Pump / Tube Well,Census2011_HL11,2011
Anand,Gujarat,2011,309740,225088,72.67,101289,123799,204428,34752,70560,Uncovered Well,Census2011_HL11,2011
Kheda,Gujarat,2011,65519,43203,65.94,22465,20738,27517,15200,22802,Uncovered Well,Census2011_HL11,2011
Mehsana,Gujarat,2011,702548,475133,67.63,166296,308837,365324,175356,161868,Uncovered Well,Census2011_HL11,2011
Banaskantha,Gujarat,2011,764310,500088,65.43,200035,300053,221649,206211,336450,Hand Pump / Tube Well,Census2011_HL11,2011
Sabarkantha,Gujarat,2011,1243518,917964,73.82,495700,422264,671499,280289,291730,Tap Water (Treated),Census2011_HL11,2011
Aravalli,Gujarat,2011,1159462,766984,66.15,253104,513880,255081,343664,560717,Tap Water (Treated),Census2011_HL11,2011
Mahisagar,Gujarat,2011,297087,222518,74.9,100133,122385,190135,54545,52407,Uncovered Well,Census2011_HL11,2011
Panchmahal,Gujarat,2011,2053771,1457561,70.97,524721,932840,1170649,494548,388574,Covered Well,Census2011_HL11,2011
Dahod,Gujarat,2011,456565,337218,73.86,131515,205703,136969,156602,162994,Spring,Census2011_HL11,2011
Vadodara,Gujarat,2011,893755,685510,76.7,479856,205654,223438,301642,368675,Spring,Census2011_HL11,2011
Narmada,Gujarat,2011,2114711,1637209,77.42,1162418,474791,1332267,399046,383398,Tap Water (Untreated),Census2011_HL11,2011
Bharuch,Gujarat,2011,727200,500459,68.82,170156,330303,210888,294297,222015,Tap Water (Untreated),Census2011_HL11,2011
Surat,Gujarat,2011,1386588,1205499,86.94,807684,397815,568501,253606,564481,Covered Well,Census2011_HL11,2011
Navsari,Gujarat,2011,894857,757764,84.68,295527,462237,519017,112752,263088,Covered Well,Census2011_HL11,2011
Valsad,Gujarat,2011,313766,273447,87.15,169537,103910,138057,65012,110697,Tap Water (Treated),Census2011_HL11,2011
Dang,Gujarat,2011,203906,124912,61.26,38722,86190,110109,36580,57217,Tap Water (Untreated),Census2011_HL11,2011
Tapi,Gujarat,2011,82642,61741,74.71,24078,37663,22313,19908,40421,Covered Well,Census2011_HL11,2011
Botad,Gujarat,2011,290848,239978,82.51,115189,124789,130881,65586,94381,Hand Pump / Tube Well,Census2011_HL11,2011
Amreli,Gujarat,2011,213040,143184,67.21,81614,61570,80955,39625,92460,Covered Well,Census2011_HL11,2011
Gir Somnath,Gujarat,2011,707564,484186,68.43,232409,251777,325479,191042,191043,Hand Pump / Tube Well,Census2011_HL11,2011
Porbandar,Gujarat,2011,1186420,872730,73.56,392728,480002,545753,313926,326741,Tap Water (Untreated),Census2011_HL11,2011
Devbhumi Dwarka,Gujarat,2011,616621,538926,87.4,414973,123953,326809,98536,191276,Uncovered Well,Census2011_HL11,2011
Morbi,Gujarat,2011,387574,235916,60.87,146267,89649,213165,74995,99414,Tap Water (Untreated),Census2011_HL11,2011
Chhota Udaipur,Gujarat,2011,503142,406739,80.84,166762,239977,342136,78892,82114,Covered Well,Census2011_HL11,2011
Mahisagar,Gujarat,2011,297087,251216,84.56,168314,82902,193106,44711,59270,Hand Pump / Tube Well,Census2011_HL11,2011
Ambala,Haryana,2011,2408200,1635167,67.9,1308133,327034,891034,606866,910300,Hand Pump / Tube Well,Census2011_HL11,2011
Yamuna Nagar,Haryana,2011,993189,741713,74.68,630456,111257,347616,200127,445446,Hand Pump / Tube Well,Census2011_HL11,2011
Kurukshetra,Haryana,2011,136026,112425,82.65,85443,26982,35366,54356,46304,Hand Pump / Tube Well,Census2011_HL11,2011
Kaithal,Haryana,2011,757178,682293,90.11,504896,177397,257440,294845,204893,Uncovered Well,Census2011_HL11,2011
Karnal,Haryana,2011,243697,216792,88.96,82380,134412,131596,51566,60535,Covered Well,Census2011_HL11,2011
Panipat,Haryana,2011,3125000,2514687,80.47,1684840,829847,1093750,792187,1239063,Covered Well,Census2011_HL11,2011
Sonipat,Haryana,2011,300844,190855,63.44,61073,129782,102286,95307,103251,Tap Water (Treated),Census2011_HL11,2011
Rohtak,Haryana,2011,2810715,2154975,76.67,646492,1508483,1068071,958454,784190,Tap Water (Treated),Census2011_HL11,2011
Jhajjar,Haryana,2011,2640048,1849089,70.04,906053,943036,897616,975761,766671,Spring,Census2011_HL11,2011
Fatehabad,Haryana,2011,2807942,2522655,89.84,1538819,983836,1909400,458256,440286,Tap Water (Untreated),Census2011_HL11,2011
Hisar,Haryana,2011,278609,253227,90.89,103823,149404,136518,45469,96622,Tap Water (Untreated),Census2011_HL11,2011
Bhiwani,Haryana,2011,1775218,1134364,63.9,918834,215530,568069,603574,603575,Uncovered Well,Census2011_HL11,2011
Charkhi Dadri,Haryana,2011,367107,274706,74.83,228005,46701,91776,104625,170706,Covered Well,Census2011_HL11,2011
Mahendragarh,Haryana,2011,3225087,2571039,79.72,1028415,1542624,1354536,1047508,823043,Hand Pump / Tube Well,Census2011_HL11,2011
Rewari,Haryana,2011,252146,168685,66.9,121453,47232,83208,70953,97985,Tap Water (Untreated),Census2011_HL11,2011
Gurugram,Haryana,2011,1474974,1053573,71.43,368750,684823,707987,375823,391164,Hand Pump / Tube Well,Census2011_HL11,2011
Faridabad,Haryana,2011,745506,507913,68.13,370776,137137,462213,93486,189807,Hand Pump / Tube Well,Census2011_HL11,2011
Palwal,Haryana,2011,70065,52807,75.37,24819,27988,46943,11792,11330,Uncovered Well,Census2011_HL11,2011
Nuh,Haryana,2011,2084370,1519922,72.92,851156,668766,1417371,293479,373520,Hand Pump / Tube Well,Census2011_HL11,2011
Panchkula,Haryana,2011,95448,60838,63.74,43803,17035,22907,24663,47878,Covered Well,Census2011_HL11,2011
Sirsa,Haryana,2011,3386004,2879119,85.03,1785053,1094066,1320541,1012076,1053387,Hand Pump / Tube Well,Census2011_HL11,2011
Shimla,Himachal Pradesh,2011,100287,89837,89.58,29646,60191,62177,12957,25153,Spring,Census2011_HL11,2011
Mandi,Himachal Pradesh,2011,117125,76330,65.17,56484,19846,74960,18552,23613,Tap Water (Treated),Census2011_HL11,2011
Kangra,Himachal Pradesh,2011,29557,19912,67.37,8960,10952,20394,3023,6140,Hand Pump / Tube Well,Census2011_HL11,2011
Solan,Himachal Pradesh,2011,481257,325955,67.73,149939,176016,211753,107801,161703,Tap Water (Treated),Census2011_HL11,2011
Una,Himachal Pradesh,2011,798995,546512,68.4,338837,207675,367537,224358,207100,Spring,Census2011_HL11,2011
Hamirpur,Himachal Pradesh,2011,520148,367952,70.74,139821,228131,296484,100648,123016,Tap Water (Untreated),Census2011_HL11,2011
Bilaspur,Himachal Pradesh,2011,403603,363484,90.06,236264,127220,113008,142391,148204,Spring,Census2011_HL11,2011
Chamba,Himachal Pradesh,2011,106361,98596,92.7,29578,69018,46798,30377,29186,Tap Water (Treated),Census2011_HL11,2011
Kullu,Himachal Pradesh,2011,308863,206567,66.88,78495,128072,197672,51147,60044,Tap Water (Untreated),Census2011_HL11,2011
Lahaul & Spiti,Himachal Pradesh,2011,345062,244027,70.72,136655,107372,213938,56383,74741,Tap Water (Treated),Census2011_HL11,2011
Kinnaur,Himachal Pradesh,2011,39414,35839,90.93,16485,19354,17342,7945,14127,Tap Water (Untreated),Census2011_HL11,2011
Sirmaur,Himachal Pradesh,2011,174591,154635,88.57,92781,61854,106500,34045,34046,Spring,Census2011_HL11,2011
Ranchi,Jharkhand,2011,418517,248096,59.28,133971,114125,217628,72320,128569,Spring,Census2011_HL11,2011
Dhanbad,Jharkhand,2011,2787010,1683632,60.41,656616,1027016,1588595,551270,647145,Uncovered Well,Census2011_HL11,2011
Bokaro,Jharkhand,2011,675712,374682,55.45,172353,202329,168928,243256,263528,Covered Well,Census2011_HL11,2011
Giridih,Jharkhand,2011,1495098,907524,60.7,471912,435612,822303,222022,450773,Uncovered Well,Census2011_HL11,2011
Hazaribagh,Jharkhand,2011,422988,274011,64.78,104124,169887,143815,94918,184255,Uncovered Well,Census2011_HL11,2011
Koderma,Jharkhand,2011,190324,80526,42.31,37847,42679,98968,52072,39284,Hand Pump / Tube Well,Census2011_HL11,2011
Chatra,Jharkhand,2011,541999,295118,54.45,236094,59024,205959,114253,221787,Spring,Census2011_HL11,2011
Latehar,Jharkhand,2011,1971019,1080709,54.83,335019,745690,551885,638610,780524,Hand Pump / Tube Well,Census2011_HL11,2011
Lohardaga,Jharkhand,2011,1865243,893451,47.9,714760,178691,858011,453254,553978,Tap Water (Untreated),Census2011_HL11,2011
Gumla,Jharkhand,2011,1776845,1072681,60.37,525613,547068,995033,312724,469088,Spring,Census2011_HL11,2011
Simdega,Jharkhand,2011,889965,587732,66.04,223338,364394,525079,182443,182443,Uncovered Well,Census2011_HL11,2011
West Singhbhum,Jharkhand,2011,671528,294867,43.91,224098,70769,295472,221873,154183,Hand Pump / Tube Well,Census2011_HL11,2011
East Singhbhum,Jharkhand,2011,2737201,1654638,60.45,1025875,628763,1806552,493243,437406,Hand Pump / Tube Well,Census2011_HL11,2011
Seraikela Kharsawan,Jharkhand,2011,1729186,851797,49.26,579221,272576,847301,414485,467400,Hand Pump / Tube Well,Census2011_HL11,2011
Khunti,Jharkhand,2011,179790,106597,59.29,55430,51167,39553,78532,61705,Tap Water (Untreated),Census2011_HL11,2011
Ramgarh,Jharkhand,2011,538557,261146,48.49,174967,86179,242350,148103,148104,Covered Well,Census2011_HL11,2011
Deoghar,Jharkhand,2011,165985,105035,63.28,88229,16806,99591,34524,31870,Tap Water (Untreated),Census2011_HL11,2011
Jamtara,Jharkhand,2011,1249767,561770,44.95,438180,123590,699869,230957,318941,Uncovered Well,Census2011_HL11,2011
Dumka,Jharkhand,2011,1062799,720896,67.83,237895,483001,350723,220743,491333,Spring,Census2011_HL11,2011
Godda,Jharkhand,2011,587648,258800,44.04,186336,72464,293824,161603,132221,Tap Water (Untreated),Census2011_HL11,2011
Sahibganj,Jharkhand,2011,1398021,712850,50.99,484738,228112,545228,511675,341118,Hand Pump / Tube Well,Census2011_HL11,2011
Pakur,Jharkhand,2011,1373919,791102,57.58,324351,466751,618263,377828,377828,Tap Water (Untreated),Census2011_HL11,2011
Bengaluru Urban,Karnataka,2011,294980,178846,60.63,69749,109097,179937,62123,52920,Tap Water (Untreated),Census2011_HL11,2011
Bengaluru Rural,Karnataka,2011,1008803,579153,57.41,179537,399616,685986,106529,216288,Tap Water (Treated),Census2011_HL11,2011
Ramanagara,Karnataka,2011,956230,742799,77.68,586811,155988,363367,249002,343861,Hand Pump / Tube Well,Census2011_HL11,2011
Tumkur,Karnataka,2011,207750,164558,79.21,80633,83925,112185,56383,39182,Spring,Census2011_HL11,2011
Kolar,Karnataka,2011,804181,586891,72.98,334527,252364,498592,143626,161963,Uncovered Well,Census2011_HL11,2011
Chikkaballapura,Karnataka,2011,1017021,701947,69.02,350973,350974,661063,199336,156622,Tap Water (Treated),Census2011_HL11,2011
Chitradurga,Karnataka,2011,27822,18721,67.29,11981,6740,17806,4707,5309,Tap Water (Untreated),Census2011_HL11,2011
Davanagere,Karnataka,2011,407520,313423,76.91,144174,169249,105955,111579,189986,Hand Pump / Tube Well,Census2011_HL11,2011
Shivamogga,Karnataka,2011,1845322,1294308,70.14,401235,893073,1125646,280673,439003,Covered Well,Census2011_HL11,2011
Chikkamagaluru,Karnataka,2011,464069,305960,65.93,152980,152980,297004,58472,108593,Covered Well,Census2011_HL11,2011
Hassan,Karnataka,2011,1058487,604290,57.09,374659,229631,666846,227151,164490,Hand Pump / Tube Well,Census2011_HL11,2011
Kodagu,Karnataka,2011,475577,303132,63.74,194004,109128,223521,143671,108385,Hand Pump / Tube Well,Census2011_HL11,2011
Mysuru,Karnataka,2011,938239,639785,68.19,511828,127957,309618,194872,433749,Covered Well,Census2011_HL11,2011
Mandya,Karnataka,2011,231892,154903,66.8,63510,91393,148410,26714,56768,Tap Water (Untreated),Census2011_HL11,2011
Chamarajanagar,Karnataka,2011,2492243,1752545,70.32,1226781,525764,1644880,423681,423682,Tap Water (Treated),Census2011_HL11,2011
Dharwad,Karnataka,2011,1711587,1054337,61.6,358474,695863,1146763,321949,242875,Spring,Census2011_HL11,2011
Belagavi,Karnataka,2011,1427584,1118940,78.38,828015,290925,528206,287800,611578,Uncovered Well,Census2011_HL11,2011
Vijayapura,Karnataka,2011,1232869,884583,71.75,566133,318450,295888,440381,496600,Tap Water (Untreated),Census2011_HL11,2011
Bagalkot,Karnataka,2011,646925,404780,62.57,129529,275251,142323,227070,277532,Spring,Census2011_HL11,2011
Gadag,Karnataka,2011,327279,212109,64.81,118781,93328,193094,75143,59042,Tap Water (Untreated),Census2011_HL11,2011
Haveri,Karnataka,2011,849145,472124,55.6,155800,316324,500995,188001,160149,Hand Pump / Tube Well,Census2011_HL11,2011
Uttara Kannada,Karnataka,2011,746834,537944,72.03,274351,263593,403290,106498,237046,Uncovered Well,Census2011_HL11,2011
Udupi,Karnataka,2011,511918,289028,56.46,208100,80928,281554,99056,131308,Uncovered Well,Census2011_HL11,2011
Dakshina Kannada,Karnataka,2011,825242,580887,70.39,209119,371768,214562,293126,317554,Covered Well,Census2011_HL11,2011
Ballari,Karnataka,2011,2130273,1381482,64.85,676926,704556,1405980,267988,456305,Tap Water (Treated),Census2011_HL11,2011
Raichur,Karnataka,2011,277169,198120,71.48,83210,114910,157986,67934,51249,Hand Pump / Tube Well,Census2011_HL11,2011
Koppal,Karnataka,2011,260079,184422,70.91,156758,27664,54616,106840,98623,Tap Water (Treated),Census2011_HL11,2011
Yadgir,Karnataka,2011,1652137,944196,57.15,349352,594844,479119,363635,809383,Covered Well,Census2011_HL11,2011
Kalaburagi,Karnataka,2011,780924,561250,71.87,443387,117863,546646,79654,154624,Uncovered Well,Census2011_HL11,2011
Bidar,Karnataka,2011,1731396,1184274,68.4,438181,746093,415535,500027,815834,Hand Pump / Tube Well,Census2011_HL11,2011
Thiruvananthapuram,Kerala,2011,54927,44023,80.15,30375,13648,33505,12210,9212,Tap Water (Untreated),Census2011_HL11,2011
Kollam,Kerala,2011,1334139,1148560,86.09,539823,608737,506972,388768,438399,Spring,Census2011_HL11,2011
Pathanamthitta,Kerala,2011,1414375,1147199,81.11,906287,240912,509175,416392,488808,Tap Water (Treated),Census2011_HL11,2011
Alappuzha,Kerala,2011,2901353,2215183,76.35,1772146,443037,1595744,639748,665861,Covered Well,Census2011_HL11,2011
Kottayam,Kerala,2011,3333333,2565333,76.96,2052266,513067,2066666,582666,684001,Covered Well,Census2011_HL11,2011
Idukki,Kerala,2011,621621,581526,93.55,244240,337286,242432,204762,174427,Tap Water (Untreated),Census2011_HL11,2011
Ernakulam,Kerala,2011,360060,273285,75.9,117512,155773,151225,110682,98153,Tap Water (Treated),Census2011_HL11,2011
Thrissur,Kerala,2011,3937007,2973621,75.53,2259951,713670,1338582,1247244,1351181,Covered Well,Census2011_HL11,2011
Palakkad,Kerala,2011,3554502,3400947,95.68,1190331,2210616,1208530,1126066,1219906,Uncovered Well,Census2011_HL11,2011
Malappuram,Kerala,2011,509946,384856,75.47,196276,188580,214177,109434,186335,Uncovered Well,Census2011_HL11,2011
Kozhikode,Kerala,2011,1009887,803971,79.61,434144,369827,232274,303269,474344,Hand Pump / Tube Well,Census2011_HL11,2011
Wayanad,Kerala,2011,3340757,3142650,94.07,2576973,565677,2204899,602004,533854,Covered Well,Census2011_HL11,2011
Kannur,Kerala,2011,754188,739632,98.07,591705,147927,460054,141184,152950,Tap Water (Treated),Census2011_HL11,2011
Kasaragod,Kerala,2011,969549,809767,83.52,615422,194345,407210,241805,320534,Spring,Census2011_HL11,2011
Bhopal,Madhya Pradesh,2011,276491,199073,72.0,141341,57732,165894,51980,58617,Spring,Census2011_HL11,2011
Indore,Madhya Pradesh,2011,231801,167151,72.11,76889,90262,162260,31988,37553,Uncovered Well,Census2011_HL11,2011
Jabalpur,Madhya Pradesh,2011,304529,188899,62.03,115228,73671,140083,57556,106890,Uncovered Well,Census2011_HL11,2011
Gwalior,Madhya Pradesh,2011,795225,469898,59.09,399413,70485,254472,308229,232524,Covered Well,Census2011_HL11,2011
Ujjain,Madhya Pradesh,2011,1294063,885009,68.39,725707,159302,310575,363890,619598,Hand Pump / Tube Well,Census2011_HL11,2011
Sagar,Madhya Pradesh,2011,157965,85743,54.28,52303,33440,34752,46820,76393,Covered Well,Census2011_HL11,2011
Satna,Madhya Pradesh,2011,925400,596512,64.46,435453,161059,564494,173234,187672,Tap Water (Treated),Census2011_HL11,2011
Rewa,Madhya Pradesh,2011,500705,273334,54.59,180400,92934,310437,104647,85621,Uncovered Well,Census2011_HL11,2011
Katni,Madhya Pradesh,2011,871709,513959,58.96,277537,236422,374834,293156,203719,Uncovered Well,Census2011_HL11,2011
Damoh,Madhya Pradesh,2011,561847,358795,63.86,218864,139931,224738,158441,178668,Tap Water (Treated),Census2011_HL11,2011
Chhatarpur,Madhya Pradesh,2011,1201590,645734,53.74,413269,232465,432572,246085,522933,Tap Water (Untreated),Census2011_HL11,2011
Tikamgarh,Madhya Pradesh,2011,709228,377451,53.22,275539,101912,234045,213832,261351,Tap Water (Untreated),Census2011_HL11,2011
Niwari,Madhya Pradesh,2011,1410512,897790,63.65,341160,556630,719361,214256,476895,Tap Water (Treated),Census2011_HL11,2011
Datia,Madhya Pradesh,2011,1611832,1036891,64.33,414756,622135,725324,381198,505310,Covered Well,Census2011_HL11,2011
Bhind,Madhya Pradesh,2011,274330,129401,47.17,89286,40115,63095,107729,103506,Covered Well,Census2011_HL11,2011
Morena,Madhya Pradesh,2011,52765,38682,73.31,11991,26691,32714,11028,9023,Hand Pump / Tube Well,Census2011_HL11,2011
Sheopur,Madhya Pradesh,2011,787029,520304,66.11,327791,192513,291200,158665,337164,Uncovered Well,Census2011_HL11,2011
Guna,Madhya Pradesh,2011,1376495,676822,49.17,230119,446703,412948,452867,510680,Spring,Census2011_HL11,2011
Ashoknagar,Madhya Pradesh,2011,456135,262961,57.65,170924,92037,291926,55831,108378,Covered Well,Census2011_HL11,2011
Shivpuri,Madhya Pradesh,2011,1042528,656792,63.0,328396,328396,719344,184214,138970,Covered Well,Census2011_HL11,2011
Vidisha,Madhya Pradesh,2011,177058,104782,59.18,88016,16766,90299,30365,56394,Tap Water (Treated),Census2011_HL11,2011
Raisen,Madhya Pradesh,2011,734100,397441,54.14,151027,246414,367050,121126,245924,Tap Water (Untreated),Census2011_HL11,2011
Sehore,Madhya Pradesh,2011,561021,384972,68.62,223283,161689,331002,103508,126511,Hand Pump / Tube Well,Census2011_HL11,2011
Hoshangabad,Madhya Pradesh,2011,437868,288817,65.96,236829,51988,170768,125537,141563,Spring,Census2011_HL11,2011
Harda,Madhya Pradesh,2011,281025,186431,66.34,95079,91352,196717,26978,57330,Tap Water (Treated),Census2011_HL11,2011
Betul,Madhya Pradesh,2011,859872,626330,72.84,532380,93950,412738,268280,178854,Spring,Census2011_HL11,2011
Chhindwara,Madhya Pradesh,2011,1092042,669967,61.35,355082,314885,622463,258268,211311,Hand Pump / Tube Well,Census2011_HL11,2011
Seoni,Madhya Pradesh,2011,388060,265239,68.35,167100,98139,205671,83898,98491,Covered Well,Census2011_HL11,2011
Mandla,Madhya Pradesh,2011,221261,118463,53.54,90031,28432,77441,53213,90607,Tap Water (Untreated),Census2011_HL11,2011
Balaghat,Madhya Pradesh,2011,484112,330987,68.37,278029,52958,154915,128386,200811,Tap Water (Treated),Census2011_HL11,2011
Dindori,Madhya Pradesh,2011,398133,260418,65.41,140625,119793,270730,53509,73894,Tap Water (Treated),Census2011_HL11,2011
Shahdol,Madhya Pradesh,2011,690538,385734,55.86,223725,162009,455755,117391,117392,Hand Pump / Tube Well,Census2011_HL11,2011
Anuppur,Madhya Pradesh,2011,894034,468920,52.45,342311,126609,277150,339286,277598,Tap Water (Untreated),Census2011_HL11,2011
Umaria,Madhya Pradesh,2011,642025,461744,71.92,198549,263195,417316,112354,112355,Spring,Census2011_HL11,2011
Sidhi,Madhya Pradesh,2011,73685,36746,49.87,16168,20578,25052,18966,29667,Tap Water (Treated),Census2011_HL11,2011
Singrauli,Madhya Pradesh,2011,500236,287335,57.44,166654,120681,135063,164327,200846,Tap Water (Untreated),Census2011_HL11,2011
Ratlam,Madhya Pradesh,2011,371116,264234,71.2,206102,58132,77934,99681,193501,Covered Well,Census2011_HL11,2011
Mandsaur,Madhya Pradesh,2011,477608,322051,67.43,222215,99836,205371,89838,182399,Tap Water (Treated),Census2011_HL11,2011
Neemuch,Madhya Pradesh,2011,291743,202323,69.35,62720,139603,81688,67217,142838,Hand Pump / Tube Well,Census2011_HL11,2011
Agar Malwa,Madhya Pradesh,2011,246154,172972,70.27,140107,32865,160000,35323,50831,Uncovered Well,Census2011_HL11,2011
Shajapur,Madhya Pradesh,2011,325325,213120,65.51,91641,121479,113863,84584,126878,Covered Well,Census2011_HL11,2011
Rajgarh,Madhya Pradesh,2011,261275,163453,62.56,104609,58844,182892,24298,54085,Spring,Census2011_HL11,2011
Dewas,Madhya Pradesh,2011,950936,682581,71.78,559716,122865,627617,158426,164893,Spring,Census2011_HL11,2011
Khargone,Madhya Pradesh,2011,1102108,764532,69.37,351684,412848,484927,209841,407340,Tap Water (Untreated),Census2011_HL11,2011
Barwani,Madhya Pradesh,2011,519429,344173,66.26,213387,130786,316851,91160,111418,Tap Water (Untreated),Census2011_HL11,2011
Dhar,Madhya Pradesh,2011,728144,517564,71.08,326065,191499,276694,221210,230240,Uncovered Well,Census2011_HL11,2011
Jhabua,Madhya Pradesh,2011,773107,424976,54.97,169990,254986,432939,129263,210905,Tap Water (Treated),Census2011_HL11,2011
Alirajpur,Madhya Pradesh,2011,35393,18581,52.5,10591,7990,7786,12699,14908,Hand Pump / Tube Well,Census2011_HL11,2011
Khandwa,Madhya Pradesh,2011,249951,155569,62.24,118232,37337,102479,58988,88484,Covered Well,Census2011_HL11,2011
Burhanpur,Madhya Pradesh,2011,476808,320414,67.2,262739,57675,104897,215708,156203,Spring,Census2011_HL11,2011
Narsinghpur,Madhya Pradesh,2011,137968,71605,51.9,42246,29359,67604,33774,36590,Tap Water (Treated),Census2011_HL11,2011
Mumbai City,Maharashtra,2011,323199,218902,67.73,85371,133531,109887,95990,117322,Tap Water (Untreated),Census2011_HL11,2011
Mumbai Suburban,Maharashtra,2011,595468,492987,82.79,226774,266213,393008,121476,80984,Tap Water (Treated),Census2011_HL11,2011
Thane,Maharashtra,2011,842922,707127,83.89,473775,233352,227588,221520,393814,Hand Pump / Tube Well,Census2011_HL11,2011
Palghar,Maharashtra,2011,1247828,987531,79.14,316009,671522,811088,257676,179064,Hand Pump / Tube Well,Census2011_HL11,2011
Raigad,Maharashtra,2011,113865,83189,73.06,34107,49082,50100,35070,28695,Covered Well,Census2011_HL11,2011
Ratnagiri,Maharashtra,2011,1461177,930623,63.69,763110,167513,715976,387504,357697,Hand Pump / Tube Well,Census2011_HL11,2011
Sindhudurg,Maharashtra,2011,110619,68063,61.53,37434,30629,73008,19181,18430,Tap Water (Treated),Census2011_HL11,2011
Nashik,Maharashtra,2011,374588,263859,70.44,142483,121376,123614,140545,110429,Covered Well,Census2011_HL11,2011
Dhule,Maharashtra,2011,570265,447600,78.49,161136,286464,216700,113140,240425,Tap Water (Untreated),Census2011_HL11,2011
Nandurbar,Maharashtra,2011,1064711,834414,78.37,400518,433896,479119,222524,363068,Spring,Census2011_HL11,2011
Jalgaon,Maharashtra,2011,2980500,2342374,78.59,1569390,772984,715320,1155241,1109939,Tap Water (Treated),Census2011_HL11,2011
Ahmednagar,Maharashtra,2011,431911,302899,70.13,245348,57551,259146,69106,103659,Hand Pump / Tube Well,Census2011_HL11,2011
Pune,Maharashtra,2011,1872071,1432321,76.51,1117210,315111,411855,715505,744711,Tap Water (Treated),Census2011_HL11,2011
Satara,Maharashtra,2011,299991,194664,64.89,120691,73973,191994,39958,68039,Tap Water (Untreated),Census2011_HL11,2011
Sangli,Maharashtra,2011,1695219,1109181,65.43,421488,687693,1034083,343790,317346,Covered Well,Census2011_HL11,2011
Solapur,Maharashtra,2011,435480,268647,61.69,174620,94027,104515,148934,182031,Spring,Census2011_HL11,2011
Kolhapur,Maharashtra,2011,500270,395113,78.98,118533,276580,115062,181047,204161,Tap Water (Untreated),Census2011_HL11,2011
Aurangabad,Maharashtra,2011,1078493,839930,77.88,268777,571153,582386,238131,257976,Spring,Census2011_HL11,2011
Jalna,Maharashtra,2011,162795,121038,74.35,78674,42364,71629,45583,45583,Tap Water (Untreated),Census2011_HL11,2011
Beed,Maharashtra,2011,35430,29258,82.58,22236,7022,22675,6377,6378,Uncovered Well,Census2011_HL11,2011
Latur,Maharashtra,2011,1387112,1113989,80.31,579274,534715,527102,378404,481606,Tap Water (Treated),Census2011_HL11,2011
Osmanabad,Maharashtra,2011,810268,519624,64.13,431287,88337,526674,150304,133290,Uncovered Well,Census2011_HL11,2011
Nanded,Maharashtra,2011,1252091,1066030,85.14,511694,554336,663608,194199,394284,Uncovered Well,Census2011_HL11,2011
Hingoli,Maharashtra,2011,222013,188222,84.78,124226,63996,82144,58744,81125,Tap Water (Untreated),Census2011_HL11,2011
Parbhani,Maharashtra,2011,188005,149764,79.66,85365,64399,112803,33840,41362,Uncovered Well,Census2011_HL11,2011
Akola,Maharashtra,2011,2637865,2037486,77.24,651995,1385491,870495,636253,1131117,Uncovered Well,Census2011_HL11,2011
Amravati,Maharashtra,2011,352156,210237,59.7,151370,58867,116211,94378,141567,Uncovered Well,Census2011_HL11,2011
Buldhana,Maharashtra,2011,2193605,1769142,80.65,937645,831497,723889,470309,999407,Uncovered Well,Census2011_HL11,2011
Washim,Maharashtra,2011,631420,494970,78.39,242535,252435,385166,96039,150215,Uncovered Well,Census2011_HL11,2011
Yavatmal,Maharashtra,2011,526748,338172,64.2,263774,74398,247571,147963,131214,Tap Water (Treated),Census2011_HL11,2011
Wardha,Maharashtra,2011,1193298,1008814,84.54,645640,363174,429587,366581,397130,Tap Water (Treated),Census2011_HL11,2011
Nagpur,Maharashtra,2011,249575,211165,84.61,65461,145704,97334,80687,71554,Covered Well,Census2011_HL11,2011
Bhandara,Maharashtra,2011,2025555,1692148,83.54,1218346,473802,972266,526644,526645,Hand Pump / Tube Well,Census2011_HL11,2011
Gondia,Maharashtra,2011,2664846,1702570,63.89,1004516,698054,1838743,454356,371747,Uncovered Well,Census2011_HL11,2011
Chandrapur,Maharashtra,2011,141026,115740,82.07,49768,65972,84615,32154,24257,Covered Well,Census2011_HL11,2011
Gadchiroli,Maharashtra,2011,2065853,1437420,69.58,862452,574968,661072,421434,983347,Tap Water (Treated),Census2011_HL11,2011
Imphal West,Manipur,2011,269557,178284,66.14,105187,73097,121300,80058,68199,Tap Water (Treated),Census2011_HL11,2011
Imphal East,Manipur,2011,568482,280773,49.39,131963,148810,181914,204881,181687,Tap Water (Untreated),Census2011_HL11,2011
Thoubal,Manipur,2011,319925,147005,45.95,104373,42632,195154,51156,73615,Uncovered Well,Census2011_HL11,2011
Bishnupur,Manipur,2011,166757,81160,48.67,57623,23537,55029,36870,74858,Tap Water (Treated),Census2011_HL11,2011
Kakching,Manipur,2011,773532,457389,59.13,315598,141791,440913,103111,229508,Spring,Census2011_HL11,2011
Churachandpur,Manipur,2011,646016,440905,68.25,277770,163135,180884,241868,223264,Uncovered Well,Census2011_HL11,2011
Senapati,Manipur,2011,118437,59739,50.44,37635,22104,42637,30320,45480,Hand Pump / Tube Well,Census2011_HL11,2011
Ukhrul,Manipur,2011,498518,328124,65.82,154218,173906,214362,93771,190385,Spring,Census2011_HL11,2011
Chandel,Manipur,2011,67612,41331,61.13,21078,20253,27720,14760,25132,Uncovered Well,Census2011_HL11,2011
Tengnoupal,Manipur,2011,31855,19339,60.71,11023,8316,20705,5129,6021,Tap Water (Untreated),Census2011_HL11,2011
Tamenglong,Manipur,2011,387995,216152,55.71,183729,32423,217277,100723,69995,Hand Pump / Tube Well,Census2011_HL11,2011
Noney,Manipur,2011,155338,100985,65.01,55541,45444,76115,24559,54664,Tap Water (Untreated),Census2011_HL11,2011
Jiribam,Manipur,2011,203376,116981,57.52,65509,51472,50844,59487,93045,Tap Water (Untreated),Census2011_HL11,2011
Pherzawl,Manipur,2011,71116,48124,67.67,40424,7700,17779,18667,34670,Uncovered Well,Census2011_HL11,2011
Kangpokpi,Manipur,2011,460584,283811,61.62,99333,184478,184233,151993,124358,Hand Pump / Tube Well,Census2011_HL11,2011
East Khasi Hills,Meghalaya,2011,929139,634044,68.24,386766,247278,297324,334861,296954,Covered Well,Census2011_HL11,2011
West Khasi Hills,Meghalaya,2011,149700,89116,59.53,63272,25844,92814,17634,39252,Spring,Census2011_HL11,2011
South West Khasi Hills,Meghalaya,2011,772488,493079,63.83,256401,236678,154497,315175,302816,Hand Pump / Tube Well,Census2011_HL11,2011
Ri Bhoi,Meghalaya,2011,227533,159841,70.25,95904,63937,81911,72811,72811,Covered Well,Census2011_HL11,2011
East Jaintia Hills,Meghalaya,2011,259475,158072,60.92,90101,67971,124548,70162,64765,Spring,Census2011_HL11,2011
West Jaintia Hills,Meghalaya,2011,94597,47563,50.28,17122,30441,52028,17453,25116,Tap Water (Treated),Census2011_HL11,2011
East Garo Hills,Meghalaya,2011,43225,22710,52.54,16124,6586,12103,13382,17740,Tap Water (Treated),Census2011_HL11,2011
West Garo Hills,Meghalaya,2011,149133,73209,49.09,38800,34409,43248,57177,48708,Uncovered Well,Census2011_HL11,2011
South Garo Hills,Meghalaya,2011,247593,128550,51.92,100269,28281,101513,43824,102256,Tap Water (Treated),Census2011_HL11,2011
Eastern West Khasi Hills,Meghalaya,2011,260739,156938,60.19,72191,84747,172087,44326,44326,Hand Pump / Tube Well,Census2011_HL11,2011
North Garo Hills,Meghalaya,2011,970070,553230,57.03,437051,116179,465633,176552,327885,Covered Well,Census2011_HL11,2011
Aizawl,Mizoram,2011,362080,244947,67.65,100428,144519,184660,90484,86936,Hand Pump / Tube Well,Census2011_HL11,2011
Lunglei,Mizoram,2011,384572,268931,69.93,150601,118330,119217,106142,159213,Spring,Census2011_HL11,2011
Champhai,Mizoram,2011,114725,83932,73.16,64627,19305,30975,38525,45225,Uncovered Well,Census2011_HL11,2011
Kolasib,Mizoram,2011,219047,116686,53.27,61843,54843,61333,50468,107246,Tap Water (Treated),Census2011_HL11,2011
Mamit,Mizoram,2011,285817,176434,61.73,70573,105861,157199,59164,69454,Covered Well,Census2011_HL11,2011
Serchhip,Mizoram,2011,231133,128625,55.65,82320,46305,115566,36981,78586,Spring,Census2011_HL11,2011
Lawngtlai,Mizoram,2011,124513,85490,68.66,35905,49585,63501,35386,25626,Covered Well,Census2011_HL11,2011
Siaha,Mizoram,2011,28145,17157,60.96,13725,3432,11539,8635,7971,Covered Well,Census2011_HL11,2011
Khawzawl,Mizoram,2011,23674,16687,70.49,8677,8010,7812,7296,8566,Spring,Census2011_HL11,2011
Hnahthial,Mizoram,2011,127130,74587,58.67,46989,27598,31782,34325,61023,Tap Water (Untreated),Census2011_HL11,2011
Saitual,Mizoram,2011,239563,144600,60.36,52056,92544,143737,45996,49830,Uncovered Well,Census2011_HL11,2011
Kohima,Nagaland,2011,140353,76127,54.24,54811,21316,70176,26667,43510,Spring,Census2011_HL11,2011
Dimapur,Nagaland,2011,801057,555933,69.4,372475,183458,352465,157007,291585,Tap Water (Untreated),Census2011_HL11,2011
Mokokchung,Nagaland,2011,102440,74463,72.69,26062,48401,61464,13931,27045,Tap Water (Untreated),Census2011_HL11,2011
Wokha,Nagaland,2011,321707,187587,58.31,56276,131311,77209,144253,100245,Tap Water (Untreated),Census2011_HL11,2011
Zunheboto,Nagaland,2011,444402,263663,59.33,142378,121285,235533,83547,125322,Hand Pump / Tube Well,Census2011_HL11,2011
Tuensang,Nagaland,2011,159552,105751,66.28,45472,60279,63820,50737,44995,Spring,Census2011_HL11,2011
Mon,Nagaland,2011,534315,311452,58.29,146382,165070,245784,132724,155807,Hand Pump / Tube Well,Census2011_HL11,2011
Phek,Nagaland,2011,21250,14573,68.58,12095,2478,14237,3857,3156,Spring,Census2011_HL11,2011
Kiphire,Nagaland,2011,191884,94023,49.0,50772,43251,80591,56759,54534,Covered Well,Census2011_HL11,2011
Longleng,Nagaland,2011,23788,15269,64.19,9314,5955,9990,5519,8279,Tap Water (Treated),Census2011_HL11,2011
Peren,Nagaland,2011,312297,216265,69.25,166524,49741,184255,51216,76826,Uncovered Well,Census2011_HL11,2011
Tseminyu,Nagaland,2011,274482,139958,50.99,85374,54584,192137,47760,34585,Uncovered Well,Census2011_HL11,2011
Shamator,Nagaland,2011,125842,69817,55.48,56551,13266,88089,13591,24162,Covered Well,Census2011_HL11,2011
Noklak,Nagaland,2011,552582,330057,59.73,99017,231040,198929,116705,236948,Covered Well,Census2011_HL11,2011
Khordha,Odisha,2011,114291,80735,70.64,46826,33909,24001,34310,55980,Spring,Census2011_HL11,2011
Cuttack,Odisha,2011,609870,321401,52.7,179984,141417,134171,242606,233093,Covered Well,Census2011_HL11,2011
Puri,Odisha,2011,598454,315265,52.68,104037,211228,293242,94615,210597,Spring,Census2011_HL11,2011
Jagatsinghpur,Odisha,2011,78236,55524,70.97,47195,8329,40682,16899,20655,Uncovered Well,Census2011_HL11,2011
Kendrapara,Odisha,2011,61593,40651,66.0,26829,13822,28948,10772,21873,Covered Well,Census2011_HL11,2011
Bhadrak,Odisha,2011,2233579,1023202,45.81,808329,214873,625402,836252,771925,Tap Water (Untreated),Census2011_HL11,2011
Balasore,Odisha,2011,293920,139082,47.32,105702,33380,76419,93525,123976,Spring,Census2011_HL11,2011
Mayurbhanj,Odisha,2011,693707,324308,46.75,113507,210801,326042,220599,147066,Tap Water (Untreated),Census2011_HL11,2011
Keonjhar,Odisha,2011,291216,184456,63.34,130963,53493,107749,91733,91734,Covered Well,Census2011_HL11,2011
Dhenkanal,Odisha,2011,306961,215302,70.14,83967,131335,211803,49482,45676,Covered Well,Census2011_HL11,2011
Angul,Odisha,2011,261354,155401,59.46,127428,27973,104541,86247,70566,Spring,Census2011_HL11,2011
Jajpur,Odisha,2011,1184883,553577,46.72,226966,326611,687232,169201,328450,Covered Well,Census2011_HL11,2011
Nayagarh,Odisha,2011,390582,184940,47.35,99867,85073,132797,92802,164983,Hand Pump / Tube Well,Census2011_HL11,2011
Ganjam,Odisha,2011,1327481,749495,56.46,487171,262324,823038,292576,211867,Covered Well,Census2011_HL11,2011
Gajapati,Odisha,2011,1078490,568040,52.67,278339,289701,399041,319341,360108,Spring,Census2011_HL11,2011
Kandhamal,Odisha,2011,1015051,481235,47.41,389800,91435,243612,447434,324005,Tap Water (Untreated),Census2011_HL11,2011
Boudh,Odisha,2011,199753,130698,65.43,52279,78419,99876,58927,40950,Tap Water (Untreated),Census2011_HL11,2011
Bolangir,Odisha,2011,373563,250586,67.08,105246,145340,145689,72919,154955,Spring,Census2011_HL11,2011
Sonepur,Odisha,2011,882761,630379,71.41,296278,334101,476690,235521,170550,Tap Water (Untreated),Census2011_HL11,2011
Nuapada,Odisha,2011,657990,433812,65.93,308006,125806,236876,172656,248458,Covered Well,Census2011_HL11,2011
Bargarh,Odisha,2011,488370,244087,49.98,92753,151334,175813,115646,196911,Tap Water (Untreated),Census2011_HL11,2011
Sambalpur,Odisha,2011,424918,223676,52.64,91707,131969,293193,50055,81670,Uncovered Well,Census2011_HL11,2011
Jharsuguda,Odisha,2011,112828,59133,52.41,33705,25428,55285,23017,34526,Spring,Census2011_HL11,2011
Sundargarh,Odisha,2011,769278,458874,59.65,348744,110130,415410,123853,230015,Hand Pump / Tube Well,Census2011_HL11,2011
Deogarh,Odisha,2011,1231918,687410,55.8,412446,274964,381894,433512,416512,Covered Well,Census2011_HL11,2011
Rayagada,Odisha,2011,127776,80613,63.09,54816,25797,43443,33733,50600,Hand Pump / Tube Well,Census2011_HL11,2011
Koraput,Odisha,2011,1206110,729093,60.45,517656,211437,398016,363642,444452,Tap Water (Untreated),Census2011_HL11,2011
Nabarangpur,Odisha,2011,2551160,1332470,52.23,746183,586287,561255,656668,1333237,Spring,Census2011_HL11,2011
Malkangiri,Odisha,2011,730109,457559,62.67,256233,201326,313946,166465,249698,Hand Pump / Tube Well,Census2011_HL11,2011
Kalahandi,Odisha,2011,346261,192451,55.58,119319,73132,76177,137742,132342,Spring,Census2011_HL11,2011
Amritsar,Punjab,2011,2346996,1831830,78.05,1465464,366366,657158,743528,946310,Covered Well,Census2011_HL11,2011
Gurdaspur,Punjab,2011,1510570,1301204,86.14,468433,832771,996976,200301,313293,Uncovered Well,Census2011_HL11,2011
Pathankot,Punjab,2011,186396,155286,83.31,110253,45033,78286,51892,56218,Hand Pump / Tube Well,Census2011_HL11,2011
Hoshiarpur,Punjab,2011,2524285,2123680,84.13,1146787,976893,1009714,833014,681557,Covered Well,Census2011_HL11,2011
Nawanshahr,Punjab,2011,3648479,3219782,88.25,2028462,1191320,1605330,858122,1185027,Tap Water (Treated),Census2011_HL11,2011
Rupnagar,Punjab,2011,4156121,3955795,95.18,3085520,870275,2410550,994975,750596,Hand Pump / Tube Well,Census2011_HL11,2011
Mohali,Punjab,2011,1109473,787947,71.02,417611,370336,366126,349373,393974,Hand Pump / Tube Well,Census2011_HL11,2011
Ludhiana,Punjab,2011,1999931,1375952,68.8,798052,577900,1319954,387586,292391,Spring,Census2011_HL11,2011
Firozpur,Punjab,2011,307199,289995,94.4,118897,171098,211967,50472,44760,Tap Water (Untreated),Census2011_HL11,2011
Fazilka,Punjab,2011,554023,479673,86.58,350161,129512,127425,140777,285821,Tap Water (Untreated),Census2011_HL11,2011
Moga,Punjab,2011,2543891,2300695,90.44,1265382,1035313,712289,549480,1282122,Tap Water (Untreated),Census2011_HL11,2011
Jalandhar,Punjab,2011,173187,127482,73.61,49717,77765,60615,40525,72047,Tap Water (Untreated),Census2011_HL11,2011
Kapurthala,Punjab,2011,684644,549221,80.22,384454,164767,191700,231683,261261,Covered Well,Census2011_HL11,2011
Fatehgarh Sahib,Punjab,2011,573224,390594,68.14,152331,238263,143306,197762,232156,Uncovered Well,Census2011_HL11,2011
Patiala,Punjab,2011,1729092,1514165,87.57,1211332,302833,916418,446970,365704,Spring,Census2011_HL11,2011
Sangrur,Punjab,2011,1592878,1191472,74.8,953177,238295,621222,388662,582994,Tap Water (Untreated),Census2011_HL11,2011
Malerkotla,Punjab,2011,1271025,1006651,79.2,483192,523459,432148,419438,419439,Uncovered Well,Census2011_HL11,2011
Barnala,Punjab,2011,275830,233655,84.71,137856,95799,102057,86886,86887,Hand Pump / Tube Well,Census2011_HL11,2011
Bathinda,Punjab,2011,662588,455529,68.75,359867,95662,192150,174062,296376,Covered Well,Census2011_HL11,2011
Mansa,Punjab,2011,729611,565594,77.52,424195,141399,372101,189480,168030,Tap Water (Treated),Census2011_HL11,2011
Muktsar,Punjab,2011,1639517,1411296,86.08,536292,875004,475459,419060,744998,Uncovered Well,Census2011_HL11,2011
Faridkot,Punjab,2011,962525,679542,70.6,346566,332976,279132,239187,444206,Covered Well,Census2011_HL11,2011
Tarn Taran,Punjab,2011,1788592,1409947,78.83,1057460,352487,393490,823110,571992,Uncovered Well,Census2011_HL11,2011
Jaipur,Rajasthan,2011,1164522,547674,47.03,284790,262884,535680,207517,421325,Tap Water (Treated),Census2011_HL11,2011
Ajmer,Rajasthan,2011,13841,7155,51.7,5008,2147,7335,2732,3774,Tap Water (Treated),Census2011_HL11,2011
Alwar,Rajasthan,2011,406520,189031,46.5,69941,119090,182934,114028,109558,Tap Water (Treated),Census2011_HL11,2011
Bharatpur,Rajasthan,2011,460030,255822,55.61,212332,43490,184012,146289,129729,Covered Well,Census2011_HL11,2011
Dhaulpur,Rajasthan,2011,64778,34915,53.9,24789,10126,16842,25885,22051,Uncovered Well,Census2011_HL11,2011
Karauli,Rajasthan,2011,283173,158746,56.06,115884,42862,158576,68528,56069,Covered Well,Census2011_HL11,2011
Sawai Madhopur,Rajasthan,2011,393654,177656,45.13,71062,106594,161398,123095,109161,Spring,Census2011_HL11,2011
Tonk,Rajasthan,2011,881044,389773,44.24,116931,272842,590299,148279,142466,Covered Well,Census2011_HL11,2011
Bundi,Rajasthan,2011,248456,118091,47.53,88568,29523,139135,48101,61220,Tap Water (Treated),Census2011_HL11,2011
Kota,Rajasthan,2011,171058,94099,55.01,30111,63988,107766,27848,35444,Tap Water (Treated),Census2011_HL11,2011
Baran,Rajasthan,2011,1136712,760460,66.9,517112,243348,375114,304639,456959,Covered Well,Census2011_HL11,2011
Jhalawar,Rajasthan,2011,501958,318592,63.47,98763,219829,165646,131161,205151,Uncovered Well,Census2011_HL11,2011
Jhunjhunu,Rajasthan,2011,1272479,540676,42.49,259524,281152,661689,293179,317611,Covered Well,Census2011_HL11,2011
Sikar,Rajasthan,2011,1138396,711383,62.49,419715,291668,455358,239063,443975,Hand Pump / Tube Well,Census2011_HL11,2011
Nagaur,Rajasthan,2011,162834,72705,44.65,50893,21812,84673,33609,44552,Covered Well,Census2011_HL11,2011
Jodhpur,Rajasthan,2011,425950,220088,51.67,121048,99040,217234,121055,87661,Spring,Census2011_HL11,2011
Barmer,Rajasthan,2011,231131,150165,64.97,91600,58565,50848,72113,108170,Tap Water (Treated),Census2011_HL11,2011
Jaisalmer,Rajasthan,2011,865914,399272,46.11,335388,63884,450275,232757,182882,Uncovered Well,Census2011_HL11,2011
Bikaner,Rajasthan,2011,90087,50764,56.35,35534,15230,33332,27809,28946,Covered Well,Census2011_HL11,2011
Churu,Rajasthan,2011,146133,78663,53.83,24385,54278,99370,17769,28994,Spring,Census2011_HL11,2011
Ganganagar,Rajasthan,2011,73482,46146,62.8,15689,30457,48498,14740,10244,Tap Water (Untreated),Census2011_HL11,2011
Hanumangarh,Rajasthan,2011,102218,59276,57.99,50384,8892,52131,23040,27047,Tap Water (Untreated),Census2011_HL11,2011
Pali,Rajasthan,2011,338423,207927,61.44,68615,139312,165827,62134,110462,Uncovered Well,Census2011_HL11,2011
Jalore,Rajasthan,2011,1023877,508764,49.69,345959,162805,296924,327128,399825,Tap Water (Treated),Census2011_HL11,2011
Sirohi,Rajasthan,2011,587417,346164,58.93,276931,69233,317205,102680,167532,Uncovered Well,Census2011_HL11,2011
Udaipur,Rajasthan,2011,160564,76749,47.8,56026,20723,85098,28677,46789,Uncovered Well,Census2011_HL11,2011
Banswara,Rajasthan,2011,228880,134512,58.77,112990,21522,82396,54199,92285,Tap Water (Treated),Census2011_HL11,2011
Dungarpur,Rajasthan,2011,441348,272973,61.85,114648,158325,225087,112455,103806,Hand Pump / Tube Well,Census2011_HL11,2011
Pratapgarh,Rajasthan,2011,996155,649094,65.16,402438,246656,518000,191262,286893,Uncovered Well,Census2011_HL11,2011
Rajsamand,Rajasthan,2011,458123,253433,55.32,154594,98839,169505,115447,173171,Uncovered Well,Census2011_HL11,2011
Bhilwara,Rajasthan,2011,16038,7417,46.25,5711,1706,7217,4057,4764,Tap Water (Untreated),Census2011_HL11,2011
Chittorgarh,Rajasthan,2011,614912,374112,60.84,164609,209503,135280,268593,211039,Tap Water (Treated),Census2011_HL11,2011
Dausa,Rajasthan,2011,662998,395677,59.68,241362,154315,245309,150368,267321,Hand Pump / Tube Well,Census2011_HL11,2011
East Sikkim,Sikkim,2011,583482,422090,72.34,194161,227929,210053,186714,186715,Tap Water (Treated),Census2011_HL11,2011
West Sikkim,Sikkim,2011,176395,117073,66.37,72585,44488,89961,40623,45811,Uncovered Well,Census2011_HL11,2011
North Sikkim,Sikkim,2011,41227,37054,89.88,11486,25568,28446,6007,6774,Uncovered Well,Census2011_HL11,2011
South Sikkim,Sikkim,2011,323859,290533,89.71,148171,142362,152213,70374,101272,Tap Water (Treated),Census2011_HL11,2011
Pakyong,Sikkim,2011,232403,150411,64.72,63172,87239,162682,32768,36953,Tap Water (Untreated),Census2011_HL11,2011
Soreng,Sikkim,2011,94733,81678,86.22,58808,22870,65365,17327,12041,Hand Pump / Tube Well,Census2011_HL11,2011
Chennai,Tamil Nadu,2011,1816769,1297899,71.44,921508,376391,744875,514509,557385,Covered Well,Census2011_HL11,2011
Tiruvallur,Tamil Nadu,2011,1954647,1594405,81.57,1036363,558042,1035962,468529,450156,Spring,Census2011_HL11,2011
Kancheepuram,Tamil Nadu,2011,2254820,1833845,81.33,861907,971938,1059765,501923,693132,Uncovered Well,Census2011_HL11,2011
Chengalpattu,Tamil Nadu,2011,3239740,2392871,73.86,1340007,1052864,1976241,543304,720195,Tap Water (Untreated),Census2011_HL11,2011
Vellore,Tamil Nadu,2011,3655428,2602664,71.2,780799,1821865,2229811,755577,670040,Spring,Census2011_HL11,2011
Ranipet,Tamil Nadu,2011,740627,480074,64.82,384059,96015,288844,225891,225892,Uncovered Well,Census2011_HL11,2011
Tirupattur,Tamil Nadu,2011,651141,465500,71.49,302575,162925,332081,108480,210580,Hand Pump / Tube Well,Census2011_HL11,2011
Krishnagiri,Tamil Nadu,2011,1037360,768580,74.09,261317,507263,508306,222202,306852,Tap Water (Treated),Census2011_HL11,2011
Dharmapuri,Tamil Nadu,2011,1479122,1022073,69.1,449712,572361,709978,338423,430721,Tap Water (Treated),Census2011_HL11,2011
Salem,Tamil Nadu,2011,1523978,1320526,86.65,409363,911163,761989,411474,350515,Uncovered Well,Census2011_HL11,2011
Namakkal,Tamil Nadu,2011,1461858,1103118,75.46,849400,253718,920970,189310,351578,Covered Well,Census2011_HL11,2011
Erode,Tamil Nadu,2011,1341852,1076836,80.25,463039,613797,590414,383233,368205,Tap Water (Untreated),Census2011_HL11,2011
Tiruppur,Tamil Nadu,2011,1096385,756944,69.04,348194,408750,712650,138144,245591,Uncovered Well,Census2011_HL11,2011
Coimbatore,Tamil Nadu,2011,246650,179709,72.86,122202,57507,103593,52931,90126,Tap Water (Untreated),Census2011_HL11,2011
Nilgiris,Tamil Nadu,2011,1493392,1302835,87.24,755644,547191,388281,530453,574658,Covered Well,Census2011_HL11,2011
Theni,Tamil Nadu,2011,460652,388882,84.42,311105,77777,147408,162886,150358,Tap Water (Treated),Census2011_HL11,2011
Dindigul,Tamil Nadu,2011,1041067,626618,60.19,200517,426101,562176,268178,210713,Uncovered Well,Census2011_HL11,2011
Madurai,Tamil Nadu,2011,3232758,2720042,84.14,924814,1795228,1325430,724784,1182544,Spring,Census2011_HL11,2011
Sivaganga,Tamil Nadu,2011,1871076,1404242,75.05,968926,435316,935538,561322,374216,Spring,Census2011_HL11,2011
Virudhunagar,Tamil Nadu,2011,1105770,670760,60.66,375625,295135,619231,189750,296789,Uncovered Well,Census2011_HL11,2011
Ramanathapuram,Tamil Nadu,2011,995817,828420,83.19,579894,248526,219079,326229,450509,Hand Pump / Tube Well,Census2011_HL11,2011
Thoothukudi,Tamil Nadu,2011,2929687,2274023,77.62,1227972,1046051,1728515,396386,804786,Covered Well,Census2011_HL11,2011
Tirunelveli,Tamil Nadu,2011,1563219,1269646,81.22,787180,482466,937931,325149,300139,Covered Well,Census2011_HL11,2011
Tenkasi,Tamil Nadu,2011,569222,407335,71.56,199594,207741,375686,104509,89027,Tap Water (Untreated),Census2011_HL11,2011
Kanyakumari,Tamil Nadu,2011,1875505,1264277,67.41,606852,657425,1031527,371350,472628,Spring,Census2011_HL11,2011
Thanjavur,Tamil Nadu,2011,240818,177627,73.76,76379,101248,79469,62926,98423,Uncovered Well,Census2011_HL11,2011
Tiruvarur,Tamil Nadu,2011,483682,334998,69.26,184248,150750,159615,123145,200922,Tap Water (Treated),Census2011_HL11,2011
Nagapattinam,Tamil Nadu,2011,1397429,1136389,81.32,431827,704562,475125,341252,581052,Covered Well,Census2011_HL11,2011
Mayiladuthurai,Tamil Nadu,2011,3182635,2411800,75.78,1664141,747659,1113922,1055043,1013670,Hand Pump / Tube Well,Census2011_HL11,2011
Ariyalur,Tamil Nadu,2011,2256315,1754284,77.75,982399,771885,947652,510378,798285,Spring,Census2011_HL11,2011
Perambalur,Tamil Nadu,2011,2163482,1785954,82.55,660802,1125152,1081741,605774,475967,Covered Well,Census2011_HL11,2011
Tiruchirappalli,Tamil Nadu,2011,1979657,1540767,77.83,493045,1047722,613693,532725,833239,Hand Pump / Tube Well,Census2011_HL11,2011
Karur,Tamil Nadu,2011,855062,515944,60.34,257972,257972,384777,263359,206926,Hand Pump / Tube Well,Census2011_HL11,2011
Pudukkottai,Tamil Nadu,2011,1025881,732068,71.36,468523,263545,297505,291350,437026,Tap Water (Untreated),Census2011_HL11,2011
Cuddalore,Tamil Nadu,2011,2879078,2200767,76.44,1276444,924323,1324375,637428,917275,Uncovered Well,Census2011_HL11,2011
Kallakurichi,Tamil Nadu,2011,635747,496836,78.15,387532,109304,279728,160208,195811,Uncovered Well,Census2011_HL11,2011
Villupuram,Tamil Nadu,2011,674689,407512,60.4,334159,73353,249634,165771,259284,Tap Water (Untreated),Census2011_HL11,2011
Hyderabad,Telangana,2011,376656,222980,59.2,140477,82503,210927,56347,109382,Tap Water (Untreated),Census2011_HL11,2011
Rangareddy,Telangana,2011,1220574,793128,64.98,436220,356908,805578,236547,178449,Spring,Census2011_HL11,2011
Medchal-Malkajgiri,Telangana,2011,2014272,1584829,78.68,1156925,427904,926565,402451,685256,Tap Water (Untreated),Census2011_HL11,2011
Sangareddy,Telangana,2011,120487,78533,65.18,25130,53403,61448,34833,24206,Hand Pump / Tube Well,Census2011_HL11,2011
Vikarabad,Telangana,2011,386337,219748,56.88,131848,87900,181578,106474,98285,Tap Water (Treated),Census2011_HL11,2011
Medak,Telangana,2011,989522,813090,82.17,268319,544771,474970,190384,324168,Covered Well,Census2011_HL11,2011
Siddipet,Telangana,2011,154804,119694,77.32,47877,71817,103718,28608,22478,Tap Water (Untreated),Census2011_HL11,2011
Nizamabad,Telangana,2011,145004,107752,74.31,59263,48489,31900,54289,58815,Hand Pump / Tube Well,Census2011_HL11,2011
Kamareddy,Telangana,2011,367316,230564,62.77,163700,66864,209370,91608,66338,Tap Water (Untreated),Census2011_HL11,2011
Jagtial,Telangana,2011,1514200,1054337,69.63,347931,706406,469402,501503,543295,Hand Pump / Tube Well,Census2011_HL11,2011
Rajanna Sircilla,Telangana,2011,653326,446613,68.36,156314,290299,418128,75263,159935,Spring,Census2011_HL11,2011
Karimnagar,Telangana,2011,1043319,595213,57.05,333319,261894,438193,266255,338871,Tap Water (Treated),Census2011_HL11,2011
Peddapalli,Telangana,2011,33598,23582,70.19,9904,13678,14783,8843,9972,Hand Pump / Tube Well,Census2011_HL11,2011
Jayashankar Bhupalpally,Telangana,2011,738292,494877,67.03,395901,98976,413443,139685,185164,Spring,Census2011_HL11,2011
Mulugu,Telangana,2011,766716,463479,60.45,342974,120505,391025,165304,210387,Tap Water (Treated),Census2011_HL11,2011
Bhadradri Kothagudem,Telangana,2011,545934,338752,62.05,176151,162601,185617,176555,183762,Covered Well,Census2011_HL11,2011
Khammam,Telangana,2011,576463,398912,69.2,231368,167544,391994,71942,112527,Hand Pump / Tube Well,Census2011_HL11,2011
Nalgonda,Telangana,2011,279728,173347,61.97,78006,95341,134269,56729,88730,Uncovered Well,Census2011_HL11,2011
Suryapet,Telangana,2011,1438273,835924,58.12,601865,234059,417099,306352,714822,Hand Pump / Tube Well,Census2011_HL11,2011
Yadadri Bhuvanagiri,Telangana,2011,612708,417683,68.17,162896,254787,140922,202867,268919,Covered Well,Census2011_HL11,2011
Narayanpet,Telangana,2011,803830,463407,57.65,356823,106584,297417,258270,248143,Tap Water (Untreated),Census2011_HL11,2011
Jogulamba Gadwal,Telangana,2011,190245,114946,60.42,41380,73566,60878,50453,78914,Covered Well,Census2011_HL11,2011
Wanaparthy,Telangana,2011,1141379,730026,63.96,430715,299311,285344,333853,522182,Hand Pump / Tube Well,Census2011_HL11,2011
Mahabubnagar,Telangana,2011,436339,265686,60.89,178009,87677,157082,100532,178725,Uncovered Well,Census2011_HL11,2011
Nagarkurnool,Telangana,2011,2393323,1842858,77.0,1419000,423858,1220594,410455,762274,Hand Pump / Tube Well,Census2011_HL11,2011
Nandyal,Telangana,2011,99557,82104,82.47,54188,27916,58738,21634,19185,Covered Well,Census2011_HL11,2011
West Tripura,Tripura,2011,53827,34664,64.4,15252,19412,36064,9769,7994,Covered Well,Census2011_HL11,2011
Sipahijala,Tripura,2011,288069,178775,62.06,85812,92963,109466,92873,85730,Uncovered Well,Census2011_HL11,2011
Khowai,Tripura,2011,1661067,1106602,66.62,675027,431575,963418,209294,488355,Uncovered Well,Census2011_HL11,2011
Gomati,Tripura,2011,620553,369539,59.55,192160,177379,322687,101274,196592,Uncovered Well,Census2011_HL11,2011
Unakoti,Tripura,2011,1328933,1056235,79.48,327432,728803,730913,215287,382733,Spring,Census2011_HL11,2011
North Tripura,Tripura,2011,464005,302392,65.17,229817,72575,97441,157622,208942,Uncovered Well,Census2011_HL11,2011
Dhalai,Tripura,2011,558060,374569,67.12,228487,146082,167418,140631,250011,Hand Pump / Tube Well,Census2011_HL11,2011
South Tripura,Tripura,2011,173806,122220,70.32,54999,67221,41713,46232,85861,Spring,Census2011_HL11,2011
Lucknow,Uttar Pradesh,2011,2949475,1723378,58.43,1206364,517014,1268274,991908,689293,Tap Water (Treated),Census2011_HL11,2011
Agra,Uttar Pradesh,2011,995213,665498,66.87,339403,326095,676744,162419,156050,Tap Water (Untreated),Census2011_HL11,2011
Mathura,Uttar Pradesh,2011,2717753,1436060,52.84,904717,531343,1059923,547083,1110747,Spring,Census2011_HL11,2011
Aligarh,Uttar Pradesh,2011,827653,451898,54.6,271138,180760,347614,187215,292824,Uncovered Well,Census2011_HL11,2011
Etah,Uttar Pradesh,2011,3826530,1865816,48.76,1324729,541087,1377550,1297959,1151021,Uncovered Well,Census2011_HL11,2011
Hathras,Uttar Pradesh,2011,940274,640138,68.08,499307,140831,460734,225383,254157,Hand Pump / Tube Well,Census2011_HL11,2011
Firozabad,Uttar Pradesh,2011,809694,384280,47.46,165240,219040,396750,218860,194084,Covered Well,Census2011_HL11,2011
Mainpuri,Uttar Pradesh,2011,938143,568420,60.59,426315,142105,506597,146725,284821,Tap Water (Treated),Census2011_HL11,2011
Kannauj,Uttar Pradesh,2011,1365234,947199,69.38,644095,303104,778183,346360,240691,Covered Well,Census2011_HL11,2011
Farrukhabad,Uttar Pradesh,2011,3759398,2644360,70.34,1454398,1189962,2406014,487218,866166,Uncovered Well,Census2011_HL11,2011
Kanpur Nagar,Uttar Pradesh,2011,1788228,918791,51.38,459395,459396,536468,738538,513222,Covered Well,Census2011_HL11,2011
Kanpur Dehat,Uttar Pradesh,2011,4213483,2197331,52.15,1560105,637226,884831,1131741,2196911,Uncovered Well,Census2011_HL11,2011
Etawah,Uttar Pradesh,2011,1154752,657862,56.97,486817,171045,692851,254045,207856,Tap Water (Treated),Census2011_HL11,2011
Auraiya,Uttar Pradesh,2011,3423003,2415270,70.56,1400856,1014414,718830,1162794,1541379,Tap Water (Treated),Census2011_HL11,2011
Jalaun,Uttar Pradesh,2011,955596,686786,71.87,535693,151093,344014,281327,330255,Covered Well,Census2011_HL11,2011
Hamirpur,Uttar Pradesh,2011,771841,471517,61.09,306486,165031,439949,155989,175903,Hand Pump / Tube Well,Census2011_HL11,2011
Mahoba,Uttar Pradesh,2011,2851711,1906653,66.86,1124925,781728,1711026,627376,513309,Tap Water (Treated),Census2011_HL11,2011
Banda,Uttar Pradesh,2011,1442484,880924,61.07,493317,387607,764516,244068,433900,Tap Water (Treated),Census2011_HL11,2011
Chitrakoot,Uttar Pradesh,2011,462206,307274,66.48,165927,141347,157150,134224,170832,Spring,Census2011_HL11,2011
Fatehpur,Uttar Pradesh,2011,2165004,1066480,49.26,511910,554570,627851,722461,814692,Uncovered Well,Census2011_HL11,2011
Allahabad,Uttar Pradesh,2011,3606782,2156134,59.78,1466171,689963,2200137,604857,801788,Tap Water (Treated),Census2011_HL11,2011
Kaushambi,Uttar Pradesh,2011,2442381,1373595,56.24,631853,741742,1245614,502642,694125,Tap Water (Treated),Census2011_HL11,2011
Pratapgarh,Uttar Pradesh,2011,1541197,790788,51.31,419117,371671,508595,382062,650540,Spring,Census2011_HL11,2011
Rae Bareli,Uttar Pradesh,2011,1967629,1308473,66.5,771999,536474,1042843,332922,591864,Hand Pump / Tube Well,Census2011_HL11,2011
Amethi,Uttar Pradesh,2011,3246753,2302272,70.91,1818794,483478,1818181,671428,757144,Tap Water (Untreated),Census2011_HL11,2011
Sultanpur,Uttar Pradesh,2011,2872068,1913946,66.64,784717,1129229,832899,632142,1407027,Hand Pump / Tube Well,Census2011_HL11,2011
Ambedkar Nagar,Uttar Pradesh,2011,2179715,1557406,71.45,498369,1059037,566725,645196,967794,Tap Water (Treated),Census2011_HL11,2011
Faizabad,Uttar Pradesh,2011,1829659,991126,54.17,465829,525297,585490,447900,796269,Covered Well,Census2011_HL11,2011
Barabanki,Uttar Pradesh,2011,2156032,1068745,49.57,908433,160312,689930,850339,615763,Covered Well,Census2011_HL11,2011
Gonda,Uttar Pradesh,2011,734617,336160,45.76,262204,73956,492193,82424,160000,Uncovered Well,Census2011_HL11,2011
Balrampur,Uttar Pradesh,2011,3112033,1422510,45.71,1109557,312953,1960580,414523,736930,Tap Water (Treated),Census2011_HL11,2011
Shravasti,Uttar Pradesh,2011,1985037,1141594,57.51,593628,547966,595511,569705,819821,Tap Water (Treated),Census2011_HL11,2011
Bahraich,Uttar Pradesh,2011,620844,295521,47.6,118208,177313,409757,109765,101322,Tap Water (Treated),Census2011_HL11,2011
Lakhimpur Kheri,Uttar Pradesh,2011,187268,92810,49.56,38980,53830,125469,32135,29664,Covered Well,Census2011_HL11,2011
Sitapur,Uttar Pradesh,2011,1542482,1017883,65.99,478405,539478,462744,647842,431896,Hand Pump / Tube Well,Census2011_HL11,2011
Hardoi,Uttar Pradesh,2011,414128,228101,55.08,100364,127737,107673,134840,171615,Tap Water (Treated),Census2011_HL11,2011
Unnao,Uttar Pradesh,2011,895518,498266,55.64,264080,234186,608952,94566,192000,Covered Well,Census2011_HL11,2011
Lucknow,Uttar Pradesh,2011,2949475,2108284,71.48,1602295,505989,1238779,940882,769814,Covered Well,Census2011_HL11,2011
Barabanki,Uttar Pradesh,2011,2156032,1108631,51.42,764955,343676,1142696,547201,466135,Uncovered Well,Census2011_HL11,2011
Bara Banki,Uttar Pradesh,2011,3073770,1396721,45.44,1159278,237443,1721311,770901,581558,Tap Water (Treated),Census2011_HL11,2011
Varanasi,Uttar Pradesh,2011,3562945,1743705,48.94,767230,976475,1710213,629928,1222804,Tap Water (Untreated),Census2011_HL11,2011
Chandauli,Uttar Pradesh,2011,1102953,539674,48.93,302217,237457,242649,412945,447359,Tap Water (Untreated),Census2011_HL11,2011
Jaunpur,Uttar Pradesh,2011,171809,118994,69.26,78536,40458,67005,44017,60787,Tap Water (Untreated),Census2011_HL11,2011
Ghazipur,Uttar Pradesh,2011,1183769,671670,56.74,268668,403002,544533,223732,415504,Spring,Census2011_HL11,2011
Azamgarh,Uttar Pradesh,2011,1564285,783550,50.09,611169,172381,391071,410624,762590,Uncovered Well,Census2011_HL11,2011
Mau,Uttar Pradesh,2011,279464,141716,50.71,73692,68024,108990,93760,76714,Hand Pump / Tube Well,Census2011_HL11,2011
Ballia,Uttar Pradesh,2011,2412029,1302254,53.99,950645,351609,892450,866160,653419,Tap Water (Treated),Census2011_HL11,2011
Deoria,Uttar Pradesh,2011,1773083,1162787,65.58,441859,720928,709233,489371,574479,Hand Pump / Tube Well,Census2011_HL11,2011
Kushinagar,Uttar Pradesh,2011,2136383,1393562,65.23,543489,850073,534095,640915,961373,Tap Water (Untreated),Census2011_HL11,2011
Gorakhpur,Uttar Pradesh,2011,2429952,1156171,47.58,971183,184988,631787,791192,1006973,Uncovered Well,Census2011_HL11,2011
Sant Kabir Nagar,Uttar Pradesh,2011,2344133,1616748,68.97,970048,646700,632915,821384,889834,Spring,Census2011_HL11,2011
Basti,Uttar Pradesh,2011,3865979,1740463,45.02,974659,765804,2512886,514175,838918,Covered Well,Census2011_HL11,2011
Siddharth Nagar,Uttar Pradesh,2011,2788104,1767100,63.38,883550,883550,1421933,696747,669424,Uncovered Well,Census2011_HL11,2011
Maharajganj,Uttar Pradesh,2011,705544,414859,58.8,315292,99567,345716,122341,237487,Hand Pump / Tube Well,Census2011_HL11,2011
Ghaziabad,Uttar Pradesh,2011,3585359,1743560,48.63,1429719,313841,1111461,791647,1682251,Tap Water (Treated),Census2011_HL11,2011
Hapur,Uttar Pradesh,2011,1622671,1056034,65.08,485775,570259,827562,294190,500919,Covered Well,Census2011_HL11,2011
Bulandshahr,Uttar Pradesh,2011,375425,188350,50.17,124311,64039,135153,141760,98512,Spring,Census2011_HL11,2011
Meerut,Uttar Pradesh,2011,574001,353240,61.54,204879,148361,396060,67617,110324,Tap Water (Untreated),Census2011_HL11,2011
Baghpat,Uttar Pradesh,2011,713782,386727,54.18,197230,189497,192721,270951,250110,Tap Water (Treated),Census2011_HL11,2011
Muzaffarnagar,Uttar Pradesh,2011,2690069,1773831,65.94,1312634,461197,1398835,697266,593968,Tap Water (Untreated),Census2011_HL11,2011
Shamli,Uttar Pradesh,2011,2451816,1113124,45.4,723530,389594,1520125,344725,586966,Uncovered Well,Census2011_HL11,2011
Saharanpur,Uttar Pradesh,2011,1670355,902492,54.03,550520,351972,734956,374159,561240,Spring,Census2011_HL11,2011
Bijnor,Uttar Pradesh,2011,3401360,2358843,69.35,1957839,401004,1360544,1224489,816327,Uncovered Well,Census2011_HL11,2011
Amroha,Uttar Pradesh,2011,884896,552175,62.4,331305,220870,230072,248833,405991,Hand Pump / Tube Well,Census2011_HL11,2011
Moradabad,Uttar Pradesh,2011,1668736,1182633,70.87,579490,603143,1084678,221942,362116,Uncovered Well,Census2011_HL11,2011
Rampur,Uttar Pradesh,2011,2300744,1532755,66.62,843015,689740,575186,966312,759246,Hand Pump / Tube Well,Census2011_HL11,2011
Bareilly,Uttar Pradesh,2011,2272175,1189710,52.36,868488,321222,931591,415581,925003,Hand Pump / Tube Well,Census2011_HL11,2011
Pilibhit,Uttar Pradesh,2011,1978187,960014,48.53,403205,556809,850620,372097,755470,Hand Pump / Tube Well,Census2011_HL11,2011
Shahjahanpur,Uttar Pradesh,2011,283984,184476,64.96,68256,116220,105074,78720,100190,Hand Pump / Tube Well,Census2011_HL11,2011
Budaun,Uttar Pradesh,2011,3289473,2386841,72.56,835394,1551447,2072367,547697,669409,Uncovered Well,Census2011_HL11,2011
Sambhal,Uttar Pradesh,2011,2356211,1601280,67.96,1265011,336269,1083857,432600,839754,Spring,Census2011_HL11,2011
Dehradun,Uttarakhand,2011,745870,493840,66.21,153090,340750,425145,131497,189228,Hand Pump / Tube Well,Census2011_HL11,2011
Haridwar,Uttarakhand,2011,159273,130349,81.84,79512,50837,74858,26168,58247,Hand Pump / Tube Well,Census2011_HL11,2011
Pauri Garhwal,Uttarakhand,2011,1354076,949884,70.15,408450,541434,907230,205549,241297,Covered Well,Census2011_HL11,2011
Tehri Garhwal,Uttarakhand,2011,828452,533854,64.44,357682,176172,430795,222687,174970,Tap Water (Untreated),Census2011_HL11,2011
Uttarkashi,Uttarakhand,2011,1160789,970535,83.61,689079,281456,325020,484746,351023,Hand Pump / Tube Well,Census2011_HL11,2011
Chamoli,Uttarakhand,2011,187910,135050,71.87,55370,79680,41340,86476,60094,Uncovered Well,Census2011_HL11,2011
Rudraprayag,Uttarakhand,2011,276382,188768,68.3,151014,37754,190703,48837,36842,Uncovered Well,Census2011_HL11,2011
Pithoragarh,Uttarakhand,2011,363942,251156,69.01,175809,75347,127379,75700,160863,Spring,Census2011_HL11,2011
Almora,Uttarakhand,2011,143019,108065,75.56,50790,57275,94392,23340,25287,Tap Water (Treated),Census2011_HL11,2011
Bageshwar,Uttarakhand,2011,542722,334642,61.66,177360,157282,146534,217903,178285,Tap Water (Untreated),Census2011_HL11,2011
Nainital,Uttarakhand,2011,266767,189271,70.95,73815,115456,109374,75548,81845,Tap Water (Untreated),Census2011_HL11,2011
Udham Singh Nagar,Uttarakhand,2011,610056,508542,83.36,172904,335638,414838,74182,121036,Uncovered Well,Census2011_HL11,2011
Champawat,Uttarakhand,2011,1473434,935041,63.46,663879,271162,987200,170181,316053,Uncovered Well,Census2011_HL11,2011
Kolkata,West Bengal,2011,3694581,2253324,60.99,1013995,1239329,1330049,1158620,1205912,Hand Pump / Tube Well,Census2011_HL11,2011
North 24 Parganas,West Bengal,2011,936713,615514,65.71,221585,393929,477723,201955,257035,Spring,Census2011_HL11,2011
South 24 Parganas,West Bengal,2011,3579952,2479832,69.27,1859874,619958,1682577,910740,986635,Tap Water (Untreated),Census2011_HL11,2011
Howrah,West Bengal,2011,433587,255686,58.97,214776,40910,286167,58968,88452,Covered Well,Census2011_HL11,2011
Hooghly,West Bengal,2011,3834506,3205263,83.59,1025684,2179579,2377393,553702,903411,Spring,Census2011_HL11,2011
Nadia,West Bengal,2011,1099616,770390,70.06,477641,292749,703754,201889,193973,Uncovered Well,Census2011_HL11,2011
Murshidabad,West Bengal,2011,723902,566380,78.24,237879,328501,180975,325756,217171,Hand Pump / Tube Well,Census2011_HL11,2011
Birbhum,West Bengal,2011,391095,328011,83.87,255848,72163,125150,146269,119676,Uncovered Well,Census2011_HL11,2011
Burdwan,West Bengal,2011,1074359,864106,80.43,717207,146899,440487,310597,323275,Covered Well,Census2011_HL11,2011
Bankura,West Bengal,2011,1138492,917510,80.59,642257,275253,740019,195251,203222,Covered Well,Census2011_HL11,2011
Purulia,West Bengal,2011,270018,185637,68.75,141084,44553,186312,26785,56921,Tap Water (Treated),Census2011_HL11,2011
Jhargram,West Bengal,2011,2633144,2026730,76.97,1155236,871494,1290240,496874,846030,Uncovered Well,Census2011_HL11,2011
West Midnapore,West Bengal,2011,1133123,857094,75.64,308553,548541,668542,236936,227645,Hand Pump / Tube Well,Census2011_HL11,2011
East Midnapore,West Bengal,2011,1438424,1064289,73.99,649216,415073,719212,402758,316454,Spring,Census2011_HL11,2011
Darjeeling,West Bengal,2011,3126762,2117130,67.71,1333791,783339,1563381,844225,719156,Tap Water (Treated),Census2011_HL11,2011
Kalimpong,West Bengal,2011,2498905,1827199,73.12,657791,1169408,1449364,430311,619230,Spring,Census2011_HL11,2011
Jalpaiguri,West Bengal,2011,2592088,1992278,76.86,1255135,737143,1581173,525675,485240,Tap Water (Treated),Census2011_HL11,2011
Alipurduar,West Bengal,2011,1486658,991898,66.72,724085,267813,936594,258530,291534,Hand Pump / Tube Well,Census2011_HL11,2011
Cooch Behar,West Bengal,2011,2640945,1532804,58.04,797058,735746,1584567,549316,507062,Uncovered Well,Census2011_HL11,2011
North Dinajpur,West Bengal,2011,3363228,2546972,75.73,789561,1757411,1614349,542152,1206727,Covered Well,Census2011_HL11,2011
South Dinajpur,West Bengal,2011,4076086,2436276,59.77,1973383,462893,2445651,847826,782609,Covered Well,Census2011_HL11,2011
Malda,West Bengal,2011,4189944,2808938,67.04,1910077,898861,1592178,1532681,1065085,Covered Well,Census2011_HL11,2011
Central Delhi,Delhi,2011,3144654,2761320,87.81,911235,1850085,1352201,1075471,716982,Covered Well,Census2011_HL11,2011
East Delhi,Delhi,2011,3275109,3108405,94.91,1212277,1896128,1572052,953711,749346,Spring,Census2011_HL11,2011
New Delhi,Delhi,2011,2952755,2512203,85.08,1306345,1205858,1092519,1004527,855709,Uncovered Well,Census2011_HL11,2011
North Delhi,Delhi,2011,3642525,3527785,96.85,1693336,1834449,1857687,928115,856723,Tap Water (Untreated),Census2011_HL11,2011
North East Delhi,Delhi,2011,4178272,3549859,84.96,1668433,1881426,2757659,468802,951811,Uncovered Well,Census2011_HL11,2011
North West Delhi,Delhi,2011,3906250,3315625,84.88,1889906,1425719,1132812,1137109,1636329,Covered Well,Census2011_HL11,2011
Shahdara,Delhi,2011,3448275,3338964,96.83,1903209,1435755,1275861,934138,1238276,Covered Well,Census2011_HL11,2011
South Delhi,Delhi,2011,2901353,2744679,94.6,2278083,466596,1044487,612765,1244101,Hand Pump / Tube Well,Census2011_HL11,2011
South East Delhi,Delhi,2011,3067484,2602146,84.83,1509244,1092902,1595091,574233,898160,Hand Pump / Tube Well,Census2011_HL11,2011
South West Delhi,Delhi,2011,2964426,2663240,89.84,1384884,1278356,1630434,480237,853755,Tap Water (Treated),Census2011_HL11,2011
West Delhi,Delhi,2011,3464203,3244572,93.66,2595657,648915,1836027,911778,716398,Tap Water (Untreated),Census2011_HL11,2011
Jammu,Jammu & Kashmir,2011,270493,189453,70.04,111777,77676,108197,94131,68165,Tap Water (Treated),Census2011_HL11,2011
Samba,Jammu & Kashmir,2011,23140,17044,73.66,11930,5114,14809,4498,3833,Hand Pump / Tube Well,Census2011_HL11,2011
Kathua,Jammu & Kashmir,2011,23118,15248,65.96,5336,9912,16182,2982,3954,Tap Water (Treated),Census2011_HL11,2011
Udhampur,Jammu & Kashmir,2011,114364,65061,56.89,25373,39688,80054,10636,23674,Tap Water (Untreated),Census2011_HL11,2011
Reasi,Jammu & Kashmir,2011,60363,44264,73.33,37181,7083,19316,15187,25860,Spring,Census2011_HL11,2011
Ramban,Jammu & Kashmir,2011,319192,232116,72.72,88204,143912,111717,122410,85065,Hand Pump / Tube Well,Census2011_HL11,2011
Doda,Jammu & Kashmir,2011,132816,84378,63.53,45564,38814,63751,41439,27626,Tap Water (Untreated),Census2011_HL11,2011
Kishtwar,Jammu & Kashmir,2011,141062,86823,61.55,66853,19970,69120,35251,36691,Uncovered Well,Census2011_HL11,2011
Rajouri,Jammu & Kashmir,2011,231812,164377,70.91,113420,50957,159950,38805,33057,Covered Well,Census2011_HL11,2011
Poonch,Jammu & Kashmir,2011,290955,180624,62.08,90312,90312,192030,36602,62323,Hand Pump / Tube Well,Census2011_HL11,2011
Anantnag,Jammu & Kashmir,2011,50810,30486,60.0,25303,5183,13718,20771,16321,Spring,Census2011_HL11,2011
Kulgam,Jammu & Kashmir,2011,147512,83949,56.91,50369,33580,38353,64403,44756,Hand Pump / Tube Well,Census2011_HL11,2011
Pulwama,Jammu & Kashmir,2011,108933,76067,69.83,44879,31188,27233,44935,36765,Tap Water (Untreated),Census2011_HL11,2011
Shopian,Jammu & Kashmir,2011,50611,35508,70.16,24500,11008,26317,11418,12876,Tap Water (Untreated),Census2011_HL11,2011
Budgam,Jammu & Kashmir,2011,54696,34474,63.03,21373,13101,12580,20636,21480,Uncovered Well,Census2011_HL11,2011
Srinagar,Jammu & Kashmir,2011,70708,47056,66.55,15999,31057,49495,6576,14637,Uncovered Well,Census2011_HL11,2011
Ganderbal,Jammu & Kashmir,2011,129541,85043,65.65,28064,56979,47930,45702,35909,Tap Water (Untreated),Census2011_HL11,2011
Bandipora,Jammu & Kashmir,2011,171382,88758,51.79,43491,45267,116539,20840,34003,Covered Well,Census2011_HL11,2011
Baramulla,Jammu & Kashmir,2011,11822,9047,76.53,6332,2715,6620,2340,2862,Spring,Census2011_HL11,2011
Kupwara,Jammu & Kashmir,2011,130911,93470,71.4,34583,58887,52364,39273,39274,Covered Well,Census2011_HL11,2011
Leh,Ladakh,2011,12787,7682,60.08,5146,2536,4731,3786,4270,Hand Pump / Tube Well,Census2011_HL11,2011
Kargil,Ladakh,2011,12755,9119,71.5,3465,5654,5994,3380,3381,Covered Well,Census2011_HL11,2011
Puducherry,Puducherry,2011,3579952,3452147,96.43,2865282,586865,823388,1460978,1295586,Hand Pump / Tube Well,Census2011_HL11,2011
Karaikal,Puducherry,2011,3164556,2440189,77.11,2049758,390431,1613923,713291,837342,Spring,Census2011_HL11,2011
Mahé,Puducherry,2011,4098360,3204507,78.19,1313847,1890660,2827868,673360,597132,Tap Water (Untreated),Census2011_HL11,2011
Yanam,Puducherry,2011,2857142,2735142,95.73,875245,1859897,1885713,505143,466286,Covered Well,Census2011_HL11,2011
Chandigarh,Chandigarh,2011,3416856,2732118,79.96,2240336,491782,1674259,1010706,731891,Uncovered Well,Census2011_HL11,2011
North & Middle Andaman,Andaman & Nicobar,2011,93098,76843,82.54,39189,37654,40963,28674,23461,Tap Water (Untreated),Census2011_HL11,2011
South Andaman,Andaman & Nicobar,2011,134432,84261,62.68,42130,42131,73937,33877,26618,Uncovered Well,Census2011_HL11,2011
Nicobar,Andaman & Nicobar,2011,116821,73059,62.54,32145,40914,35046,33527,48248,Spring,Census2011_HL11,2011
Dadra & Nagar Haveli,Dadra & Nagar Haveli and Daman & Diu,2011,1183253,1002451,84.72,491200,511251,686286,228604,268363,Tap Water (Treated),Census2011_HL11,2011
Daman,Dadra & Nagar Haveli and Daman & Diu,2011,3478042,3186582,91.62,1051572,2135010,1669460,904291,904291,Tap Water (Treated),Census2011_HL11,2011
Diu,Dadra & Nagar Haveli and Daman & Diu,2011,1380033,989759,71.72,821499,168260,634815,223565,521653,Uncovered Well,Census2011_HL11,2011
Lakshadweep,Lakshadweep,2011,4273504,3532478,82.66,2614033,918445,2051281,911111,1311112,Tap Water (Treated),Census2011_HL11,2011
