district_name,state_name,year,population_total,sub_centres,primary_health_centres,community_health_centres,sub_divisional_hospitals,district_hospitals,mobile_medical_units,total_health_facilities,estimated_hospital_beds,population_per_phc,population_per_chc,source_name,source_year
Srikakulam,Andhra Pradesh,2016,447939,88,12,4,1,1,1,106,463,37328,111984,DataGovIn_RHS2016,2016
Vizianagaram,Andhra Pradesh,2016,364777,68,11,4,1,2,5,86,638,33161,91194,DataGovIn_RHS2016,2016
Visakhapatnam,Andhra Pradesh,2016,2653289,520,73,33,9,2,2,637,1896,36346,80402,DataGovIn_RHS2016,2016
East Godavari,Andhra Pradesh,2016,4178682,746,107,43,1,4,1,901,2765,39053,97178,DataGovIn_RHS2016,2016
West Godavari,Andhra Pradesh,2016,7371154,1320,263,49,33,4,4,1669,3921,28027,150431,DataGovIn_RHS2016,2016
Krishna,Andhra Pradesh,2016,668916,156,26,4,0,3,0,189,903,25727,167229,DataGovIn_RHS2016,2016
Guntur,Andhra Pradesh,2016,3274315,409,120,22,23,2,2,576,1864,27285,148832,DataGovIn_RHS2016,2016
Prakasam,Andhra Pradesh,2016,2891940,411,78,21,6,4,0,520,1927,37076,137711,DataGovIn_RHS2016,2016
Nellore,Andhra Pradesh,2016,8314240,1713,211,58,21,2,1,2005,3411,39403,143348,DataGovIn_RHS2016,2016
Kadapa,Andhra Pradesh,2016,3658802,476,116,31,12,3,5,638,2228,31541,118025,DataGovIn_RHS2016,2016
Kurnool,Andhra Pradesh,2016,2214571,289,68,15,12,3,3,387,1476,32567,147638,DataGovIn_RHS2016,2016
Anantapur,Andhra Pradesh,2016,229933,45,6,2,0,2,5,55,533,38322,114966,DataGovIn_RHS2016,2016
Chittoor,Andhra Pradesh,2016,6591566,1293,161,60,4,4,5,1522,3627,40941,109859,DataGovIn_RHS2016,2016
YSR Kadapa,Andhra Pradesh,2016,3176424,418,72,37,8,2,5,537,1975,44117,85849,DataGovIn_RHS2016,2016
Eluru,Andhra Pradesh,2016,1453098,227,39,12,0,1,3,279,853,37258,121091,DataGovIn_RHS2016,2016
Bapatla,Andhra Pradesh,2016,5425754,739,194,54,28,3,3,1018,3450,27967,100476,DataGovIn_RHS2016,2016
Parvathipuram Manyam,Andhra Pradesh,2016,9189022,1243,339,95,41,2,3,1720,5364,27106,96726,DataGovIn_RHS2016,2016
Anakapalli,Andhra Pradesh,2016,2231776,405,73,20,10,2,5,510,1512,30572,111588,DataGovIn_RHS2016,2016
Alluri Sitharama Raju,Andhra Pradesh,2016,1505085,269,40,13,8,4,4,334,1469,37627,115775,DataGovIn_RHS2016,2016
Kakinada,Andhra Pradesh,2016,3499037,518,82,33,8,3,5,644,2088,42671,106031,DataGovIn_RHS2016,2016
Konaseema,Andhra Pradesh,2016,1877103,422,50,14,10,2,0,498,1207,37542,134078,DataGovIn_RHS2016,2016
Nandyal,Andhra Pradesh,2016,681351,95,15,7,3,1,2,121,514,45423,97335,DataGovIn_RHS2016,2016
Sri Sathya Sai,Andhra Pradesh,2016,1422877,332,53,11,0,2,4,398,1116,26846,129352,DataGovIn_RHS2016,2016
Tirupati,Andhra Pradesh,2016,2230053,318,61,20,6,3,1,408,1618,36558,111502,DataGovIn_RHS2016,2016
Annamayya,Andhra Pradesh,2016,4359163,551,114,50,18,3,2,736,2831,38238,87183,DataGovIn_RHS2016,2016
Tawang,Arunachal Pradesh,2016,609966,95,18,7,0,3,1,123,956,33887,87138,DataGovIn_RHS2016,2016
West Kameng,Arunachal Pradesh,2016,326469,53,8,3,1,4,3,69,1025,40808,108823,DataGovIn_RHS2016,2016
East Kameng,Arunachal Pradesh,2016,311115,41,7,2,1,4,3,55,954,44445,155557,DataGovIn_RHS2016,2016
Papum Pare,Arunachal Pradesh,2016,91146,21,2,1,0,3,2,27,696,45573,91146,DataGovIn_RHS2016,2016
Kurung Kumey,Arunachal Pradesh,2016,307905,41,8,2,0,4,2,55,1006,38488,153952,DataGovIn_RHS2016,2016
Kra Daadi,Arunachal Pradesh,2016,210000,39,7,1,0,4,1,51,903,30000,210000,DataGovIn_RHS2016,2016
Lower Subansiri,Arunachal Pradesh,2016,157547,21,4,1,1,2,5,29,477,39386,157547,DataGovIn_RHS2016,2016
Upper Subansiri,Arunachal Pradesh,2016,50000,7,1,1,0,4,5,13,878,50000,50000,DataGovIn_RHS2016,2016
West Siang,Arunachal Pradesh,2016,413824,64,12,2,0,4,1,82,955,34485,206912,DataGovIn_RHS2016,2016
East Siang,Arunachal Pradesh,2016,458838,102,16,4,3,4,3,129,1104,28677,114709,DataGovIn_RHS2016,2016
Siang,Arunachal Pradesh,2016,117014,17,3,1,1,1,3,23,251,39004,117014,DataGovIn_RHS2016,2016
Upper Siang,Arunachal Pradesh,2016,105769,23,3,1,0,1,2,28,312,35256,105769,DataGovIn_RHS2016,2016
Dibang Valley,Arunachal Pradesh,2016,50000,6,1,1,1,1,0,10,333,50000,50000,DataGovIn_RHS2016,2016
Lower Dibang Valley,Arunachal Pradesh,2016,50000,6,1,1,1,4,5,13,899,50000,50000,DataGovIn_RHS2016,2016
Anjaw,Arunachal Pradesh,2016,50000,6,1,1,0,3,3,11,736,50000,50000,DataGovIn_RHS2016,2016
Lohit,Arunachal Pradesh,2016,585533,77,13,5,0,4,2,99,1049,45041,117106,DataGovIn_RHS2016,2016
Namsai,Arunachal Pradesh,2016,488940,74,14,5,0,2,0,95,660,34924,97788,DataGovIn_RHS2016,2016
Changlang,Arunachal Pradesh,2016,201148,32,6,1,1,3,1,43,721,33524,201148,DataGovIn_RHS2016,2016
Tirap,Arunachal Pradesh,2016,262520,48,7,2,0,4,4,61,946,37502,131260,DataGovIn_RHS2016,2016
Longding,Arunachal Pradesh,2016,89406,11,2,1,1,2,2,17,458,44703,89406,DataGovIn_RHS2016,2016
Pakke Kessang,Arunachal Pradesh,2016,174291,38,4,1,1,3,2,47,750,43572,174291,DataGovIn_RHS2016,2016
Lepa Rada,Arunachal Pradesh,2016,115213,14,3,1,1,3,2,22,731,38404,115213,DataGovIn_RHS2016,2016
Shi Yomi,Arunachal Pradesh,2016,170147,31,4,1,0,2,0,38,468,42536,170147,DataGovIn_RHS2016,2016
Kamle,Arunachal Pradesh,2016,108373,23,3,1,1,3,4,31,726,36124,108373,DataGovIn_RHS2016,2016
Kamrup,Assam,2016,3772239,534,95,32,19,1,3,681,1786,39707,117882,DataGovIn_RHS2016,2016
Kamrup Metropolitan,Assam,2016,2013057,264,61,21,10,3,5,359,1678,33000,95859,DataGovIn_RHS2016,2016
Sonitpur,Assam,2016,3890140,579,137,42,6,4,5,768,2903,28395,92622,DataGovIn_RHS2016,2016
Lakhimpur,Assam,2016,2942413,404,68,28,0,1,0,501,1525,43270,105086,DataGovIn_RHS2016,2016
Dibrugarh,Assam,2016,2442563,342,55,17,4,3,5,421,1521,44410,143680,DataGovIn_RHS2016,2016
Sivasagar,Assam,2016,4911721,1028,150,32,7,3,5,1220,2529,32744,153491,DataGovIn_RHS2016,2016
Jorhat,Assam,2016,11311452,1881,405,91,29,3,1,2409,5799,27929,124301,DataGovIn_RHS2016,2016
Golaghat,Assam,2016,7589051,1875,180,54,6,1,5,2116,2950,42161,140537,DataGovIn_RHS2016,2016
Nagaon,Assam,2016,6794588,1179,193,58,4,4,2,1438,3720,35205,117148,DataGovIn_RHS2016,2016
Morigaon,Assam,2016,1591633,311,52,12,5,3,2,383,1326,30608,132636,DataGovIn_RHS2016,2016
Hojai,Assam,2016,1878125,445,52,13,5,1,3,516,979,36117,144471,DataGovIn_RHS2016,2016
Darrang,Assam,2016,259737,40,7,1,0,1,5,49,359,37105,259737,DataGovIn_RHS2016,2016
Udalguri,Assam,2016,6071343,919,140,46,10,2,5,1117,2696,43366,131985,DataGovIn_RHS2016,2016
Bongaigaon,Assam,2016,1516941,337,42,10,8,3,4,400,1246,36117,151694,DataGovIn_RHS2016,2016
Chirang,Assam,2016,2093511,377,55,17,9,2,5,460,1316,38063,123147,DataGovIn_RHS2016,2016
Barpeta,Assam,2016,5014267,1181,111,49,18,2,3,1361,2549,45173,102331,DataGovIn_RHS2016,2016
Nalbari,Assam,2016,5785001,1134,170,64,24,2,0,1394,3351,34029,90390,DataGovIn_RHS2016,2016
Baksa,Assam,2016,549105,73,12,4,1,3,1,93,826,45758,137276,DataGovIn_RHS2016,2016
Dhubri,Assam,2016,3101039,684,106,26,7,4,1,827,2282,29255,119270,DataGovIn_RHS2016,2016
South Salmara-Mankachar,Assam,2016,4715369,954,129,54,3,4,0,1144,3244,36553,87321,DataGovIn_RHS2016,2016
Kokrajhar,Assam,2016,3246661,422,115,22,6,2,4,567,1815,28231,147575,DataGovIn_RHS2016,2016
Goalpara,Assam,2016,3247326,421,82,27,6,2,1,538,1717,39601,120271,DataGovIn_RHS2016,2016
Cachar,Assam,2016,9196471,2200,336,98,22,1,0,2657,5164,27370,93841,DataGovIn_RHS2016,2016
Hailakandi,Assam,2016,4869516,719,148,44,3,1,0,915,2473,32902,110670,DataGovIn_RHS2016,2016
Karimganj,Assam,2016,3760682,510,101,26,15,4,0,656,2187,37234,144641,DataGovIn_RHS2016,2016
Dima Hasao,Assam,2016,4489035,725,108,48,12,1,2,894,2295,41565,93521,DataGovIn_RHS2016,2016
Karbi Anglong,Assam,2016,2882286,375,97,24,10,2,5,508,1712,29714,120095,DataGovIn_RHS2016,2016
West Karbi Anglong,Assam,2016,986340,155,24,7,2,4,4,192,1236,41097,140905,DataGovIn_RHS2016,2016
Majuli,Assam,2016,4350591,955,139,40,18,3,5,1155,2646,31299,108764,DataGovIn_RHS2016,2016
Biswanath,Assam,2016,7496207,1810,258,55,1,4,3,2128,4021,29055,136294,DataGovIn_RHS2016,2016
Charaideo,Assam,2016,815571,203,19,8,2,4,3,236,1163,42924,101946,DataGovIn_RHS2016,2016
Patna,Bihar,2016,15000000,2816,348,180,55,4,3,3403,8322,43103,83333,DataGovIn_RHS2016,2016
Nalanda,Bihar,2016,11260829,2577,445,89,47,3,0,3161,6030,25305,126526,DataGovIn_RHS2016,2016
Bhojpur,Bihar,2016,6767541,1551,161,45,14,3,0,1774,2973,42034,150389,DataGovIn_RHS2016,2016
Buxar,Bihar,2016,15000000,2432,555,121,75,3,4,3186,7620,27027,123966,DataGovIn_RHS2016,2016
Rohtas,Bihar,2016,14052963,3371,376,132,71,2,3,3952,6669,37374,106461,DataGovIn_RHS2016,2016
Kaimur,Bihar,2016,5687473,918,184,63,34,4,1,1203,3843,30910,90277,DataGovIn_RHS2016,2016
Gaya,Bihar,2016,11584530,1802,284,99,34,4,4,2223,5545,40790,117015,DataGovIn_RHS2016,2016
Jehanabad,Bihar,2016,15000000,2467,397,169,67,4,4,3104,8261,37783,88757,DataGovIn_RHS2016,2016
Aurangabad,Bihar,2016,4529475,830,139,37,5,3,3,1014,2553,32586,122418,DataGovIn_RHS2016,2016
Nawada,Bihar,2016,15000000,2389,349,183,30,2,0,2953,7995,42979,81967,DataGovIn_RHS2016,2016
Arwal,Bihar,2016,10781374,2379,252,80,22,4,5,2737,4778,42783,134767,DataGovIn_RHS2016,2016
Vaishali,Bihar,2016,7150284,1133,171,76,0,3,0,1383,3976,41814,94082,DataGovIn_RHS2016,2016
Saran,Bihar,2016,2969346,400,73,19,9,3,1,504,1617,40675,156281,DataGovIn_RHS2016,2016
Siwan,Bihar,2016,15000000,2102,465,129,15,4,3,2715,7518,32258,116279,DataGovIn_RHS2016,2016
Gopalganj,Bihar,2016,11810459,2287,440,89,62,3,3,2881,5987,26841,132701,DataGovIn_RHS2016,2016
Muzaffarpur,Bihar,2016,15000000,3164,566,127,102,2,2,3961,7617,26501,118110,DataGovIn_RHS2016,2016
Sitamarhi,Bihar,2016,11950269,1857,324,81,55,3,1,2320,4994,36883,147534,DataGovIn_RHS2016,2016
Sheohar,Bihar,2016,15000000,3286,341,145,9,4,0,3785,7286,43988,103448,DataGovIn_RHS2016,2016
Madhubani,Bihar,2016,14853890,1973,343,150,46,3,1,2515,7171,43305,99025,DataGovIn_RHS2016,2016
Darbhanga,Bihar,2016,15000000,2056,469,149,62,1,2,2737,7539,31982,100671,DataGovIn_RHS2016,2016
Samastipur,Bihar,2016,5735004,805,208,41,9,2,2,1065,2941,27572,139878,DataGovIn_RHS2016,2016
Begusarai,Bihar,2016,15000000,2048,382,184,6,1,5,2621,8063,39267,81521,DataGovIn_RHS2016,2016
Khagaria,Bihar,2016,2501312,512,64,24,4,1,3,605,1325,39083,104221,DataGovIn_RHS2016,2016
Bhagalpur,Bihar,2016,15000000,3095,541,107,60,2,4,3805,6876,27726,140186,DataGovIn_RHS2016,2016
Banka,Bihar,2016,12609210,1642,338,88,35,1,0,2104,4879,37305,143286,DataGovIn_RHS2016,2016
Munger,Bihar,2016,14041046,2363,369,97,66,2,1,2897,5612,38051,144753,DataGovIn_RHS2016,2016
Lakhisarai,Bihar,2016,15000000,2971,440,173,53,1,3,3638,8099,34090,86705,DataGovIn_RHS2016,2016
Sheikhpura,Bihar,2016,15000000,1948,366,141,61,1,0,2517,6726,40983,106382,DataGovIn_RHS2016,2016
Jamui,Bihar,2016,7678090,1420,211,59,3,1,0,1694,3309,36389,130137,DataGovIn_RHS2016,2016
Supaul,Bihar,2016,1464118,266,58,15,7,1,5,347,1009,25243,97607,DataGovIn_RHS2016,2016
Madhepura,Bihar,2016,4692961,892,139,35,1,3,1,1070,2540,33762,134084,DataGovIn_RHS2016,2016
Saharsa,Bihar,2016,12144329,2882,333,129,4,4,0,3352,6723,36469,94142,DataGovIn_RHS2016,2016
Purnea,Bihar,2016,6508284,1020,168,81,30,3,5,1302,4121,38739,80349,DataGovIn_RHS2016,2016
Kishanganj,Bihar,2016,10250864,2358,292,75,35,3,5,2763,4639,35105,136678,DataGovIn_RHS2016,2016
Araria,Bihar,2016,14603180,2975,385,107,66,4,3,3537,6395,37930,136478,DataGovIn_RHS2016,2016
Katihar,Bihar,2016,15000000,2411,512,107,44,2,4,3076,6714,29296,140186,DataGovIn_RHS2016,2016
West Champaran,Bihar,2016,3933367,768,114,44,2,2,3,930,2429,34503,89394,DataGovIn_RHS2016,2016
East Champaran,Bihar,2016,15000000,2077,363,174,9,1,2,2624,7640,41322,86206,DataGovIn_RHS2016,2016
Raipur,Chhattisgarh,2016,479957,114,14,4,2,4,1,138,1091,34282,119989,DataGovIn_RHS2016,2016
Durg,Chhattisgarh,2016,5900647,1246,171,58,23,4,2,1502,3633,34506,101735,DataGovIn_RHS2016,2016
Bilaspur,Chhattisgarh,2016,3265078,462,78,31,4,4,4,579,2205,41859,105325,DataGovIn_RHS2016,2016
Korba,Chhattisgarh,2016,4403432,783,144,37,1,4,3,969,2798,30579,119011,DataGovIn_RHS2016,2016
Rajnandgaon,Chhattisgarh,2016,2101742,330,71,16,4,3,4,424,1570,29602,131358,DataGovIn_RHS2016,2016
Raigarh,Chhattisgarh,2016,4101468,857,131,44,25,2,3,1059,2586,31308,93215,DataGovIn_RHS2016,2016
Janjgir-Champa,Chhattisgarh,2016,1850128,234,59,12,8,1,2,314,956,31358,154177,DataGovIn_RHS2016,2016
Surguja,Chhattisgarh,2016,1367434,324,33,9,5,1,3,372,714,41437,151937,DataGovIn_RHS2016,2016
Korea,Chhattisgarh,2016,3079412,531,97,35,12,2,1,677,2104,31746,87983,DataGovIn_RHS2016,2016
Jashpur,Chhattisgarh,2016,1229003,259,29,10,4,3,2,305,1087,42379,122900,DataGovIn_RHS2016,2016
Kanker,Chhattisgarh,2016,2045419,490,54,20,0,1,1,565,1136,37878,102270,DataGovIn_RHS2016,2016
Kondagaon,Chhattisgarh,2016,285835,36,6,2,1,1,4,46,383,47639,142917,DataGovIn_RHS2016,2016
Narayanpur,Chhattisgarh,2016,3182761,780,100,31,14,4,0,929,2417,31827,102669,DataGovIn_RHS2016,2016
Bastar,Chhattisgarh,2016,500035,73,17,6,2,2,2,100,716,29413,83339,DataGovIn_RHS2016,2016
Dantewada,Chhattisgarh,2016,1795499,264,67,19,0,1,5,351,1189,26798,94499,DataGovIn_RHS2016,2016
Sukma,Chhattisgarh,2016,520123,109,12,3,2,3,0,129,763,43343,173374,DataGovIn_RHS2016,2016
Bijapur,Chhattisgarh,2016,629544,135,18,4,0,1,2,158,442,34974,157386,DataGovIn_RHS2016,2016
Bemetara,Chhattisgarh,2016,1031079,192,24,7,2,3,3,228,1035,42961,147297,DataGovIn_RHS2016,2016
Mungeli,Chhattisgarh,2016,643436,85,20,5,0,4,0,114,1167,32171,128687,DataGovIn_RHS2016,2016
Balod,Chhattisgarh,2016,3601200,623,124,40,19,1,2,807,2234,29041,90030,DataGovIn_RHS2016,2016
Gariaband,Chhattisgarh,2016,5190781,744,134,41,7,1,0,927,2235,38737,126604,DataGovIn_RHS2016,2016
Mahasamund,Chhattisgarh,2016,1322865,166,43,10,3,3,5,225,1159,30764,132286,DataGovIn_RHS2016,2016
Dhamtari,Chhattisgarh,2016,6374075,1324,148,72,8,3,1,1555,3652,43068,88528,DataGovIn_RHS2016,2016
Baloda Bazar,Chhattisgarh,2016,609306,81,18,5,2,1,0,107,527,33850,121861,DataGovIn_RHS2016,2016
Kawardha,Chhattisgarh,2016,632055,121,16,7,1,3,4,148,984,39503,90293,DataGovIn_RHS2016,2016
Gaurela-Pendra-Marwahi,Chhattisgarh,2016,2645271,349,59,25,3,3,5,439,1776,44835,105810,DataGovIn_RHS2016,2016
Sarangarh-Bilaigarh,Chhattisgarh,2016,1604322,299,61,14,0,1,3,375,1048,26300,114594,DataGovIn_RHS2016,2016
Manendragarh,Chhattisgarh,2016,1210863,192,33,9,3,4,4,241,1275,36692,134540,DataGovIn_RHS2016,2016
Shakti,Chhattisgarh,2016,451589,105,13,4,1,1,5,124,428,34737,112897,DataGovIn_RHS2016,2016
Khairagarh,Chhattisgarh,2016,968597,121,27,7,1,2,5,158,796,35873,138371,DataGovIn_RHS2016,2016
Mohla-Manpur-Ambagarh Chowki,Chhattisgarh,2016,74520,11,2,1,1,2,0,17,442,37260,74520,DataGovIn_RHS2016,2016
North Goa,Goa,2016,206994,37,6,1,0,3,2,47,667,34499,206994,DataGovIn_RHS2016,2016
South Goa,Goa,2016,3599427,738,95,26,2,4,1,865,2198,37888,138439,DataGovIn_RHS2016,2016
Ahmedabad,Gujarat,2016,2041409,388,73,19,4,1,3,485,1276,27964,107442,DataGovIn_RHS2016,2016
Surat,Gujarat,2016,6239646,1243,170,50,9,2,1,1474,2959,36703,124792,DataGovIn_RHS2016,2016
Vadodara,Gujarat,2016,4066586,763,151,50,25,1,4,990,2611,26931,81331,DataGovIn_RHS2016,2016
Rajkot,Gujarat,2016,7334046,1115,171,52,2,3,1,1343,3186,42889,141039,DataGovIn_RHS2016,2016
Bhavnagar,Gujarat,2016,1447087,220,32,12,3,3,1,270,1153,45221,120590,DataGovIn_RHS2016,2016
Jamnagar,Gujarat,2016,6728277,1460,156,78,25,4,1,1723,4093,43129,86259,DataGovIn_RHS2016,2016
Junagadh,Gujarat,2016,6813299,1053,271,47,21,4,2,1396,3932,25141,144963,DataGovIn_RHS2016,2016
Gandhinagar,Gujarat,2016,4076956,543,112,30,17,4,2,706,2444,36401,135898,DataGovIn_RHS2016,2016
Anand,Gujarat,2016,1483658,199,55,12,9,4,2,279,1511,26975,123638,DataGovIn_RHS2016,2016
Kheda,Gujarat,2016,343977,61,11,2,1,2,0,77,614,31270,171988,DataGovIn_RHS2016,2016
Mehsana,Gujarat,2016,3294953,721,101,28,2,3,3,855,2105,32623,117676,DataGovIn_RHS2016,2016
Banaskantha,Gujarat,2016,3806264,503,97,42,14,1,0,657,2086,39239,90625,DataGovIn_RHS2016,2016
Sabarkantha,Gujarat,2016,4887028,663,165,36,0,2,1,866,2525,29618,135750,DataGovIn_RHS2016,2016
Aravalli,Gujarat,2016,5843691,859,206,46,38,2,0,1151,3061,28367,127036,DataGovIn_RHS2016,2016
Mahisagar,Gujarat,2016,1333925,174,37,15,7,1,5,234,918,36052,88928,DataGovIn_RHS2016,2016
Panchmahal,Gujarat,2016,8174012,1305,242,60,32,4,1,1643,4120,33776,136233,DataGovIn_RHS2016,2016
Dahod,Gujarat,2016,2027150,369,56,23,9,3,4,460,1721,36199,88136,DataGovIn_RHS2016,2016
Vadodara,Gujarat,2016,4066586,694,91,44,3,4,4,836,2732,44687,92422,DataGovIn_RHS2016,2016
Narmada,Gujarat,2016,9748820,2333,374,65,43,2,3,2817,4662,26066,149981,DataGovIn_RHS2016,2016
Bharuch,Gujarat,2016,2756088,390,70,19,1,4,4,484,1809,39372,145057,DataGovIn_RHS2016,2016
Surat,Gujarat,2016,6239646,1034,170,43,32,3,2,1282,2949,36703,145108,DataGovIn_RHS2016,2016
Navsari,Gujarat,2016,4545876,608,119,30,4,2,5,763,2110,38200,151529,DataGovIn_RHS2016,2016
Valsad,Gujarat,2016,1101319,186,44,11,3,3,4,247,1210,25029,100119,DataGovIn_RHS2016,2016
Dang,Gujarat,2016,831940,127,19,8,1,1,2,156,565,43786,103992,DataGovIn_RHS2016,2016
Tapi,Gujarat,2016,387591,75,11,3,0,2,5,91,623,35235,129197,DataGovIn_RHS2016,2016
Botad,Gujarat,2016,1259376,180,47,8,5,2,5,242,923,26795,157422,DataGovIn_RHS2016,2016
Amreli,Gujarat,2016,982115,146,24,7,1,1,5,179,580,40921,140302,DataGovIn_RHS2016,2016
Gir Somnath,Gujarat,2016,2964697,374,97,22,4,2,1,499,1658,30563,134758,DataGovIn_RHS2016,2016
Porbandar,Gujarat,2016,6086337,886,174,43,8,1,1,1112,2581,34978,141542,DataGovIn_RHS2016,2016
Devbhumi Dwarka,Gujarat,2016,3113940,453,120,23,4,1,3,601,1652,25949,135388,DataGovIn_RHS2016,2016
Morbi,Gujarat,2016,2123906,281,64,19,0,1,2,365,1245,33186,111784,DataGovIn_RHS2016,2016
Chhota Udaipur,Gujarat,2016,2093071,291,70,15,7,4,2,387,1720,29901,139538,DataGovIn_RHS2016,2016
Mahisagar,Gujarat,2016,1333925,175,49,11,2,1,5,238,826,27222,121265,DataGovIn_RHS2016,2016
Ambala,Haryana,2016,12378149,1873,276,143,43,1,3,2336,6184,44848,86560,DataGovIn_RHS2016,2016
Yamuna Nagar,Haryana,2016,4846766,879,130,34,5,2,0,1050,2300,37282,142551,DataGovIn_RHS2016,2016
Kurukshetra,Haryana,2016,734542,178,24,4,4,3,0,213,943,30605,183635,DataGovIn_RHS2016,2016
Kaithal,Haryana,2016,3573882,644,126,29,25,2,0,826,2079,28364,123237,DataGovIn_RHS2016,2016
Karnal,Haryana,2016,1147815,192,32,10,4,3,3,241,1142,35869,114781,DataGovIn_RHS2016,2016
Panipat,Haryana,2016,15000000,2567,374,105,49,2,5,3097,5844,40106,142857,DataGovIn_RHS2016,2016
Sonipat,Haryana,2016,1209395,156,45,10,6,3,2,220,1177,26875,120939,DataGovIn_RHS2016,2016
Rohtak,Haryana,2016,12367147,2372,402,92,32,3,5,2901,5776,30764,134425,DataGovIn_RHS2016,2016
Jhajjar,Haryana,2016,9583375,1662,284,64,43,3,4,2056,4322,33744,149740,DataGovIn_RHS2016,2016
Fatehabad,Haryana,2016,12691899,2669,430,116,1,3,5,3219,6737,29516,109412,DataGovIn_RHS2016,2016
Hisar,Haryana,2016,1423695,258,41,15,2,4,1,320,1551,34724,94913,DataGovIn_RHS2016,2016
Bhiwani,Haryana,2016,8947103,1188,327,88,18,3,1,1624,5302,27361,101671,DataGovIn_RHS2016,2016
Charkhi Dadri,Haryana,2016,1930983,342,69,13,5,3,2,432,1490,27985,148537,DataGovIn_RHS2016,2016
Mahendragarh,Haryana,2016,12094077,2626,313,86,40,1,4,3066,4752,38639,140628,DataGovIn_RHS2016,2016
Rewari,Haryana,2016,1308640,219,29,8,4,1,5,261,693,45125,163580,DataGovIn_RHS2016,2016
Gurugram,Haryana,2016,5663903,733,202,58,19,1,5,1013,3228,28039,97653,DataGovIn_RHS2016,2016
Faridabad,Haryana,2016,3839359,611,117,40,17,3,1,788,2519,32815,95983,DataGovIn_RHS2016,2016
Palwal,Haryana,2016,334912,48,7,3,1,2,2,61,617,47844,111637,DataGovIn_RHS2016,2016
Nuh,Haryana,2016,8525074,2015,239,89,16,2,0,2361,4592,35669,95787,DataGovIn_RHS2016,2016
Panchkula,Haryana,2016,471518,94,17,3,3,4,0,121,1039,27736,157172,DataGovIn_RHS2016,2016
Sirsa,Haryana,2016,15000000,1893,494,106,93,4,5,2590,7016,30364,141509,DataGovIn_RHS2016,2016
Shimla,Himachal Pradesh,2016,524504,78,14,3,1,3,5,99,872,37464,174834,DataGovIn_RHS2016,2016
Mandi,Himachal Pradesh,2016,527066,67,12,5,0,3,1,87,877,43922,105413,DataGovIn_RHS2016,2016
Kangra,Himachal Pradesh,2016,106408,19,3,1,1,4,5,28,924,35469,106408,DataGovIn_RHS2016,2016
Solan,Himachal Pradesh,2016,2531414,356,77,18,13,2,2,466,1418,32875,140634,DataGovIn_RHS2016,2016
Una,Himachal Pradesh,2016,2916335,675,91,27,17,1,4,811,1598,32047,108012,DataGovIn_RHS2016,2016
Hamirpur,Himachal Pradesh,2016,2231437,289,51,15,4,1,2,360,979,43753,148762,DataGovIn_RHS2016,2016
Bilaspur,Himachal Pradesh,2016,1448936,205,39,14,5,4,3,267,1492,37152,103495,DataGovIn_RHS2016,2016
Chamba,Himachal Pradesh,2016,503091,68,17,3,1,1,3,90,427,29593,167697,DataGovIn_RHS2016,2016
Kullu,Himachal Pradesh,2016,1519610,334,46,11,1,3,1,395,1255,33035,138146,DataGovIn_RHS2016,2016
Lahaul & Spiti,Himachal Pradesh,2016,1708059,380,41,20,4,2,1,447,1266,41659,85402,DataGovIn_RHS2016,2016
Kinnaur,Himachal Pradesh,2016,194709,25,4,1,1,3,1,34,745,48677,194709,DataGovIn_RHS2016,2016
Sirmaur,Himachal Pradesh,2016,621545,85,18,5,3,2,0,113,745,34530,124309,DataGovIn_RHS2016,2016
Ranchi,Jharkhand,2016,2113515,277,82,16,3,4,4,382,1817,25774,132094,DataGovIn_RHS2016,2016
Dhanbad,Jharkhand,2016,13433393,1749,482,151,47,4,0,2433,8293,27870,88962,DataGovIn_RHS2016,2016
Bokaro,Jharkhand,2016,3338018,651,118,31,21,3,5,824,2260,28288,107678,DataGovIn_RHS2016,2016
Giridih,Jharkhand,2016,8148285,1421,188,59,16,3,5,1687,3581,43341,138106,DataGovIn_RHS2016,2016
Hazaribagh,Jharkhand,2016,2153014,284,61,24,3,2,5,374,1572,35295,89708,DataGovIn_RHS2016,2016
Koderma,Jharkhand,2016,972556,237,27,7,5,2,1,278,828,36020,138936,DataGovIn_RHS2016,2016
Chatra,Jharkhand,2016,2113797,361,76,19,10,4,1,470,1850,27813,111252,DataGovIn_RHS2016,2016
Latehar,Jharkhand,2016,9539736,1624,350,66,5,3,1,2048,4736,27256,144541,DataGovIn_RHS2016,2016
Lohardaga,Jharkhand,2016,6547003,846,249,45,23,3,5,1166,3510,26293,145488,DataGovIn_RHS2016,2016
Gumla,Jharkhand,2016,9648271,1454,372,117,19,4,5,1966,6564,25936,82463,DataGovIn_RHS2016,2016
Simdega,Jharkhand,2016,4779115,690,181,51,29,2,0,953,3070,26403,93708,DataGovIn_RHS2016,2016
West Singhbhum,Jharkhand,2016,3015161,734,97,20,3,2,3,856,1649,31084,150758,DataGovIn_RHS2016,2016
East Singhbhum,Jharkhand,2016,14972492,2072,385,130,21,1,1,2609,6425,38889,115173,DataGovIn_RHS2016,2016
Seraikela Kharsawan,Jharkhand,2016,6726534,1403,179,64,9,4,1,1659,3886,37578,105102,DataGovIn_RHS2016,2016
Khunti,Jharkhand,2016,834228,203,22,6,3,2,2,236,728,37919,139038,DataGovIn_RHS2016,2016
Ramgarh,Jharkhand,2016,2606618,379,58,24,10,2,1,473,1486,44941,108609,DataGovIn_RHS2016,2016
Deoghar,Jharkhand,2016,897980,192,23,6,3,2,5,226,796,39042,149663,DataGovIn_RHS2016,2016
Jamtara,Jharkhand,2016,5136546,1079,144,41,0,3,2,1267,2754,35670,125281,DataGovIn_RHS2016,2016
Dumka,Jharkhand,2016,4346850,642,104,32,7,3,1,788,2200,41796,135839,DataGovIn_RHS2016,2016
Godda,Jharkhand,2016,2703181,550,80,23,1,4,3,658,1981,33789,117529,DataGovIn_RHS2016,2016
Sahibganj,Jharkhand,2016,5116758,670,142,45,16,2,3,875,2679,36033,113705,DataGovIn_RHS2016,2016
Pakur,Jharkhand,2016,6388726,1066,144,47,25,2,1,1284,2722,44366,135930,DataGovIn_RHS2016,2016
Bengaluru Urban,Karnataka,2016,1333312,320,52,15,6,1,2,394,1044,25640,88887,DataGovIn_RHS2016,2016
Bengaluru Rural,Karnataka,2016,4993579,676,120,42,17,2,5,857,2391,41613,118894,DataGovIn_RHS2016,2016
Ramanagara,Karnataka,2016,5249704,668,150,38,20,4,5,880,2937,34998,138150,DataGovIn_RHS2016,2016
Tumkur,Karnataka,2016,1134320,224,26,8,3,2,2,263,852,43627,141790,DataGovIn_RHS2016,2016
Kolar,Karnataka,2016,3916365,558,141,41,6,2,1,748,2496,27775,95521,DataGovIn_RHS2016,2016
Chikkaballapura,Karnataka,2016,5044427,656,143,40,24,3,2,866,2677,35275,126110,DataGovIn_RHS2016,2016
Chitradurga,Karnataka,2016,143284,26,3,1,0,2,1,32,541,47761,143284,DataGovIn_RHS2016,2016
Davanagere,Karnataka,2016,1768638,225,53,16,9,3,1,306,1445,33370,110539,DataGovIn_RHS2016,2016
Shivamogga,Karnataka,2016,9060534,1367,210,93,40,4,1,1714,4858,43145,97425,DataGovIn_RHS2016,2016
Chikkamagaluru,Karnataka,2016,2092952,282,76,24,12,4,2,398,1989,27538,87206,DataGovIn_RHS2016,2016
Hassan,Karnataka,2016,4339799,593,172,34,14,3,0,816,2735,25231,127641,DataGovIn_RHS2016,2016
Kodagu,Karnataka,2016,2530071,405,90,17,2,2,3,516,1472,28111,148827,DataGovIn_RHS2016,2016
Mysuru,Karnataka,2016,3884312,692,148,28,21,4,1,893,2601,26245,138725,DataGovIn_RHS2016,2016
Mandya,Karnataka,2016,1140913,156,33,10,0,3,5,202,1133,34573,114091,DataGovIn_RHS2016,2016
Chamarajanagar,Karnataka,2016,9744672,1360,376,95,72,1,1,1904,5386,25916,102575,DataGovIn_RHS2016,2016
Dharwad,Karnataka,2016,8301197,1250,256,75,46,3,0,1630,4395,32426,110682,DataGovIn_RHS2016,2016
Belagavi,Karnataka,2016,7480543,1194,172,71,27,3,0,1467,3834,43491,105359,DataGovIn_RHS2016,2016
Vijayapura,Karnataka,2016,5498598,711,204,42,37,2,4,996,2925,26953,130919,DataGovIn_RHS2016,2016
Bagalkot,Karnataka,2016,2956451,509,84,21,1,4,0,619,1951,35195,140783,DataGovIn_RHS2016,2016
Gadag,Karnataka,2016,1695310,416,59,11,10,1,0,497,963,28734,154119,DataGovIn_RHS2016,2016
Haveri,Karnataka,2016,4559911,610,130,50,21,1,1,812,2519,35076,91198,DataGovIn_RHS2016,2016
Uttara Kannada,Karnataka,2016,3592276,836,123,37,22,4,4,1022,2699,29205,97088,DataGovIn_RHS2016,2016
Udupi,Karnataka,2016,2605666,445,71,23,0,4,1,543,1925,36699,113289,DataGovIn_RHS2016,2016
Dakshina Kannada,Karnataka,2016,2946116,632,84,25,2,2,1,745,1710,35072,117844,DataGovIn_RHS2016,2016
Ballari,Karnataka,2016,10459643,1582,271,127,21,4,5,2005,6305,38596,82359,DataGovIn_RHS2016,2016
Raichur,Karnataka,2016,1241719,218,41,9,3,3,1,274,1130,30285,137968,DataGovIn_RHS2016,2016
Koppal,Karnataka,2016,1334209,208,35,12,4,2,0,261,1035,38120,111184,DataGovIn_RHS2016,2016
Yadgir,Karnataka,2016,7517225,1123,184,60,11,2,0,1380,3322,40854,125287,DataGovIn_RHS2016,2016
Kalaburagi,Karnataka,2016,3084653,737,112,36,0,3,3,888,2400,27541,85684,DataGovIn_RHS2016,2016
Bidar,Karnataka,2016,7981739,1568,260,63,51,3,3,1945,4050,30698,126694,DataGovIn_RHS2016,2016
Thiruvananthapuram,Kerala,2016,286720,41,11,2,2,4,3,60,965,26065,143360,DataGovIn_RHS2016,2016
Kollam,Kerala,2016,4789560,914,125,43,12,3,4,1097,2697,38316,111385,DataGovIn_RHS2016,2016
Pathanamthitta,Kerala,2016,7665914,1202,176,54,5,4,1,1441,3525,43556,141961,DataGovIn_RHS2016,2016
Alappuzha,Kerala,2016,15000000,1983,447,100,32,3,0,2565,6284,33557,150000,DataGovIn_RHS2016,2016
Kottayam,Kerala,2016,15000000,2665,467,116,60,2,0,3310,6757,32119,129310,DataGovIn_RHS2016,2016
Idukki,Kerala,2016,2666756,383,59,22,9,2,3,475,1470,45199,121216,DataGovIn_RHS2016,2016
Ernakulam,Kerala,2016,1569863,363,36,13,5,2,4,419,1095,43607,120758,DataGovIn_RHS2016,2016
Thrissur,Kerala,2016,15000000,2717,477,179,47,4,5,3424,9033,31446,83798,DataGovIn_RHS2016,2016
Palakkad,Kerala,2016,15000000,3179,468,164,20,4,3,3835,8614,32051,91463,DataGovIn_RHS2016,2016
Malappuram,Kerala,2016,2146874,444,69,14,13,3,4,543,1471,31114,153348,DataGovIn_RHS2016,2016
Kozhikode,Kerala,2016,5352406,698,143,44,18,3,4,906,2828,37429,121645,DataGovIn_RHS2016,2016
Wayanad,Kerala,2016,15000000,2780,489,119,31,3,2,3422,7200,30674,126050,DataGovIn_RHS2016,2016
Kannur,Kerala,2016,3582394,709,83,24,7,3,5,826,1850,43161,149266,DataGovIn_RHS2016,2016
Kasaragod,Kerala,2016,4954396,693,121,48,3,4,4,869,3043,40945,103216,DataGovIn_RHS2016,2016
Bhopal,Madhya Pradesh,2016,1490291,234,37,15,4,3,4,293,1329,40278,99352,DataGovIn_RHS2016,2016
Indore,Madhya Pradesh,2016,1077876,209,29,10,3,3,0,254,1141,37168,107787,DataGovIn_RHS2016,2016
Jabalpur,Madhya Pradesh,2016,1397789,198,33,10,1,2,1,244,904,42357,139778,DataGovIn_RHS2016,2016
Gwalior,Madhya Pradesh,2016,3888652,610,111,43,15,2,4,781,2441,35032,90433,DataGovIn_RHS2016,2016
Ujjain,Madhya Pradesh,2016,6379735,877,168,45,17,1,1,1108,2578,37974,141771,DataGovIn_RHS2016,2016
Sagar,Madhya Pradesh,2016,770874,174,30,5,4,4,1,217,1137,25695,154174,DataGovIn_RHS2016,2016
Satna,Madhya Pradesh,2016,4664021,689,170,41,2,4,2,906,3088,27435,113756,DataGovIn_RHS2016,2016
Rewa,Madhya Pradesh,2016,2508535,330,70,26,10,4,2,440,2043,35836,96482,DataGovIn_RHS2016,2016
Katni,Madhya Pradesh,2016,4053451,688,110,28,4,1,1,831,1701,36849,144766,DataGovIn_RHS2016,2016
Damoh,Madhya Pradesh,2016,2084454,499,68,18,4,4,0,593,1766,30653,115803,DataGovIn_RHS2016,2016
Chhatarpur,Madhya Pradesh,2016,4698217,681,159,56,1,2,5,899,3079,29548,83896,DataGovIn_RHS2016,2016
Tikamgarh,Madhya Pradesh,2016,2645423,597,65,28,13,4,2,707,2080,40698,94479,DataGovIn_RHS2016,2016
Niwari,Madhya Pradesh,2016,5388156,722,151,44,6,3,4,926,2869,35683,122458,DataGovIn_RHS2016,2016
Datia,Madhya Pradesh,2016,5738123,881,137,38,17,4,0,1077,2835,41884,151003,DataGovIn_RHS2016,2016
Bhind,Madhya Pradesh,2016,1404571,218,32,14,2,3,1,269,1245,43892,100326,DataGovIn_RHS2016,2016
Morena,Madhya Pradesh,2016,275964,40,8,2,0,2,4,52,578,34495,137982,DataGovIn_RHS2016,2016
Sheopur,Madhya Pradesh,2016,3722649,678,87,36,5,2,3,808,2022,42789,103406,DataGovIn_RHS2016,2016
Guna,Madhya Pradesh,2016,5657397,731,142,68,7,2,2,950,3350,39840,83197,DataGovIn_RHS2016,2016
Ashoknagar,Madhya Pradesh,2016,2175764,420,71,23,1,1,2,516,1345,30644,94598,DataGovIn_RHS2016,2016
Shivpuri,Madhya Pradesh,2016,4587126,689,116,42,23,4,4,874,2759,39544,109217,DataGovIn_RHS2016,2016
Vidisha,Madhya Pradesh,2016,794991,192,19,5,2,2,4,220,699,41841,158998,DataGovIn_RHS2016,2016
Raisen,Madhya Pradesh,2016,2995129,542,81,35,2,4,3,664,2372,36976,85575,DataGovIn_RHS2016,2016
Sehore,Madhya Pradesh,2016,2092611,491,69,13,4,2,2,579,1211,30327,160970,DataGovIn_RHS2016,2016
Hoshangabad,Madhya Pradesh,2016,2009817,434,56,14,5,1,1,510,976,35889,143558,DataGovIn_RHS2016,2016
Harda,Madhya Pradesh,2016,1180305,162,31,11,3,3,1,210,1173,38074,107300,DataGovIn_RHS2016,2016
Betul,Madhya Pradesh,2016,3611466,515,91,27,5,2,1,640,1773,39686,133758,DataGovIn_RHS2016,2016
Chhindwara,Madhya Pradesh,2016,4586578,754,163,33,0,2,0,952,2385,28138,138987,DataGovIn_RHS2016,2016
Seoni,Madhya Pradesh,2016,2122691,398,58,24,3,1,1,484,1270,36598,88445,DataGovIn_RHS2016,2016
Mandla,Madhya Pradesh,2016,829731,170,27,7,0,1,5,205,626,30730,118533,DataGovIn_RHS2016,2016
Balaghat,Madhya Pradesh,2016,2251123,315,69,16,7,4,1,411,1793,32624,140695,DataGovIn_RHS2016,2016
Dindori,Madhya Pradesh,2016,1616420,273,43,12,5,2,5,335,1025,37591,134701,DataGovIn_RHS2016,2016
Shahdol,Madhya Pradesh,2016,3425072,729,90,36,2,2,1,859,2114,38056,95140,DataGovIn_RHS2016,2016
Anuppur,Madhya Pradesh,2016,3504614,553,86,25,5,2,0,671,1693,40751,140184,DataGovIn_RHS2016,2016
Umaria,Madhya Pradesh,2016,3126666,615,72,23,0,2,4,712,1559,43425,135942,DataGovIn_RHS2016,2016
Sidhi,Madhya Pradesh,2016,257899,44,5,1,0,1,3,51,351,51579,257899,DataGovIn_RHS2016,2016
Singrauli,Madhya Pradesh,2016,2025956,435,71,14,4,1,2,525,1053,28534,144711,DataGovIn_RHS2016,2016
Ratlam,Madhya Pradesh,2016,1818470,315,42,16,4,4,5,381,1631,43296,113654,DataGovIn_RHS2016,2016
Mandsaur,Madhya Pradesh,2016,2321176,296,55,20,10,4,2,385,1763,42203,116058,DataGovIn_RHS2016,2016
Neemuch,Madhya Pradesh,2016,1245746,220,33,9,6,2,2,270,874,37749,138416,DataGovIn_RHS2016,2016
Agar Malwa,Madhya Pradesh,2016,928004,167,24,9,3,2,5,205,874,38666,103111,DataGovIn_RHS2016,2016
Shajapur,Madhya Pradesh,2016,1548548,237,48,10,1,2,1,298,1028,32261,154854,DataGovIn_RHS2016,2016
Rajgarh,Madhya Pradesh,2016,1222767,191,29,10,5,3,3,238,1124,42164,122276,DataGovIn_RHS2016,2016
Dewas,Madhya Pradesh,2016,4469401,635,145,45,16,2,1,843,2682,30823,99320,DataGovIn_RHS2016,2016
Khargone,Madhya Pradesh,2016,4981530,997,173,41,4,2,0,1217,2684,28794,121500,DataGovIn_RHS2016,2016
Barwani,Madhya Pradesh,2016,2337431,538,52,26,7,1,1,624,1381,44950,89901,DataGovIn_RHS2016,2016
Dhar,Madhya Pradesh,2016,3378591,627,87,30,1,1,3,746,1628,38834,112619,DataGovIn_RHS2016,2016
Jhabua,Madhya Pradesh,2016,3107894,417,89,24,7,2,2,539,1667,34920,129495,DataGovIn_RHS2016,2016
Alirajpur,Madhya Pradesh,2016,173427,27,4,1,1,2,4,35,494,43356,173427,DataGovIn_RHS2016,2016
Khandwa,Madhya Pradesh,2016,1279753,184,29,14,0,2,1,229,1012,44129,91410,DataGovIn_RHS2016,2016
Burhanpur,Madhya Pradesh,2016,2364972,310,53,17,3,2,4,385,1286,44622,139116,DataGovIn_RHS2016,2016
Narsinghpur,Madhya Pradesh,2016,687083,145,27,4,1,2,0,179,730,25447,171770,DataGovIn_RHS2016,2016
Mumbai City,Maharashtra,2016,1638623,348,42,12,4,4,1,410,1436,39014,136551,DataGovIn_RHS2016,2016
Mumbai Suburban,Maharashtra,2016,2119867,304,84,17,6,2,2,413,1451,25236,124698,DataGovIn_RHS2016,2016
Thane,Maharashtra,2016,3557135,682,83,25,9,4,4,803,2124,42857,142285,DataGovIn_RHS2016,2016
Palghar,Maharashtra,2016,4941401,781,156,49,1,2,0,989,2853,31675,100844,DataGovIn_RHS2016,2016
Raigad,Maharashtra,2016,610317,94,18,5,2,1,4,120,556,33906,122063,DataGovIn_RHS2016,2016
Ratnagiri,Maharashtra,2016,7218215,962,250,56,31,3,4,1302,3869,28872,128896,DataGovIn_RHS2016,2016
Sindhudurg,Maharashtra,2016,603984,79,18,4,1,2,4,104,722,33554,150996,DataGovIn_RHS2016,2016
Nashik,Maharashtra,2016,1318551,250,44,14,7,4,2,319,1505,29967,94182,DataGovIn_RHS2016,2016
Dhule,Maharashtra,2016,2879841,620,89,31,13,1,3,754,1708,32357,92898,DataGovIn_RHS2016,2016
Nandurbar,Maharashtra,2016,4461140,722,160,36,1,3,4,922,2732,27882,123920,DataGovIn_RHS2016,2016
Jalgaon,Maharashtra,2016,11057657,1434,394,110,9,3,3,1950,6291,28065,100524,DataGovIn_RHS2016,2016
Ahmednagar,Maharashtra,2016,2306409,553,62,22,10,4,1,651,1887,37200,104836,DataGovIn_RHS2016,2016
Pune,Maharashtra,2016,7057710,1417,183,51,26,2,4,1679,3120,38566,138386,DataGovIn_RHS2016,2016
Satara,Maharashtra,2016,1238964,238,30,13,3,4,0,288,1412,41298,95304,DataGovIn_RHS2016,2016
Sangli,Maharashtra,2016,8577810,1289,228,104,42,3,0,1666,5112,37621,82478,DataGovIn_RHS2016,2016
Solapur,Maharashtra,2016,1707084,354,62,13,12,1,0,442,996,27533,131314,DataGovIn_RHS2016,2016
Kolhapur,Maharashtra,2016,1790967,284,42,18,2,1,5,347,1002,42642,99498,DataGovIn_RHS2016,2016
Aurangabad,Maharashtra,2016,4335545,921,154,29,5,1,2,1110,2089,28152,149501,DataGovIn_RHS2016,2016
Jalna,Maharashtra,2016,831883,160,21,5,2,2,3,190,745,39613,166376,DataGovIn_RHS2016,2016
Beed,Maharashtra,2016,168647,29,4,1,0,1,4,35,268,42161,168647,DataGovIn_RHS2016,2016
Latur,Maharashtra,2016,6089422,994,201,51,24,3,2,1273,3432,30295,119400,DataGovIn_RHS2016,2016
Osmanabad,Maharashtra,2016,3767750,830,90,47,12,2,4,981,2414,41863,80164,DataGovIn_RHS2016,2016
Nanded,Maharashtra,2016,5083492,663,145,40,15,2,2,865,2536,35058,127087,DataGovIn_RHS2016,2016
Hingoli,Maharashtra,2016,803688,151,20,7,3,3,3,184,1025,40184,114812,DataGovIn_RHS2016,2016
Parbhani,Maharashtra,2016,956947,182,23,7,1,2,2,215,832,41606,136706,DataGovIn_RHS2016,2016
Akola,Maharashtra,2016,11290066,2391,303,86,27,2,1,2809,4807,37260,131279,DataGovIn_RHS2016,2016
Amravati,Maharashtra,2016,1605833,336,63,12,0,3,1,414,1416,25489,133819,DataGovIn_RHS2016,2016
Buldhana,Maharashtra,2016,11691916,2332,398,78,36,4,4,2848,5600,29376,149896,DataGovIn_RHS2016,2016
Washim,Maharashtra,2016,3277071,462,84,37,15,4,1,602,2511,39012,88569,DataGovIn_RHS2016,2016
Yavatmal,Maharashtra,2016,2844443,505,76,19,8,1,5,609,1246,37426,149707,DataGovIn_RHS2016,2016
Wardha,Maharashtra,2016,5345976,882,184,40,1,1,1,1108,2559,29054,133649,DataGovIn_RHS2016,2016
Nagpur,Maharashtra,2016,938405,164,36,7,2,1,0,210,626,26066,134057,DataGovIn_RHS2016,2016
Bhandara,Maharashtra,2016,10229057,1897,353,112,43,2,4,2407,5928,28977,91330,DataGovIn_RHS2016,2016
Gondia,Maharashtra,2016,10925869,2298,405,106,5,3,1,2817,6244,26977,103074,DataGovIn_RHS2016,2016
Chandrapur,Maharashtra,2016,767184,154,21,7,0,3,4,185,1024,36532,109597,DataGovIn_RHS2016,2016
Gadchiroli,Maharashtra,2016,10081363,2169,302,73,10,1,0,2555,4259,33381,138100,DataGovIn_RHS2016,2016
Imphal West,Manipur,2016,959625,171,24,10,3,4,1,212,1273,39984,95962,DataGovIn_RHS2016,2016
Imphal East,Manipur,2016,2836726,602,78,19,12,2,1,713,1499,36368,149301,DataGovIn_RHS2016,2016
Thoubal,Manipur,2016,1686009,299,42,14,1,4,1,360,1522,40143,120429,DataGovIn_RHS2016,2016
Bishnupur,Manipur,2016,712056,122,23,6,0,1,0,152,542,30958,118676,DataGovIn_RHS2016,2016
Kakching,Manipur,2016,3449957,746,98,37,7,2,0,890,2184,35203,93242,DataGovIn_RHS2016,2016
Churachandpur,Manipur,2016,2674510,434,76,18,11,2,3,541,1490,35190,148583,DataGovIn_RHS2016,2016
Senapati,Manipur,2016,437035,68,10,3,1,1,3,83,411,43703,145678,DataGovIn_RHS2016,2016
Ukhrul,Manipur,2016,1899357,318,70,22,12,3,4,425,1701,27133,86334,DataGovIn_RHS2016,2016
Chandel,Manipur,2016,274505,68,6,2,0,3,1,79,794,45750,137252,DataGovIn_RHS2016,2016
Tengnoupal,Manipur,2016,130290,30,4,1,1,1,3,37,318,32572,130290,DataGovIn_RHS2016,2016
Tamenglong,Manipur,2016,2013695,297,62,16,9,2,4,386,1340,32478,125855,DataGovIn_RHS2016,2016
Noney,Manipur,2016,818635,157,21,8,0,2,5,188,816,38982,102329,DataGovIn_RHS2016,2016
Jiribam,Manipur,2016,1016884,184,26,7,4,4,1,225,1244,39110,145269,DataGovIn_RHS2016,2016
Pherzawl,Manipur,2016,368381,49,10,4,1,4,1,68,1019,36838,92095,DataGovIn_RHS2016,2016
Kangpokpi,Manipur,2016,1685741,260,45,11,2,3,2,321,1228,37460,153249,DataGovIn_RHS2016,2016
East Khasi Hills,Meghalaya,2016,3474980,542,90,28,0,4,5,664,2218,38610,124106,DataGovIn_RHS2016,2016
West Khasi Hills,Meghalaya,2016,820360,108,22,6,3,3,5,142,972,37289,136726,DataGovIn_RHS2016,2016
South West Khasi Hills,Meghalaya,2016,2804133,613,75,25,9,1,3,723,1473,37388,112165,DataGovIn_RHS2016,2016
Ri Bhoi,Meghalaya,2016,1080786,166,31,9,4,4,2,214,1343,34864,120087,DataGovIn_RHS2016,2016
East Jaintia Hills,Meghalaya,2016,1388193,206,46,13,9,3,3,277,1301,30178,106784,DataGovIn_RHS2016,2016
West Jaintia Hills,Meghalaya,2016,422851,98,12,3,2,3,0,118,814,35237,140950,DataGovIn_RHS2016,2016
East Garo Hills,Meghalaya,2016,228230,39,7,2,1,2,3,51,595,32604,114115,DataGovIn_RHS2016,2016
West Garo Hills,Meghalaya,2016,612940,96,14,7,1,3,4,121,962,43781,87562,DataGovIn_RHS2016,2016
South Garo Hills,Meghalaya,2016,1086934,264,35,13,2,4,0,318,1441,31055,83610,DataGovIn_RHS2016,2016
Eastern West Khasi Hills,Meghalaya,2016,1298485,165,47,9,0,2,3,223,969,27627,144276,DataGovIn_RHS2016,2016
North Garo Hills,Meghalaya,2016,3657164,466,141,33,17,1,0,658,2105,25937,110823,DataGovIn_RHS2016,2016
Aizawl,Mizoram,2016,1596774,338,44,16,8,1,1,407,944,36290,99798,DataGovIn_RHS2016,2016
Lunglei,Mizoram,2016,1369078,219,38,11,0,3,3,271,1197,36028,124461,DataGovIn_RHS2016,2016
Champhai,Mizoram,2016,606896,91,16,6,3,3,5,119,889,37931,101149,DataGovIn_RHS2016,2016
Kolasib,Mizoram,2016,1141240,183,34,8,0,2,3,227,944,33565,142655,DataGovIn_RHS2016,2016
Mamit,Mizoram,2016,1006079,183,39,12,0,3,5,237,1243,25796,83839,DataGovIn_RHS2016,2016
Serchhip,Mizoram,2016,1255056,178,37,10,5,2,0,232,967,33920,125505,DataGovIn_RHS2016,2016
Lawngtlai,Mizoram,2016,641244,115,23,6,4,2,3,150,787,27880,106874,DataGovIn_RHS2016,2016
Siaha,Mizoram,2016,132849,19,3,1,1,1,4,25,345,44283,132849,DataGovIn_RHS2016,2016
Khawzawl,Mizoram,2016,116480,19,2,1,0,4,1,26,895,58240,116480,DataGovIn_RHS2016,2016
Hnahthial,Mizoram,2016,597513,79,14,7,2,2,3,104,741,42679,85359,DataGovIn_RHS2016,2016
Saitual,Mizoram,2016,1025330,135,37,10,4,3,2,189,1138,27711,102533,DataGovIn_RHS2016,2016
Kohima,Nagaland,2016,711594,111,16,6,2,3,3,138,947,44474,118599,DataGovIn_RHS2016,2016
Dimapur,Nagaland,2016,2963911,389,89,20,5,3,0,506,1782,33302,148195,DataGovIn_RHS2016,2016
Mokokchung,Nagaland,2016,376980,82,9,4,1,4,3,100,991,41886,94245,DataGovIn_RHS2016,2016
Wokha,Nagaland,2016,1672881,317,49,18,2,1,4,387,1035,34140,92937,DataGovIn_RHS2016,2016
Zunheboto,Nagaland,2016,2324225,436,79,18,9,4,0,546,1847,29420,129123,DataGovIn_RHS2016,2016
Tuensang,Nagaland,2016,740323,123,21,6,4,3,5,157,1006,35253,123387,DataGovIn_RHS2016,2016
Mon,Nagaland,2016,2057113,387,55,16,5,2,0,465,1239,37402,128569,DataGovIn_RHS2016,2016
Phek,Nagaland,2016,106888,17,3,1,0,2,2,23,490,35629,106888,DataGovIn_RHS2016,2016
Kiphire,Nagaland,2016,748351,108,25,8,4,1,0,146,684,29934,93543,DataGovIn_RHS2016,2016
Longleng,Nagaland,2016,95153,19,3,1,0,1,5,24,347,31717,95153,DataGovIn_RHS2016,2016
Peren,Nagaland,2016,1280420,217,29,10,5,4,3,265,1294,44152,128042,DataGovIn_RHS2016,2016
Tseminyu,Nagaland,2016,1454757,255,47,11,3,3,4,319,1253,30952,132250,DataGovIn_RHS2016,2016
Shamator,Nagaland,2016,473168,69,15,4,1,3,1,92,897,31544,118292,DataGovIn_RHS2016,2016
Noklak,Nagaland,2016,2215854,300,79,15,3,4,0,401,1788,28048,147723,DataGovIn_RHS2016,2016
Khordha,Odisha,2016,494884,93,15,5,0,1,2,114,446,32992,98976,DataGovIn_RHS2016,2016
Cuttack,Odisha,2016,2939577,480,77,27,2,3,3,589,1930,38176,108873,DataGovIn_RHS2016,2016
Puri,Odisha,2016,2238218,428,65,16,10,2,2,521,1368,34434,139888,DataGovIn_RHS2016,2016
Jagatsinghpur,Odisha,2016,384142,84,11,3,2,3,0,103,815,34922,128047,DataGovIn_RHS2016,2016
Kendrapara,Odisha,2016,298113,66,8,2,1,2,2,79,545,37264,149056,DataGovIn_RHS2016,2016
Bhadrak,Odisha,2016,8264245,1118,222,100,14,4,4,1458,5200,37226,82642,DataGovIn_RHS2016,2016
Balasore,Odisha,2016,1052236,255,36,8,6,1,0,306,744,29228,131529,DataGovIn_RHS2016,2016
Mayurbhanj,Odisha,2016,3607277,750,86,30,5,4,0,875,2281,41945,120242,DataGovIn_RHS2016,2016
Keonjhar,Odisha,2016,1493939,253,41,16,8,1,2,319,948,36437,93371,DataGovIn_RHS2016,2016
Dhenkanal,Odisha,2016,1473416,248,42,18,8,4,1,320,1632,35081,81856,DataGovIn_RHS2016,2016
Angul,Odisha,2016,1223139,181,39,13,4,4,2,241,1508,31362,94087,DataGovIn_RHS2016,2016
Jajpur,Odisha,2016,6137699,1265,194,64,32,1,0,1556,3349,31637,95901,DataGovIn_RHS2016,2016
Nayagarh,Odisha,2016,1613104,257,59,14,7,2,2,339,1209,27340,115221,DataGovIn_RHS2016,2016
Ganjam,Odisha,2016,5548873,742,158,42,28,4,1,974,3083,35119,132116,DataGovIn_RHS2016,2016
Gajapati,Odisha,2016,4605156,636,125,54,9,2,1,826,2820,36841,85280,DataGovIn_RHS2016,2016
Kandhamal,Odisha,2016,5278266,1161,142,53,12,4,2,1372,3285,37170,99589,DataGovIn_RHS2016,2016
Boudh,Odisha,2016,956818,227,26,7,0,1,0,261,572,36800,136688,DataGovIn_RHS2016,2016
Bolangir,Odisha,2016,1397126,227,38,12,0,2,5,279,1078,36766,116427,DataGovIn_RHS2016,2016
Sonepur,Odisha,2016,4157805,775,154,48,19,4,5,1000,3230,26998,86620,DataGovIn_RHS2016,2016
Nuapada,Odisha,2016,2375345,460,77,18,12,3,5,570,1667,30848,131963,DataGovIn_RHS2016,2016
Bargarh,Odisha,2016,1821621,256,58,13,10,4,4,341,1585,31407,140124,DataGovIn_RHS2016,2016
Sambalpur,Odisha,2016,2082099,361,57,14,7,3,5,442,1452,36528,148721,DataGovIn_RHS2016,2016
Jharsuguda,Odisha,2016,437776,69,10,4,2,1,4,86,386,43777,109444,DataGovIn_RHS2016,2016
Sundargarh,Odisha,2016,4115640,872,155,31,29,1,1,1088,2098,26552,132762,DataGovIn_RHS2016,2016
Deogarh,Odisha,2016,5543635,906,192,45,28,1,3,1172,2703,28873,123191,DataGovIn_RHS2016,2016
Rayagada,Odisha,2016,491939,63,12,4,1,3,0,83,826,40994,122984,DataGovIn_RHS2016,2016
Koraput,Odisha,2016,5150090,717,176,44,10,4,4,951,3189,29261,117047,DataGovIn_RHS2016,2016
Nabarangpur,Odisha,2016,9617875,2220,243,77,13,3,3,2556,4436,39579,124907,DataGovIn_RHS2016,2016
Malkangiri,Odisha,2016,3920686,879,147,40,15,1,2,1082,2325,26671,98017,DataGovIn_RHS2016,2016
Kalahandi,Odisha,2016,1662056,263,38,20,2,1,3,324,1087,43738,83102,DataGovIn_RHS2016,2016
Amritsar,Punjab,2016,10890063,1726,336,120,54,4,4,2240,6442,32410,90750,DataGovIn_RHS2016,2016
Gurdaspur,Punjab,2016,6873094,1407,168,79,20,1,5,1675,3637,40911,87001,DataGovIn_RHS2016,2016
Pathankot,Punjab,2016,745584,95,29,5,2,2,1,133,810,25709,149116,DataGovIn_RHS2016,2016
Hoshiarpur,Punjab,2016,13227255,2371,331,149,30,1,0,2882,6687,39961,88773,DataGovIn_RHS2016,2016
Nawanshahr,Punjab,2016,14885797,1900,417,106,60,3,1,2486,6364,35697,140432,DataGovIn_RHS2016,2016
Rupnagar,Punjab,2016,14671110,1965,458,151,54,1,4,2629,7485,32032,97159,DataGovIn_RHS2016,2016
Mohali,Punjab,2016,5325474,787,168,45,6,1,0,1007,2594,31699,118343,DataGovIn_RHS2016,2016
Ludhiana,Punjab,2016,9739668,1833,228,96,45,4,1,2206,5099,42717,101454,DataGovIn_RHS2016,2016
Firozpur,Punjab,2016,1434621,335,45,11,8,4,1,403,1448,31880,130420,DataGovIn_RHS2016,2016
Fazilka,Punjab,2016,2969568,422,106,26,6,3,4,563,2108,28014,114214,DataGovIn_RHS2016,2016
Moga,Punjab,2016,10022931,1566,275,105,15,1,5,1962,5000,36447,95456,DataGovIn_RHS2016,2016
Jalandhar,Punjab,2016,680626,104,18,4,3,1,2,130,509,37812,170156,DataGovIn_RHS2016,2016
Kapurthala,Punjab,2016,3738160,477,109,38,20,3,3,647,2442,34295,98372,DataGovIn_RHS2016,2016
Fatehgarh Sahib,Punjab,2016,2791603,563,80,30,11,1,0,685,1628,34895,93053,DataGovIn_RHS2016,2016
Patiala,Punjab,2016,8887535,1722,270,69,2,2,4,2065,4120,32916,128804,DataGovIn_RHS2016,2016
Sangrur,Punjab,2016,8601546,1461,300,104,10,4,5,1879,5768,28671,82707,DataGovIn_RHS2016,2016
Malerkotla,Punjab,2016,6647462,1178,208,68,11,1,3,1466,3520,31958,97756,DataGovIn_RHS2016,2016
Barnala,Punjab,2016,1483968,295,35,11,1,1,0,343,819,42399,134906,DataGovIn_RHS2016,2016
Bathinda,Punjab,2016,3061157,382,89,20,6,3,4,500,1815,34395,153057,DataGovIn_RHS2016,2016
Mansa,Punjab,2016,3538614,460,106,35,11,1,0,613,1910,33383,101103,DataGovIn_RHS2016,2016
Muktsar,Punjab,2016,8787812,1316,244,98,13,1,2,1672,4622,36015,89671,DataGovIn_RHS2016,2016
Faridkot,Punjab,2016,4639372,780,159,51,6,3,5,999,3117,29178,90968,DataGovIn_RHS2016,2016
Tarn Taran,Punjab,2016,6778764,1010,198,57,37,2,4,1304,3338,34236,118925,DataGovIn_RHS2016,2016
Jaipur,Rajasthan,2016,5368449,748,123,44,18,1,3,934,2321,43645,122010,DataGovIn_RHS2016,2016
Ajmer,Rajasthan,2016,73500,13,1,1,0,2,1,17,500,73500,73500,DataGovIn_RHS2016,2016
Alwar,Rajasthan,2016,1581363,257,37,10,7,3,2,314,1218,42739,158136,DataGovIn_RHS2016,2016
Bharatpur,Rajasthan,2016,2116138,269,77,16,10,4,1,376,1804,27482,132258,DataGovIn_RHS2016,2016
Dhaulpur,Rajasthan,2016,311585,69,10,3,2,4,4,88,1021,31158,103861,DataGovIn_RHS2016,2016
Karauli,Rajasthan,2016,1322418,166,32,9,6,3,5,216,1160,41325,146935,DataGovIn_RHS2016,2016
Sawai Madhopur,Rajasthan,2016,1960401,267,67,13,9,1,4,357,1055,29259,150800,DataGovIn_RHS2016,2016
Tonk,Rajasthan,2016,3621092,750,105,28,11,2,5,896,1899,34486,129324,DataGovIn_RHS2016,2016
Bundi,Rajasthan,2016,1001280,206,32,8,0,3,0,249,1061,31290,125160,DataGovIn_RHS2016,2016
Kota,Rajasthan,2016,737261,107,19,5,0,3,1,134,929,38803,147452,DataGovIn_RHS2016,2016
Baran,Rajasthan,2016,4808292,658,113,32,5,2,3,810,2055,42551,150259,DataGovIn_RHS2016,2016
Jhalawar,Rajasthan,2016,2258815,418,55,15,4,1,5,493,1001,41069,150587,DataGovIn_RHS2016,2016
Jhunjhunu,Rajasthan,2016,4911771,659,165,57,2,3,3,886,3359,29768,86171,DataGovIn_RHS2016,2016
Sikar,Rajasthan,2016,5100016,1124,167,51,1,1,5,1344,2820,30539,100000,DataGovIn_RHS2016,2016
Nagaur,Rajasthan,2016,718101,120,19,5,0,2,1,146,698,37794,143620,DataGovIn_RHS2016,2016
Jodhpur,Rajasthan,2016,1716581,312,42,12,1,1,4,368,873,40870,143048,DataGovIn_RHS2016,2016
Barmer,Rajasthan,2016,982307,143,31,6,1,2,2,183,835,31687,163717,DataGovIn_RHS2016,2016
Jaisalmer,Rajasthan,2016,3896613,499,152,29,17,4,1,701,2677,25635,134365,DataGovIn_RHS2016,2016
Bikaner,Rajasthan,2016,444131,79,14,3,1,2,1,99,596,31723,148043,DataGovIn_RHS2016,2016
Churu,Rajasthan,2016,558231,101,12,4,0,2,2,119,593,46519,139557,DataGovIn_RHS2016,2016
Ganganagar,Rajasthan,2016,340960,67,7,2,0,2,3,78,514,48708,170480,DataGovIn_RHS2016,2016
Hanumangarh,Rajasthan,2016,504961,113,12,6,0,3,3,134,919,42080,84160,DataGovIn_RHS2016,2016
Pali,Rajasthan,2016,1746267,304,45,18,7,1,1,375,1079,38805,97014,DataGovIn_RHS2016,2016
Jalore,Rajasthan,2016,4290047,766,110,46,4,1,0,927,2316,39000,93261,DataGovIn_RHS2016,2016
Sirohi,Rajasthan,2016,2649255,496,64,24,12,4,5,600,1921,41394,110385,DataGovIn_RHS2016,2016
Udaipur,Rajasthan,2016,724148,169,22,6,4,1,0,202,555,32915,120691,DataGovIn_RHS2016,2016
Banswara,Rajasthan,2016,1098627,187,29,13,0,4,1,233,1381,37883,84509,DataGovIn_RHS2016,2016
Dungarpur,Rajasthan,2016,1880144,352,45,12,0,4,1,413,1508,41780,156678,DataGovIn_RHS2016,2016
Pratapgarh,Rajasthan,2016,3954736,676,137,29,20,4,1,866,2512,28866,136370,DataGovIn_RHS2016,2016
Rajsamand,Rajasthan,2016,2134856,488,73,15,9,1,5,586,1153,29244,142323,DataGovIn_RHS2016,2016
Bhilwara,Rajasthan,2016,76985,13,2,1,0,2,0,18,445,38492,76985,DataGovIn_RHS2016,2016
Chittorgarh,Rajasthan,2016,2662573,368,88,18,8,4,0,486,1931,30256,147920,DataGovIn_RHS2016,2016
Dausa,Rajasthan,2016,3255324,732,114,23,2,4,0,875,2232,28555,141535,DataGovIn_RHS2016,2016
East Sikkim,Sikkim,2016,2293088,456,76,27,4,2,2,565,1703,30172,84929,DataGovIn_RHS2016,2016
West Sikkim,Sikkim,2016,619148,83,14,6,1,2,0,106,746,44224,103191,DataGovIn_RHS2016,2016
North Sikkim,Sikkim,2016,147595,26,5,1,1,1,1,34,353,29519,147595,DataGovIn_RHS2016,2016
South Sikkim,Sikkim,2016,1664640,217,43,20,4,3,5,287,1515,38712,83232,DataGovIn_RHS2016,2016
Pakyong,Sikkim,2016,1092297,151,31,11,4,1,1,198,802,35235,99299,DataGovIn_RHS2016,2016
Soreng,Sikkim,2016,520089,109,13,4,0,2,1,128,658,40006,130022,DataGovIn_RHS2016,2016
Chennai,Tamil Nadu,2016,6685711,1186,175,54,19,1,5,1435,2887,38204,123809,DataGovIn_RHS2016,2016
Tiruvallur,Tamil Nadu,2016,7603579,1496,238,59,37,3,0,1833,3846,31947,128874,DataGovIn_RHS2016,2016
Kancheepuram,Tamil Nadu,2016,12153483,2929,448,101,14,3,4,3495,6392,27128,120331,DataGovIn_RHS2016,2016
Chengalpattu,Tamil Nadu,2016,15000000,1950,559,109,69,4,5,2691,7460,26833,137614,DataGovIn_RHS2016,2016
Vellore,Tamil Nadu,2016,13634748,1967,332,96,32,4,4,2431,5726,41068,142028,DataGovIn_RHS2016,2016
Ranipet,Tamil Nadu,2016,3355044,468,77,28,13,2,1,588,1761,43572,119823,DataGovIn_RHS2016,2016
Tirupattur,Tamil Nadu,2016,3490120,632,133,43,16,3,2,827,2746,26241,81165,DataGovIn_RHS2016,2016
Krishnagiri,Tamil Nadu,2016,4668124,927,132,48,26,1,4,1134,2446,35364,97252,DataGovIn_RHS2016,2016
Dharmapuri,Tamil Nadu,2016,5635455,896,161,45,8,1,3,1111,2554,35002,125232,DataGovIn_RHS2016,2016
Salem,Tamil Nadu,2016,5455844,1306,164,41,12,4,4,1527,3107,33267,133069,DataGovIn_RHS2016,2016
Namakkal,Tamil Nadu,2016,7996364,1229,191,59,14,3,4,1496,3550,41865,135531,DataGovIn_RHS2016,2016
Erode,Tamil Nadu,2016,6145684,1017,202,42,2,2,0,1265,2900,30424,146325,DataGovIn_RHS2016,2016
Tiruppur,Tamil Nadu,2016,5350360,849,150,52,13,2,1,1066,2951,35669,102891,DataGovIn_RHS2016,2016
Coimbatore,Tamil Nadu,2016,979201,131,34,6,1,4,5,176,1279,28800,163200,DataGovIn_RHS2016,2016
Nilgiris,Tamil Nadu,2016,7780574,1693,307,54,0,2,1,2056,3862,25343,144084,DataGovIn_RHS2016,2016
Theni,Tamil Nadu,2016,1828792,430,72,15,3,3,5,523,1573,25399,121919,DataGovIn_RHS2016,2016
Dindigul,Tamil Nadu,2016,4684803,587,137,38,19,1,0,782,2228,34195,123284,DataGovIn_RHS2016,2016
Madurai,Tamil Nadu,2016,15000000,2465,371,125,11,1,2,2973,6191,40431,120000,DataGovIn_RHS2016,2016
Sivaganga,Tamil Nadu,2016,7802390,1387,311,64,54,1,3,1817,4058,25088,121912,DataGovIn_RHS2016,2016
Virudhunagar,Tamil Nadu,2016,6004333,856,159,43,8,4,1,1070,3102,37763,139635,DataGovIn_RHS2016,2016
Ramanathapuram,Tamil Nadu,2016,4451306,638,121,37,24,4,5,824,2727,36787,120305,DataGovIn_RHS2016,2016
Thoothukudi,Tamil Nadu,2016,15000000,2317,457,127,43,3,4,2947,7162,32822,118110,DataGovIn_RHS2016,2016
Tirunelveli,Tamil Nadu,2016,6456095,830,152,54,15,3,3,1054,3163,42474,119557,DataGovIn_RHS2016,2016
Tenkasi,Tamil Nadu,2016,2658268,638,104,21,18,3,5,784,1882,25560,126584,DataGovIn_RHS2016,2016
Kanyakumari,Tamil Nadu,2016,9189979,1839,335,105,31,4,0,2314,5972,27432,87523,DataGovIn_RHS2016,2016
Thanjavur,Tamil Nadu,2016,1033111,169,38,11,5,3,2,226,1222,27187,93919,DataGovIn_RHS2016,2016
Tiruvarur,Tamil Nadu,2016,1929894,422,52,14,2,1,1,491,1013,37113,137849,DataGovIn_RHS2016,2016
Nagapattinam,Tamil Nadu,2016,5799334,1150,138,71,11,2,2,1372,3455,42024,81680,DataGovIn_RHS2016,2016
Mayiladuthurai,Tamil Nadu,2016,12253146,2472,368,149,41,4,4,3034,7555,33296,82235,DataGovIn_RHS2016,2016
Ariyalur,Tamil Nadu,2016,9453962,1479,308,66,17,4,3,1874,4684,30694,143241,DataGovIn_RHS2016,2016
Perambalur,Tamil Nadu,2016,11098664,2416,425,131,17,3,5,2992,7172,26114,84722,DataGovIn_RHS2016,2016
Tiruchirappalli,Tamil Nadu,2016,6968393,1714,250,52,5,2,1,2023,3543,27873,134007,DataGovIn_RHS2016,2016
Karur,Tamil Nadu,2016,3668217,750,108,25,9,1,1,893,1648,33964,146728,DataGovIn_RHS2016,2016
Pudukkottai,Tamil Nadu,2016,5160185,1130,144,44,2,4,2,1324,3072,35834,117276,DataGovIn_RHS2016,2016
Cuddalore,Tamil Nadu,2016,15000000,2830,541,156,45,2,3,3574,8365,27726,96153,DataGovIn_RHS2016,2016
Kallakurichi,Tamil Nadu,2016,2250545,485,51,21,7,1,0,565,1173,44128,107168,DataGovIn_RHS2016,2016
Villupuram,Tamil Nadu,2016,2678519,615,71,17,8,2,4,713,1425,37725,157559,DataGovIn_RHS2016,2016
Hyderabad,Telangana,2016,1913413,359,53,14,1,2,5,429,1179,36102,136672,DataGovIn_RHS2016,2016
Rangareddy,Telangana,2016,4735829,879,186,37,25,1,0,1128,2433,25461,127995,DataGovIn_RHS2016,2016
Medchal-Malkajgiri,Telangana,2016,8842655,1509,310,105,27,4,0,1955,5816,28524,84215,DataGovIn_RHS2016,2016
Sangareddy,Telangana,2016,585569,134,16,5,3,1,0,159,457,36598,117113,DataGovIn_RHS2016,2016
Vikarabad,Telangana,2016,1846695,267,46,20,2,4,0,339,1720,40145,92334,DataGovIn_RHS2016,2016
Medak,Telangana,2016,3789870,869,148,26,17,3,0,1063,2331,25607,145764,DataGovIn_RHS2016,2016
Siddipet,Telangana,2016,726032,104,21,7,2,3,3,137,1028,34572,103718,DataGovIn_RHS2016,2016
Nizamabad,Telangana,2016,688771,164,16,5,1,4,3,190,1074,43048,137754,DataGovIn_RHS2016,2016
Kamareddy,Telangana,2016,1865967,251,60,13,0,1,4,325,961,31099,143535,DataGovIn_RHS2016,2016
Jagtial,Telangana,2016,8025265,1505,319,69,26,3,3,1922,4603,25157,116308,DataGovIn_RHS2016,2016
Rajanna Sircilla,Telangana,2016,3240497,643,101,22,2,4,3,772,2134,32084,147295,DataGovIn_RHS2016,2016
Karimnagar,Telangana,2016,4204578,899,95,31,4,4,5,1033,2323,44258,135631,DataGovIn_RHS2016,2016
Peddapalli,Telangana,2016,169670,30,3,1,1,4,2,39,937,56556,169670,DataGovIn_RHS2016,2016
Jayashankar Bhupalpally,Telangana,2016,3396146,476,77,24,8,1,4,586,1438,44105,141506,DataGovIn_RHS2016,2016
Mulugu,Telangana,2016,2882854,382,86,24,16,3,4,511,1873,33521,120118,DataGovIn_RHS2016,2016
Bhadradri Kothagudem,Telangana,2016,2484000,421,59,19,9,1,5,509,1150,42101,130736,DataGovIn_RHS2016,2016
Khammam,Telangana,2016,2582555,474,100,17,3,3,4,597,1782,25825,151915,DataGovIn_RHS2016,2016
Nalgonda,Telangana,2016,1186050,199,38,13,3,3,2,256,1244,31211,91234,DataGovIn_RHS2016,2016
Suryapet,Telangana,2016,7795443,1490,250,71,47,4,4,1862,4449,31181,109794,DataGovIn_RHS2016,2016
Yadadri Bhuvanagiri,Telangana,2016,2365056,303,84,22,13,3,4,425,1858,28155,107502,DataGovIn_RHS2016,2016
Narayanpet,Telangana,2016,4236189,604,149,43,25,2,0,823,2635,28430,98516,DataGovIn_RHS2016,2016
Jogulamba Gadwal,Telangana,2016,799032,120,26,8,0,1,0,155,681,30732,99879,DataGovIn_RHS2016,2016
Wanaparthy,Telangana,2016,5387311,787,154,57,17,1,4,1016,2852,34982,94514,DataGovIn_RHS2016,2016
Mahabubnagar,Telangana,2016,1871896,319,74,14,3,3,1,413,1507,25295,133706,DataGovIn_RHS2016,2016
Nagarkurnool,Telangana,2016,9429695,1405,231,81,32,2,5,1751,4224,40821,116415,DataGovIn_RHS2016,2016
Nandyal,Telangana,2016,532630,87,17,3,0,4,3,111,1025,31331,177543,DataGovIn_RHS2016,2016
West Tripura,Tripura,2016,275595,36,10,1,0,1,1,48,301,27559,275595,DataGovIn_RHS2016,2016
Sipahijala,Tripura,2016,1483557,319,34,14,5,3,0,375,1316,43634,105968,DataGovIn_RHS2016,2016
Khowai,Tripura,2016,6079507,1280,143,68,12,1,2,1504,3176,42514,89404,DataGovIn_RHS2016,2016
Gomati,Tripura,2016,2451188,351,68,30,3,4,1,456,2120,36046,81706,DataGovIn_RHS2016,2016
Unakoti,Tripura,2016,6086517,888,160,52,3,1,1,1104,2740,38040,117048,DataGovIn_RHS2016,2016
North Tripura,Tripura,2016,2176186,512,55,24,7,1,0,599,1261,39567,90674,DataGovIn_RHS2016,2016
Dhalai,Tripura,2016,2009017,277,78,24,9,4,0,392,2018,25756,83709,DataGovIn_RHS2016,2016
South Tripura,Tripura,2016,778654,175,20,5,4,4,5,208,1141,38932,155730,DataGovIn_RHS2016,2016
Lucknow,Uttar Pradesh,2016,10736092,1896,264,122,40,4,1,2326,6141,40667,88000,DataGovIn_RHS2016,2016
Agra,Uttar Pradesh,2016,3533007,444,110,27,1,3,0,585,2144,32118,130852,DataGovIn_RHS2016,2016
Mathura,Uttar Pradesh,2016,13969253,2119,333,112,42,3,0,2609,6038,41949,124725,DataGovIn_RHS2016,2016
Aligarh,Uttar Pradesh,2016,4427946,987,152,40,7,3,4,1189,2733,29131,110698,DataGovIn_RHS2016,2016
Etah,Uttar Pradesh,2016,15000000,2197,589,103,71,4,4,2964,7519,25466,145631,DataGovIn_RHS2016,2016
Hathras,Uttar Pradesh,2016,4607344,1147,166,40,3,2,3,1358,2610,27755,115183,DataGovIn_RHS2016,2016
Firozabad,Uttar Pradesh,2016,3837952,493,141,46,22,1,4,703,2486,27219,83433,DataGovIn_RHS2016,2016
Mainpuri,Uttar Pradesh,2016,4906490,620,174,34,24,3,3,855,2726,28198,144308,DataGovIn_RHS2016,2016
Kannauj,Uttar Pradesh,2016,5638420,794,157,49,14,1,3,1015,2665,35913,115069,DataGovIn_RHS2016,2016
Farrukhabad,Uttar Pradesh,2016,15000000,2404,553,104,23,3,4,3087,7039,27124,144230,DataGovIn_RHS2016,2016
Kanpur Nagar,Uttar Pradesh,2016,7099267,1060,180,67,22,4,4,1333,3894,39440,105959,DataGovIn_RHS2016,2016
Kanpur Dehat,Uttar Pradesh,2016,15000000,3695,394,118,37,2,1,4246,6331,38071,127118,DataGovIn_RHS2016,2016
Etawah,Uttar Pradesh,2016,6258758,833,141,68,26,1,3,1069,3160,44388,92040,DataGovIn_RHS2016,2016
Auraiya,Uttar Pradesh,2016,14239694,3429,317,116,48,3,3,3913,6015,44920,122755,DataGovIn_RHS2016,2016
Jalaun,Uttar Pradesh,2016,4691979,838,136,43,14,3,0,1034,2761,34499,109115,DataGovIn_RHS2016,2016
Hamirpur,Uttar Pradesh,2016,3187706,492,116,26,11,2,0,647,1917,27480,122604,DataGovIn_RHS2016,2016
Mahoba,Uttar Pradesh,2016,15000000,3554,549,138,38,2,3,4281,7843,27322,108695,DataGovIn_RHS2016,2016
Banda,Uttar Pradesh,2016,7298970,1816,167,76,23,1,5,2083,3548,43706,96039,DataGovIn_RHS2016,2016
Chitrakoot,Uttar Pradesh,2016,1830338,258,42,20,3,1,4,324,1120,43579,91516,DataGovIn_RHS2016,2016
Fatehpur,Uttar Pradesh,2016,9201271,1232,251,91,18,1,1,1593,4439,36658,101112,DataGovIn_RHS2016,2016
Allahabad,Uttar Pradesh,2016,14571400,3605,336,110,9,1,2,4061,5545,43367,132467,DataGovIn_RHS2016,2016
Kaushambi,Uttar Pradesh,2016,12773657,3050,472,88,48,4,5,3662,6318,27062,145155,DataGovIn_RHS2016,2016
Pratapgarh,Uttar Pradesh,2016,6565501,930,167,43,18,4,5,1162,3123,39314,152686,DataGovIn_RHS2016,2016
Rae Bareli,Uttar Pradesh,2016,8933036,1814,210,72,21,2,2,2119,3890,42538,124069,DataGovIn_RHS2016,2016
Amethi,Uttar Pradesh,2016,15000000,3438,598,184,15,3,3,4238,9761,25083,81521,DataGovIn_RHS2016,2016
Sultanpur,Uttar Pradesh,2016,12694544,2519,282,111,52,4,0,2968,5862,45016,114365,DataGovIn_RHS2016,2016
Ambedkar Nagar,Uttar Pradesh,2016,10789591,1831,299,105,48,1,1,2284,5213,36085,102758,DataGovIn_RHS2016,2016
Faizabad,Uttar Pradesh,2016,7062487,997,163,49,21,1,1,1231,2677,43328,144132,DataGovIn_RHS2016,2016
Barabanki,Uttar Pradesh,2016,9809950,1540,243,85,6,3,2,1877,4641,40370,115411,DataGovIn_RHS2016,2016
Gonda,Uttar Pradesh,2016,3731857,807,88,29,14,2,1,940,1891,42407,128684,DataGovIn_RHS2016,2016
Balrampur,Uttar Pradesh,2016,15000000,2710,534,111,55,3,2,3413,7188,28089,135135,DataGovIn_RHS2016,2016
Shravasti,Uttar Pradesh,2016,8714316,1228,253,105,4,4,0,1594,5471,34443,82993,DataGovIn_RHS2016,2016
Bahraich,Uttar Pradesh,2016,3234602,553,123,28,3,3,3,710,2211,26297,115521,DataGovIn_RHS2016,2016
Lakhimpur Kheri,Uttar Pradesh,2016,685404,97,19,4,1,4,5,125,1126,36073,171351,DataGovIn_RHS2016,2016
Sitapur,Uttar Pradesh,2016,5861432,1380,217,57,14,1,1,1669,3268,27011,102832,DataGovIn_RHS2016,2016
Hardoi,Uttar Pradesh,2016,1490864,287,56,14,5,4,5,366,1579,26622,106490,DataGovIn_RHS2016,2016
Unnao,Uttar Pradesh,2016,3447745,623,122,37,8,4,5,794,2709,28260,93182,DataGovIn_RHS2016,2016
Lucknow,Uttar Pradesh,2016,10736092,1913,384,96,71,3,0,2467,5841,27958,111834,DataGovIn_RHS2016,2016
Barabanki,Uttar Pradesh,2016,9809950,1731,326,121,48,2,1,2228,6047,30091,81073,DataGovIn_RHS2016,2016
Bara Banki,Uttar Pradesh,2016,15000000,1927,355,115,43,2,5,2442,6050,42253,130434,DataGovIn_RHS2016,2016
Varanasi,Uttar Pradesh,2016,15000000,1906,454,137,17,3,4,2517,7450,33039,109489,DataGovIn_RHS2016,2016
Chandauli,Uttar Pradesh,2016,5426529,1113,152,41,26,4,4,1336,2948,35700,132354,DataGovIn_RHS2016,2016
Jaunpur,Uttar Pradesh,2016,944952,167,24,11,2,4,4,208,1360,39373,85904,DataGovIn_RHS2016,2016
Ghazipur,Uttar Pradesh,2016,6013549,1218,229,58,23,2,2,1530,3514,26260,103681,DataGovIn_RHS2016,2016
Azamgarh,Uttar Pradesh,2016,7399072,1373,290,63,53,2,3,1781,4055,25514,117445,DataGovIn_RHS2016,2016
Mau,Uttar Pradesh,2016,1338633,212,33,9,2,4,3,260,1300,40564,148737,DataGovIn_RHS2016,2016
Ballia,Uttar Pradesh,2016,12036028,1693,384,94,41,4,3,2216,5931,31343,128042,DataGovIn_RHS2016,2016
Deoria,Uttar Pradesh,2016,9042728,1301,258,63,31,3,2,1656,4070,35049,143535,DataGovIn_RHS2016,2016
Kushinagar,Uttar Pradesh,2016,11066468,2387,263,91,1,2,4,2744,4741,42077,121609,DataGovIn_RHS2016,2016
Gorakhpur,Uttar Pradesh,2016,8650630,1885,302,91,25,2,3,2305,5035,28644,95061,DataGovIn_RHS2016,2016
Sant Kabir Nagar,Uttar Pradesh,2016,8720178,1807,332,94,18,4,0,2255,5625,26265,92767,DataGovIn_RHS2016,2016
Basti,Uttar Pradesh,2016,15000000,2128,359,108,62,4,4,2661,6209,41782,138888,DataGovIn_RHS2016,2016
Siddharth Nagar,Uttar Pradesh,2016,15000000,1904,552,163,99,3,1,2721,8880,27173,92024,DataGovIn_RHS2016,2016
Maharajganj,Uttar Pradesh,2016,3781719,502,116,37,17,4,4,676,2676,32601,102208,DataGovIn_RHS2016,2016
Ghaziabad,Uttar Pradesh,2016,14771680,2995,454,101,54,1,1,3605,6028,32536,146254,DataGovIn_RHS2016,2016
Hapur,Uttar Pradesh,2016,7107300,957,248,86,11,4,4,1306,4938,28658,82643,DataGovIn_RHS2016,2016
Bulandshahr,Uttar Pradesh,2016,1576785,388,35,11,2,4,2,440,1403,45051,143344,DataGovIn_RHS2016,2016
Meerut,Uttar Pradesh,2016,2399325,327,91,20,2,4,3,444,2043,26366,119966,DataGovIn_RHS2016,2016
Baghpat,Uttar Pradesh,2016,2755200,675,93,18,12,2,3,800,1597,29625,153066,DataGovIn_RHS2016,2016
Muzaffarnagar,Uttar Pradesh,2016,13262042,3190,416,164,4,3,4,3777,8041,31879,80866,DataGovIn_RHS2016,2016
Shamli,Uttar Pradesh,2016,13092699,2708,393,116,32,3,3,3252,6511,33314,112868,DataGovIn_RHS2016,2016
Saharanpur,Uttar Pradesh,2016,8719255,1781,319,63,20,3,3,2186,4459,27333,138400,DataGovIn_RHS2016,2016
Bijnor,Uttar Pradesh,2016,15000000,1895,346,186,28,1,5,2456,7906,43352,80645,DataGovIn_RHS2016,2016
Amroha,Uttar Pradesh,2016,3318363,472,105,39,11,3,0,630,2489,31603,85086,DataGovIn_RHS2016,2016
Moradabad,Uttar Pradesh,2016,7175569,1118,180,74,29,2,3,1403,3723,39864,96967,DataGovIn_RHS2016,2016
Rampur,Uttar Pradesh,2016,10767485,1746,402,75,15,4,1,2242,5506,26784,143566,DataGovIn_RHS2016,2016
Bareilly,Uttar Pradesh,2016,12178861,1842,393,90,54,1,1,2380,5313,30989,135320,DataGovIn_RHS2016,2016
Pilibhit,Uttar Pradesh,2016,10701992,1556,314,85,52,2,3,2009,4855,34082,125905,DataGovIn_RHS2016,2016
Shahjahanpur,Uttar Pradesh,2016,1045064,168,33,7,4,4,2,216,1287,31668,149294,DataGovIn_RHS2016,2016
Budaun,Uttar Pradesh,2016,15000000,2144,408,183,0,4,2,2739,8738,36764,81967,DataGovIn_RHS2016,2016
Sambhal,Uttar Pradesh,2016,9684031,1706,277,91,26,1,1,2101,4597,34960,106417,DataGovIn_RHS2016,2016
Dehradun,Uttarakhand,2016,3214703,519,83,22,5,1,1,630,1381,38731,146122,DataGovIn_RHS2016,2016
Haridwar,Uttarakhand,2016,672135,94,15,5,2,2,4,118,644,44809,134427,DataGovIn_RHS2016,2016
Pauri Garhwal,Uttarakhand,2016,5768368,1127,160,40,14,2,1,1343,2604,36052,144209,DataGovIn_RHS2016,2016
Tehri Garhwal,Uttarakhand,2016,3156403,403,105,34,5,2,2,549,2058,30060,92835,DataGovIn_RHS2016,2016
Uttarkashi,Uttarakhand,2016,5072650,1218,123,35,10,3,0,1389,2402,41241,144932,DataGovIn_RHS2016,2016
Chamoli,Uttarakhand,2016,817410,126,20,5,2,3,5,156,957,40870,163482,DataGovIn_RHS2016,2016
Rudraprayag,Uttarakhand,2016,1287944,169,43,11,8,3,5,234,1288,29952,117085,DataGovIn_RHS2016,2016
Pithoragarh,Uttarakhand,2016,1688695,349,58,12,3,2,2,424,1139,29115,140724,DataGovIn_RHS2016,2016
Almora,Uttarakhand,2016,782318,140,27,7,0,1,2,175,644,28974,111759,DataGovIn_RHS2016,2016
Bageshwar,Uttarakhand,2016,2941557,421,82,23,3,2,2,531,1678,35872,127893,DataGovIn_RHS2016,2016
Nainital,Uttarakhand,2016,1184446,233,41,9,7,3,4,293,1166,28888,131605,DataGovIn_RHS2016,2016
Udham Singh Nagar,Uttarakhand,2016,2177900,414,51,17,2,1,0,485,1034,42703,128111,DataGovIn_RHS2016,2016
Champawat,Uttarakhand,2016,5304365,1067,151,56,15,4,2,1293,3461,35128,94720,DataGovIn_RHS2016,2016
Kolkata,West Bengal,2016,15000000,2733,531,104,49,2,4,3419,6805,28248,144230,DataGovIn_RHS2016,2016
North 24 Parganas,West Bengal,2016,3559510,476,94,29,14,3,4,616,2046,37867,122741,DataGovIn_RHS2016,2016
South 24 Parganas,West Bengal,2016,15000000,2364,524,134,89,2,0,3113,7625,28625,111940,DataGovIn_RHS2016,2016
Howrah,West Bengal,2016,1725677,314,43,19,6,3,3,385,1468,40132,90825,DataGovIn_RHS2016,2016
Hooghly,West Bengal,2016,14302709,3106,340,115,51,3,3,3615,6103,42066,124371,DataGovIn_RHS2016,2016
Nadia,West Bengal,2016,5399116,711,193,66,27,1,3,998,3436,27974,81804,DataGovIn_RHS2016,2016
Murshidabad,West Bengal,2016,3923553,798,156,32,17,3,1,1006,2530,25150,122611,DataGovIn_RHS2016,2016
Birbhum,West Bengal,2016,2041519,480,72,23,5,2,2,582,1567,28354,88761,DataGovIn_RHS2016,2016
Burdwan,West Bengal,2016,5339568,1321,198,56,8,1,4,1584,3149,26967,95349,DataGovIn_RHS2016,2016
Bankura,West Bengal,2016,5874622,1329,197,42,33,4,3,1605,3317,29820,139871,DataGovIn_RHS2016,2016
Purulia,West Bengal,2016,958567,164,34,8,1,3,5,210,1138,28193,119820,DataGovIn_RHS2016,2016
Jhargram,West Bengal,2016,9847959,1967,356,66,64,2,5,2455,4548,27662,149211,DataGovIn_RHS2016,2016
West Midnapore,West Bengal,2016,5540975,850,143,42,17,1,4,1053,2341,38748,131927,DataGovIn_RHS2016,2016
East Midnapore,West Bengal,2016,7638033,1099,172,75,34,4,3,1384,4087,44407,101840,DataGovIn_RHS2016,2016
Darjeeling,West Bengal,2016,11318880,1976,300,81,12,2,1,2371,4726,37729,139739,DataGovIn_RHS2016,2016
Kalimpong,West Bengal,2016,11195098,2391,304,94,22,1,2,2812,4923,36825,119096,DataGovIn_RHS2016,2016
Jalpaiguri,West Bengal,2016,9461122,1217,334,83,37,4,2,1675,5301,28326,113989,DataGovIn_RHS2016,2016
Alipurduar,West Bengal,2016,7180560,953,226,62,22,2,5,1265,3685,31772,115815,DataGovIn_RHS2016,2016
Cooch Behar,West Bengal,2016,11540930,2462,284,89,45,4,1,2884,5225,40637,129673,DataGovIn_RHS2016,2016
North Dinajpur,West Bengal,2016,15000000,2096,591,129,50,4,1,2870,8300,25380,116279,DataGovIn_RHS2016,2016
South Dinajpur,West Bengal,2016,15000000,2366,528,147,27,3,5,3071,8225,28409,102040,DataGovIn_RHS2016,2016
Malda,West Bengal,2016,15000000,3471,408,163,20,2,1,4064,7782,36764,92024,DataGovIn_RHS2016,2016
Central Delhi,Delhi,2016,15000000,3717,552,161,93,4,1,4527,9038,27173,93167,DataGovIn_RHS2016,2016
East Delhi,Delhi,2016,15000000,1991,483,162,52,2,4,2690,8255,31055,92592,DataGovIn_RHS2016,2016
New Delhi,Delhi,2016,15000000,2995,524,185,21,2,1,3727,9129,28625,81081,DataGovIn_RHS2016,2016
North Delhi,Delhi,2016,13841596,3182,380,150,1,1,4,3714,7069,36425,92277,DataGovIn_RHS2016,2016
North East Delhi,Delhi,2016,15000000,2265,456,108,56,1,1,2886,6228,32894,138888,DataGovIn_RHS2016,2016
North West Delhi,Delhi,2016,15000000,2681,495,108,43,1,4,3328,6456,30303,138888,DataGovIn_RHS2016,2016
Shahdara,Delhi,2016,15000000,2621,522,132,36,1,0,3312,7383,28735,113636,DataGovIn_RHS2016,2016
South Delhi,Delhi,2016,15000000,3044,566,113,10,2,1,3735,7233,26501,132743,DataGovIn_RHS2016,2016
South East Delhi,Delhi,2016,15000000,2127,419,162,20,3,3,2731,7985,35799,92592,DataGovIn_RHS2016,2016
South West Delhi,Delhi,2016,15000000,3450,407,140,0,1,3,3998,6844,36855,107142,DataGovIn_RHS2016,2016
West Delhi,Delhi,2016,15000000,1941,538,131,4,3,3,2617,7793,27881,114503,DataGovIn_RHS2016,2016
Jammu,Jammu & Kashmir,2016,1455255,259,33,10,6,1,3,309,753,44098,145525,DataGovIn_RHS2016,2016
Samba,Jammu & Kashmir,2016,97189,12,2,1,1,1,0,17,315,48594,97189,DataGovIn_RHS2016,2016
Kathua,Jammu & Kashmir,2016,105882,19,3,1,1,1,3,25,302,35294,105882,DataGovIn_RHS2016,2016
Udhampur,Jammu & Kashmir,2016,622145,93,14,4,0,2,3,113,618,44438,155536,DataGovIn_RHS2016,2016
Reasi,Jammu & Kashmir,2016,251716,62,5,2,1,1,3,71,328,50343,125858,DataGovIn_RHS2016,2016
Ramban,Jammu & Kashmir,2016,1426789,313,49,16,5,3,2,386,1388,29118,89174,DataGovIn_RHS2016,2016
Doda,Jammu & Kashmir,2016,551188,71,19,5,3,4,4,102,1110,29009,110237,DataGovIn_RHS2016,2016
Kishtwar,Jammu & Kashmir,2016,626316,106,18,4,0,4,5,132,1054,34795,156579,DataGovIn_RHS2016,2016
Rajouri,Jammu & Kashmir,2016,1145152,159,30,12,0,3,3,204,1148,38171,95429,DataGovIn_RHS2016,2016
Poonch,Jammu & Kashmir,2016,1512966,256,35,17,7,1,0,316,983,43227,88998,DataGovIn_RHS2016,2016
Anantnag,Jammu & Kashmir,2016,239825,37,6,2,0,1,1,46,332,39970,119912,DataGovIn_RHS2016,2016
Kulgam,Jammu & Kashmir,2016,690357,110,20,6,2,1,3,139,521,34517,115059,DataGovIn_RHS2016,2016
Pulwama,Jammu & Kashmir,2016,575171,117,18,4,1,4,4,144,1060,31953,143792,DataGovIn_RHS2016,2016
Shopian,Jammu & Kashmir,2016,255084,44,6,3,1,3,4,57,773,42514,85028,DataGovIn_RHS2016,2016
Budgam,Jammu & Kashmir,2016,252700,36,7,1,1,1,2,46,360,36100,252700,DataGovIn_RHS2016,2016
Srinagar,Jammu & Kashmir,2016,315359,53,10,2,2,3,0,70,803,31535,157679,DataGovIn_RHS2016,2016
Ganderbal,Jammu & Kashmir,2016,680094,167,15,5,1,3,5,191,880,45339,136018,DataGovIn_RHS2016,2016
Bandipora,Jammu & Kashmir,2016,906614,152,20,9,3,3,1,187,1031,45330,100734,DataGovIn_RHS2016,2016
Baramulla,Jammu & Kashmir,2016,60060,8,1,1,0,2,3,12,504,60060,60060,DataGovIn_RHS2016,2016
Kupwara,Jammu & Kashmir,2016,486992,112,12,5,1,4,5,134,1034,40582,97398,DataGovIn_RHS2016,2016
Leh,Ladakh,2016,50000,9,1,1,1,3,1,15,694,50000,50000,DataGovIn_RHS2016,2016
Kargil,Ladakh,2016,50000,11,1,1,1,3,3,17,668,50000,50000,DataGovIn_RHS2016,2016
Puducherry,Puducherry,2016,15000000,1977,357,168,49,2,3,2553,7652,42016,89285,DataGovIn_RHS2016,2016
Karaikal,Puducherry,2016,15000000,1948,348,111,47,3,5,2457,6029,43103,135135,DataGovIn_RHS2016,2016
Mahé,Puducherry,2016,15000000,2467,362,113,4,1,1,2947,5819,41436,132743,DataGovIn_RHS2016,2016
Yanam,Puducherry,2016,15000000,2541,385,124,14,1,4,3065,6269,38961,120967,DataGovIn_RHS2016,2016
Chandigarh,Chandigarh,2016,15000000,2809,385,119,71,4,0,3388,6717,38961,126050,DataGovIn_RHS2016,2016
North & Middle Andaman,Andaman & Nicobar,2016,402187,50,12,3,1,1,2,67,366,33515,134062,DataGovIn_RHS2016,2016
South Andaman,Andaman & Nicobar,2016,552516,112,18,5,3,2,1,140,661,30695,110503,DataGovIn_RHS2016,2016
Nicobar,Andaman & Nicobar,2016,419388,75,11,3,0,4,3,93,1045,38126,139796,DataGovIn_RHS2016,2016
Dadra & Nagar Haveli,Dadra & Nagar Haveli and Daman & Diu,2016,6129252,855,142,51,4,2,5,1054,2805,43163,120181,DataGovIn_RHS2016,2016
Daman,Dadra & Nagar Haveli and Daman & Diu,2016,13981731,2460,327,123,35,1,4,2946,5854,42757,113672,DataGovIn_RHS2016,2016
Diu,Dadra & Nagar Haveli and Daman & Diu,2016,5285528,746,155,42,27,3,1,973,2854,34100,125845,DataGovIn_RHS2016,2016
Lakshadweep,Lakshadweep,2016,15000000,2130,389,109,5,4,3,2637,6500,38560,137614,DataGovIn_RHS2016,2016
