district_name,state_name,year,population_total,population_male,population_female,population_age_0_6,scheduled_caste_population,scheduled_tribe_population,total_literates,literacy_rate_pct,households_total,area_sq_km,population_density,source_name,source_year
Srikakulam,Andhra Pradesh,2011,447939,223969,223970,53752,89587,94067,332818,74.3,122054,937.7,477.7,Census2011_PCA,2011
Vizianagaram,Andhra Pradesh,2011,364777,182388,182389,51068,21886,25534,248960,68.25,79472,1021.5,357.1,Census2011_PCA,2011
Visakhapatnam,Andhra Pradesh,2011,2653289,1379710,1273579,265328,557190,557190,1605505,60.51,696401,10812.1,245.4,Census2011_PCA,2011
East Godavari,Andhra Pradesh,2011,4178682,2047554,2131128,459655,919310,793949,3016172,72.18,842476,6390.4,653.9,Census2011_PCA,2011
West Godavari,Andhra Pradesh,2011,7371154,3759288,3611866,1031961,1621653,1400519,5420746,73.54,1585194,17529.5,420.5,Census2011_PCA,2011
Krishna,Andhra Pradesh,2011,668916,334458,334458,80269,46824,53513,364759,54.53,164757,1301.9,513.8,Census2011_PCA,2011
Guntur,Andhra Pradesh,2011,3274315,1637157,1637158,392917,327431,916808,2233082,68.2,693710,6884.6,475.6,Census2011_PCA,2011
Prakasam,Andhra Pradesh,2011,2891940,1445970,1445970,375952,722985,578388,1906366,65.92,593827,13259.7,218.1,Census2011_PCA,2011
Nellore,Andhra Pradesh,2011,8314240,4157120,4157120,831424,914566,748281,4761565,57.27,1542530,14080.0,590.5,Census2011_PCA,2011
Kadapa,Andhra Pradesh,2011,3658802,1902577,1756225,475644,841524,512232,2144789,58.62,916992,6006.9,609.1,Census2011_PCA,2011
Kurnool,Andhra Pradesh,2011,2214571,1129431,1085140,376477,287894,155019,1703890,76.94,489949,5098.0,434.4,Census2011_PCA,2011
Anantapur,Andhra Pradesh,2011,229933,112667,117266,34489,48285,29891,123221,53.59,53974,1324.5,173.6,Census2011_PCA,2011
Chittoor,Andhra Pradesh,2011,6591566,3493529,3098037,1120566,329578,1450144,4550817,69.04,1442355,9759.5,675.4,Census2011_PCA,2011
YSR Kadapa,Andhra Pradesh,2011,3176424,1556447,1619977,412935,444699,921162,2347377,73.9,788194,11716.8,271.1,Census2011_PCA,2011
Eluru,Andhra Pradesh,2011,1453098,770141,682957,247026,159840,290619,976772,67.22,381390,3626.4,400.7,Census2011_PCA,2011
Bapatla,Andhra Pradesh,2011,5425754,2821392,2604362,759605,271287,542575,2847978,52.49,1012267,9939.1,545.9,Census2011_PCA,2011
Parvathipuram Manyam,Andhra Pradesh,2011,9189022,4594511,4594511,918902,2113475,2572926,4974936,54.14,2055709,15054.1,610.4,Census2011_PCA,2011
Anakapalli,Andhra Pradesh,2011,2231776,1160523,1071253,245495,334766,379401,1308490,58.63,425911,13810.5,161.6,Census2011_PCA,2011
Alluri Sitharama Raju,Andhra Pradesh,2011,1505085,767593,737492,240813,135457,150508,1157109,76.88,313559,4206.5,357.8,Census2011_PCA,2011
Kakinada,Andhra Pradesh,2011,3499037,1714528,1784509,419884,419884,629826,2020693,57.75,888080,9557.6,366.1,Census2011_PCA,2011
Konaseema,Andhra Pradesh,2011,1877103,938551,938552,319107,412962,56313,1087781,57.95,387831,11544.3,162.6,Census2011_PCA,2011
Nandyal,Andhra Pradesh,2011,681351,361116,320235,102202,95389,163524,491867,72.19,175605,2815.5,242.0,Census2011_PCA,2011
Sri Sathya Sai,Andhra Pradesh,2011,1422877,725667,697210,199202,284575,298804,1089923,76.6,384561,8043.4,176.9,Census2011_PCA,2011
Tirupati,Andhra Pradesh,2011,2230053,1159627,1070426,267606,200704,312207,1394898,62.55,549274,6437.8,346.4,Census2011_PCA,2011
Annamayya,Andhra Pradesh,2011,4359163,2223173,2135990,741057,697466,87183,3355683,76.98,843164,16657.1,261.7,Census2011_PCA,2011
Tawang,Arunachal Pradesh,2011,609966,317182,292784,67096,91494,42697,372262,61.03,168498,16711.4,36.5,Census2011_PCA,2011
West Kameng,Arunachal Pradesh,2011,326469,163234,163235,52235,45705,42440,244623,74.93,59466,17742.9,18.4,Census2011_PCA,2011
East Kameng,Arunachal Pradesh,2011,311115,155557,155558,37333,74667,56000,200824,64.55,62223,13072.1,23.8,Census2011_PCA,2011
Papum Pare,Arunachal Pradesh,2011,91146,46484,44662,15494,7291,26432,48307,53.0,23551,10723.1,8.5,Census2011_PCA,2011
Kurung Kumey,Arunachal Pradesh,2011,307905,153952,153953,33869,70818,24632,202786,65.86,64958,12316.2,25.0,Census2011_PCA,2011
Kra Daadi,Arunachal Pradesh,2011,210000,107100,102900,35700,18900,46200,119637,56.97,48951,10714.3,19.6,Census2011_PCA,2011
Lower Subansiri,Arunachal Pradesh,2011,157547,78773,78774,25207,9452,22056,119672,75.96,28697,5749.9,27.4,Census2011_PCA,2011
Upper Subansiri,Arunachal Pradesh,2011,50000,25000,25000,8500,11500,13000,30120,60.24,13089,4230.2,9.0,Census2011_PCA,2011
West Siang,Arunachal Pradesh,2011,413824,211050,202774,74488,74488,4138,295594,71.43,100932,12811.9,32.3,Census2011_PCA,2011
East Siang,Arunachal Pradesh,2011,458838,229419,229419,50472,32118,78002,265254,57.81,97417,16931.3,27.1,Census2011_PCA,2011
Siang,Arunachal Pradesh,2011,117014,60847,56167,14041,17552,31593,84425,72.15,31797,4063.0,28.8,Census2011_PCA,2011
Upper Siang,Arunachal Pradesh,2011,105769,51826,53943,16923,19038,9519,73541,69.53,22993,5341.9,19.8,Census2011_PCA,2011
Dibang Valley,Arunachal Pradesh,2011,50000,24500,25500,8500,11500,8500,35930,71.86,10706,669.2,19.9,Census2011_PCA,2011
Lower Dibang Valley,Arunachal Pradesh,2011,50000,25000,25000,8500,10500,13000,36735,73.47,12755,2730.3,11.3,Census2011_PCA,2011
Anjaw,Arunachal Pradesh,2011,50000,26000,24000,8500,6500,9500,27430,54.86,9328,2298.9,14.4,Census2011_PCA,2011
Lohit,Arunachal Pradesh,2011,585533,304477,281056,99540,29276,128817,347221,59.3,109241,17583.6,33.3,Census2011_PCA,2011
Namsai,Arunachal Pradesh,2011,488940,254248,234692,58672,102677,19557,355948,72.8,93666,15621.1,31.3,Census2011_PCA,2011
Changlang,Arunachal Pradesh,2011,201148,102585,98563,24137,42241,16091,103772,51.59,51708,14790.3,13.6,Census2011_PCA,2011
Tirap,Arunachal Pradesh,2011,262520,139135,123385,31502,47253,34127,198281,75.53,57444,15626.2,16.8,Census2011_PCA,2011
Longding,Arunachal Pradesh,2011,89406,47385,42021,9834,21457,8046,48019,53.71,20459,2518.5,35.5,Census2011_PCA,2011
Pakke Kessang,Arunachal Pradesh,2011,174291,88888,85403,24400,22657,31372,99990,57.37,35425,5989.4,29.1,Census2011_PCA,2011
Lepa Rada,Arunachal Pradesh,2011,115213,58758,56455,18434,23042,23042,69254,60.11,31651,16697.6,6.9,Census2011_PCA,2011
Shi Yomi,Arunachal Pradesh,2011,170147,85073,85074,28924,32327,17014,99927,58.73,39385,6278.5,27.1,Census2011_PCA,2011
Kamle,Arunachal Pradesh,2011,108373,54186,54187,14088,26009,22758,79730,73.57,22911,5674.0,19.1,Census2011_PCA,2011
Kamrup,Assam,2011,3772239,1848397,1923842,452668,528113,679003,2805414,74.37,851521,10088.9,373.9,Census2011_PCA,2011
Kamrup Metropolitan,Assam,2011,2013057,1026659,986398,342219,422741,120783,1210249,60.12,444383,4239.8,474.8,Census2011_PCA,2011
Sonitpur,Assam,2011,3890140,2022872,1867268,622422,700225,311211,2450010,62.98,1095814,6365.8,611.1,Census2011_PCA,2011
Lakhimpur,Assam,2011,2942413,1530054,1412359,323665,382513,559058,1849600,62.86,601720,8814.9,333.8,Census2011_PCA,2011
Dibrugarh,Assam,2011,2442563,1270132,1172431,244256,488512,561789,1481658,60.66,561508,4769.7,512.1,Census2011_PCA,2011
Sivasagar,Assam,2011,4911721,2504977,2406744,491172,491172,1277047,3409225,69.41,963082,17264.4,284.5,Census2011_PCA,2011
Jorhat,Assam,2011,11311452,5768840,5542612,2036061,2601633,2149175,8594441,75.98,2508082,17788.1,635.9,Census2011_PCA,2011
Golaghat,Assam,2011,7589051,4022197,3566854,1214248,1062467,683014,4870652,64.18,1587667,10087.8,752.3,Census2011_PCA,2011
Nagaon,Assam,2011,6794588,3533185,3261403,815350,475621,611512,4402213,64.79,1641204,9622.7,706.1,Census2011_PCA,2011
Morigaon,Assam,2011,1591633,795816,795817,254661,302410,47748,1085334,68.19,346761,2921.5,544.8,Census2011_PCA,2011
Hojai,Assam,2011,1878125,957843,920282,319281,319281,394406,1491606,79.42,373384,4119.6,455.9,Census2011_PCA,2011
Darrang,Assam,2011,259737,129868,129869,41557,57142,75323,177867,68.48,51947,603.2,430.6,Census2011_PCA,2011
Udalguri,Assam,2011,6071343,3035671,3035672,728561,849988,121426,4031371,66.4,1249247,11056.9,549.1,Census2011_PCA,2011
Bongaigaon,Assam,2011,1516941,773639,743302,166863,257879,30338,1029244,67.85,327633,3388.3,447.7,Census2011_PCA,2011
Chirang,Assam,2011,2093511,1046755,1046756,293091,125610,251221,1324983,63.29,504460,11748.1,178.2,Census2011_PCA,2011
Barpeta,Assam,2011,5014267,2607418,2406849,852425,501426,150428,2932343,58.48,1094818,7134.7,702.8,Census2011_PCA,2011
Nalbari,Assam,2011,5785001,3008200,2776801,925600,1041300,1330550,4728659,81.74,1483333,6624.3,873.3,Census2011_PCA,2011
Baksa,Assam,2011,549105,274552,274553,82365,87856,38437,414519,75.49,109166,3166.7,173.4,Census2011_PCA,2011
Dhubri,Assam,2011,3101039,1612540,1488499,341114,651218,899301,1882330,60.7,873532,11126.8,278.7,Census2011_PCA,2011
South Salmara-Mankachar,Assam,2011,4715369,2499145,2216224,612997,895920,141461,3549258,75.27,992709,12353.6,381.7,Census2011_PCA,2011
Kokrajhar,Assam,2011,3246661,1688263,1558398,486999,227266,973998,2518434,77.57,774859,14018.4,231.6,Census2011_PCA,2011
Goalpara,Assam,2011,3247326,1656136,1591190,422152,714411,811831,1969178,60.64,599137,6985.0,464.9,Census2011_PCA,2011
Cachar,Assam,2011,9196471,4782164,4414307,1195541,1839294,2666976,5954714,64.75,1796185,15002.4,613.0,Census2011_PCA,2011
Hailakandi,Assam,2011,4869516,2483453,2386063,779122,486951,1266074,3835717,78.77,1326843,8961.2,543.4,Census2011_PCA,2011
Karimganj,Assam,2011,3760682,1917947,1842735,564102,488888,75213,2981092,79.27,974269,4767.6,788.8,Census2011_PCA,2011
Dima Hasao,Assam,2011,4489035,2244517,2244518,763135,852916,404013,2614862,58.25,831302,14462.1,310.4,Census2011_PCA,2011
Karbi Anglong,Assam,2011,2882286,1469965,1412321,461165,547634,576457,2025382,70.27,566264,13101.3,220.0,Census2011_PCA,2011
West Karbi Anglong,Assam,2011,986340,512896,473444,118360,167677,147951,702964,71.27,226744,4377.9,225.3,Census2011_PCA,2011
Majuli,Assam,2011,4350591,2262307,2088284,522070,435059,174023,2732606,62.81,1163259,6288.8,691.8,Census2011_PCA,2011
Biswanath,Assam,2011,7496207,3748103,3748104,899544,1124431,1649165,6178373,82.42,1647518,13838.3,541.7,Census2011_PCA,2011
Charaideo,Assam,2011,815571,407785,407786,97868,73401,8155,581909,71.35,201375,2259.2,361.0,Census2011_PCA,2011
Patna,Bihar,2011,15000000,7800000,7200000,1650000,3300000,2250000,10322999,68.82,3225806,10183.8,2373.4,Census2011_PCA,2011
Nalanda,Bihar,2011,11260829,5630414,5630415,1126082,2702598,1689124,7606689,67.55,2618797,8208.2,1371.9,Census2011_PCA,2011
Bhojpur,Bihar,2011,6767541,3316095,3451446,744429,1082806,676754,4862478,71.85,1809502,11515.3,587.7,Census2011_PCA,2011
Buxar,Bihar,2011,15000000,7800000,7200000,1800000,2250000,2100000,8710500,58.07,2873563,11110.6,1957.2,Census2011_PCA,2011
Rohtas,Bihar,2011,14052963,7167011,6885952,2107944,2810592,3934829,7334241,52.19,3584939,5844.2,2404.6,Census2011_PCA,2011
Kaimur,Bihar,2011,5687473,2843736,2843737,625622,284373,796246,3517702,61.85,1393988,3248.5,1750.8,Census2011_PCA,2011
Gaya,Bihar,2011,11584530,6023955,5560575,1621834,2201060,3243668,7726881,66.7,2438848,12871.7,900.0,Census2011_PCA,2011
Jehanabad,Bihar,2011,15000000,7650000,7350000,2100000,2700000,4050000,10150500,67.67,4120879,16839.2,1752.3,Census2011_PCA,2011
Aurangabad,Bihar,2011,4529475,2355327,2174148,679421,498242,226473,2908828,64.22,924382,5883.2,769.9,Census2011_PCA,2011
Nawada,Bihar,2011,15000000,7650000,7350000,1650000,900000,2100000,8259000,55.06,3750000,9258.3,2310.7,Census2011_PCA,2011
Arwal,Bihar,2011,10781374,5606314,5175060,1617206,2587529,3234412,6879594,63.81,2668656,17333.4,622.0,Census2011_PCA,2011
Vaishali,Bihar,2011,7150284,3646644,3503640,1072542,1644565,429017,4406720,61.63,1499011,13734.7,520.6,Census2011_PCA,2011
Saran,Bihar,2011,2969346,1484673,1484673,386014,534482,772029,1640563,55.25,607228,2096.7,1416.2,Census2011_PCA,2011
Siwan,Bihar,2011,15000000,7800000,7200000,2100000,2100000,1500000,8262000,55.08,2757352,17040.9,1012.5,Census2011_PCA,2011
Gopalganj,Bihar,2011,11810459,6259543,5550916,1771568,1889673,1535359,6104826,51.69,2798686,9505.4,1242.5,Census2011_PCA,2011
Muzaffarpur,Bihar,2011,15000000,7800000,7200000,1800000,2400000,4200000,8692500,57.95,3061224,11444.7,1941.3,Census2011_PCA,2011
Sitamarhi,Bihar,2011,11950269,6094637,5855632,1434032,956021,2031545,7266958,60.81,3238555,17530.1,681.7,Census2011_PCA,2011
Sheohar,Bihar,2011,15000000,7650000,7350000,1650000,3300000,2250000,9738000,64.92,3318584,16476.3,2409.0,Census2011_PCA,2011
Madhubani,Bihar,2011,14853890,7872561,6981329,1782466,2376622,1782466,10405149,70.05,3286258,15107.7,983.2,Census2011_PCA,2011
Darbhanga,Bihar,2011,15000000,7500000,7500000,2400000,1950000,4200000,8953500,59.69,2918287,15620.5,2185.0,Census2011_PCA,2011
Samastipur,Bihar,2011,5735004,2924852,2810152,1032300,860250,286750,3467383,60.46,1368736,5724.7,1001.8,Census2011_PCA,2011
Begusarai,Bihar,2011,15000000,7650000,7350000,1950000,1350000,3150000,9193500,61.29,3778337,10010.0,1535.6,Census2011_PCA,2011
Khagaria,Bihar,2011,2501312,1300682,1200630,400209,525275,300157,1590584,63.59,486636,1263.8,1979.2,Census2011_PCA,2011
Bhagalpur,Bihar,2011,15000000,7350000,7650000,2100000,2550000,3900000,10327499,68.85,3424657,9168.3,2386.4,Census2011_PCA,2011
Banka,Bihar,2011,12609210,6556789,6052421,1639197,2269657,630460,7406649,58.74,2317869,8496.2,1484.1,Census2011_PCA,2011
Munger,Bihar,2011,14041046,7301343,6739703,2386977,3089030,3650671,7933190,56.5,3399769,12622.3,1112.4,Census2011_PCA,2011
Lakhisarai,Bihar,2011,15000000,7800000,7200000,1500000,900000,2850000,10502999,70.02,2732240,13789.5,1866.4,Census2011_PCA,2011
Sheikhpura,Bihar,2011,15000000,7350000,7650000,2250000,3300000,2100000,9652499,64.35,2824858,8094.5,1922.1,Census2011_PCA,2011
Jamui,Bihar,2011,7678090,3839045,3839045,998151,614247,1228494,4695152,61.15,1508465,14432.5,532.0,Census2011_PCA,2011
Supaul,Bihar,2011,1464118,761341,702777,219617,146411,395311,740550,50.58,331248,1881.9,778.0,Census2011_PCA,2011
Madhepura,Bihar,2011,4692961,2299550,2393411,750873,1079381,985521,2391063,50.95,1071452,4968.2,944.6,Census2011_PCA,2011
Saharsa,Bihar,2011,12144329,6315051,5829278,1578762,1214432,3157525,6312622,51.98,2844105,10782.5,1126.3,Census2011_PCA,2011
Purnea,Bihar,2011,6508284,3319224,3189060,976242,1627071,650828,4650168,71.45,1350266,4651.1,1399.3,Census2011_PCA,2011
Kishanganj,Bihar,2011,10250864,5330449,4920415,1640138,615051,1947664,6091063,59.42,1930482,10403.8,985.3,Census2011_PCA,2011
Araria,Bihar,2011,14603180,7447621,7155559,1898413,2628572,2774604,9337273,63.94,2956109,14480.1,1008.5,Census2011_PCA,2011
Katihar,Bihar,2011,15000000,7800000,7200000,2550000,2700000,1500000,8703000,58.02,3218884,15170.9,1748.4,Census2011_PCA,2011
West Champaran,Bihar,2011,3933367,1966683,1966684,629338,354003,196668,2379293,60.49,723045,2077.3,1893.5,Census2011_PCA,2011
East Champaran,Bihar,2011,15000000,7800000,7200000,1800000,3150000,2250000,10074000,67.16,3006012,16486.0,1493.8,Census2011_PCA,2011
Raipur,Chhattisgarh,2011,479957,254377,225580,52795,115189,124788,355696,74.11,87904,2515.5,190.8,Census2011_PCA,2011
Durg,Chhattisgarh,2011,5900647,2950323,2950324,944103,295032,1003109,3975265,67.37,1216628,14580.3,404.7,Census2011_PCA,2011
Bilaspur,Chhattisgarh,2011,3265078,1697840,1567238,587714,228555,261206,1849013,56.63,619559,10729.8,304.3,Census2011_PCA,2011
Korba,Chhattisgarh,2011,4403432,2201716,2201716,484377,924720,1188926,2798381,63.55,1019312,16517.0,266.6,Census2011_PCA,2011
Rajnandgaon,Chhattisgarh,2011,2101742,1050871,1050871,294243,147121,567470,1248224,59.39,476585,17059.6,123.2,Census2011_PCA,2011
Raigarh,Chhattisgarh,2011,4101468,2173778,1927690,533190,820293,205073,2722144,66.37,1108504,13505.0,303.7,Census2011_PCA,2011
Janjgir-Champa,Chhattisgarh,2011,1850128,980567,869561,185012,222015,259017,1475662,79.76,355110,7642.0,242.1,Census2011_PCA,2011
Surguja,Chhattisgarh,2011,1367434,697391,670043,246138,164092,177766,830716,60.75,365624,12499.4,109.4,Census2011_PCA,2011
Korea,Chhattisgarh,2011,3079412,1601294,1478118,461911,523500,61588,2330191,75.67,771782,8457.6,364.1,Census2011_PCA,2011
Jashpur,Chhattisgarh,2011,1229003,602211,626792,196640,110610,86030,955426,77.74,295433,10380.1,118.4,Census2011_PCA,2011
Kanker,Chhattisgarh,2011,2045419,1002255,1043164,347721,163633,102270,1273682,62.27,531277,16259.3,125.8,Census2011_PCA,2011
Kondagaon,Chhattisgarh,2011,285835,140059,145776,45733,28583,28583,172530,60.36,79398,951.2,300.5,Census2011_PCA,2011
Narayanpur,Chhattisgarh,2011,3182761,1655035,1527726,445586,668379,509241,1869235,58.73,705711,9706.5,327.9,Census2011_PCA,2011
Bastar,Chhattisgarh,2011,500035,260018,240017,85005,75005,70004,400528,80.1,138131,1258.9,397.2,Census2011_PCA,2011
Dantewada,Chhattisgarh,2011,1795499,933659,861840,251369,412964,53864,1041748,58.02,380402,7528.3,238.5,Census2011_PCA,2011
Sukma,Chhattisgarh,2011,520123,270463,249660,72817,62414,156036,360237,69.26,117941,5312.8,97.9,Census2011_PCA,2011
Bijapur,Chhattisgarh,2011,629544,327362,302182,107022,113317,144795,465988,74.02,160189,2235.6,281.6,Census2011_PCA,2011
Bemetara,Chhattisgarh,2011,1031079,515539,515540,144351,134040,41243,687420,66.67,213473,4498.6,229.2,Census2011_PCA,2011
Mungeli,Chhattisgarh,2011,643436,341021,302415,70777,141555,25737,375830,58.41,129204,3171.2,202.9,Census2011_PCA,2011
Balod,Chhattisgarh,2011,3601200,1836612,1764588,504168,432144,180060,2335018,64.84,745590,10236.5,351.8,Census2011_PCA,2011
Gariaband,Chhattisgarh,2011,5190781,2699206,2491575,934340,882432,570985,3656905,70.45,1320809,15691.6,330.8,Census2011_PCA,2011
Mahasamund,Chhattisgarh,2011,1322865,648203,674662,224887,158743,304258,930635,70.35,258877,4424.3,299.0,Census2011_PCA,2011
Dhamtari,Chhattisgarh,2011,6374075,3314519,3059556,956111,1147333,127481,5050179,79.23,1235285,17554.6,363.1,Census2011_PCA,2011
Baloda Bazar,Chhattisgarh,2011,609306,316839,292467,73116,73116,6093,473735,77.75,131599,3657.3,166.6,Census2011_PCA,2011
Kawardha,Chhattisgarh,2011,632055,328668,303387,63205,126411,44243,420316,66.5,151209,2982.8,211.9,Census2011_PCA,2011
Gaurela-Pendra-Marwahi,Chhattisgarh,2011,2645271,1375540,1269731,396790,185168,79358,1585575,59.94,558074,13127.9,201.5,Census2011_PCA,2011
Sarangarh-Bilaigarh,Chhattisgarh,2011,1604322,834247,770075,224605,224605,144388,1201155,74.87,430113,5261.8,304.9,Census2011_PCA,2011
Manendragarh,Chhattisgarh,2011,1210863,629648,581215,169520,217955,24217,797716,65.88,257630,5456.8,221.9,Census2011_PCA,2011
Shakti,Chhattisgarh,2011,451589,225794,225795,49674,45158,49674,253747,56.19,90498,5774.8,78.2,Census2011_PCA,2011
Khairagarh,Chhattisgarh,2011,968597,503670,464927,135603,213091,232463,559849,57.8,185554,7153.6,135.4,Census2011_PCA,2011
Mohla-Manpur-Ambagarh Chowki,Chhattisgarh,2011,74520,39495,35025,12668,12668,13413,54951,73.74,17170,828.0,90.0,Census2011_PCA,2011
North Goa,Goa,2011,206994,103497,103497,33119,35188,51748,201260,97.23,56248,865.0,239.3,Census2011_PCA,2011
South Goa,Goa,2011,3599427,1835707,1763720,503919,467925,359942,3040435,84.47,863171,4758.0,756.5,Census2011_PCA,2011
Ahmedabad,Gujarat,2011,2041409,1000290,1041119,285797,469524,224554,1677629,82.18,397161,9433.5,216.4,Census2011_PCA,2011
Surat,Gujarat,2011,2665415,1332707,1332708,319849,453120,613045,2142727,80.39,692315,4634.7,575.1,Census2011_PCA,2011
Vadodara,Gujarat,2011,5046399,2624127,2422272,807423,706495,1412991,3941742,78.11,1057945,9147.0,551.7,Census2011_PCA,2011
Rajkot,Gujarat,2011,7334046,3813703,3520343,806745,440042,1026766,5248976,71.57,1810875,15624.3,469.4,Census2011_PCA,2011
Bhavnagar,Gujarat,2011,1447087,723543,723544,202592,86825,361771,953919,65.92,276689,9378.4,154.3,Census2011_PCA,2011
Jamnagar,Gujarat,2011,6728277,3431421,3296856,941958,1076524,1614786,5813231,86.4,1529153,11262.6,597.4,Census2011_PCA,2011
Junagadh,Gujarat,2011,6813299,3406649,3406650,953861,545063,204398,4536975,66.59,1285528,11907.2,572.2,Census2011_PCA,2011
Gandhinagar,Gujarat,2011,4076956,2079247,1997709,448465,407695,570773,3057309,74.99,896034,13000.5,313.6,Census2011_PCA,2011
Anand,Gujarat,2011,1483658,741829,741829,192875,178038,267058,1242266,83.73,309740,7024.9,211.2,Census2011_PCA,2011
Kheda,Gujarat,2011,343977,178868,165109,41277,65355,68795,298090,86.66,65519,2153.9,159.7,Census2011_PCA,2011
Mehsana,Gujarat,2011,3294953,1647476,1647477,428343,790788,691940,2431675,73.8,702548,10697.9,308.0,Census2011_PCA,2011
Banaskantha,Gujarat,2011,3806264,1941194,1865070,609002,799315,761252,3224666,84.72,764310,5917.7,643.2,Census2011_PCA,2011
Sabarkantha,Gujarat,2011,4887028,2541254,2345774,635313,586443,586443,3348102,68.51,1243518,9711.9,503.2,Census2011_PCA,2011
Aravalli,Gujarat,2011,5843691,2921845,2921846,642806,409058,1460922,3887807,66.53,1159462,9009.7,648.6,Census2011_PCA,2011
Mahisagar,Gujarat,2011,9358331,4585582,4772749,1216583,1871666,467916,6870886,73.42,2449824,15964.4,586.2,Census2011_PCA,2011
Panchmahal,Gujarat,2011,8174012,4250486,3923526,899141,1144361,1062621,6613593,80.91,2053771,13994.2,584.1,Census2011_PCA,2011
Dahod,Gujarat,2011,2027150,1054118,973032,283801,324344,202715,1707265,84.22,456565,5486.2,369.5,Census2011_PCA,2011
Vadodara,Gujarat,2011,4066586,2155290,1911296,731985,569322,365992,2990974,73.55,893755,6937.2,586.2,Census2011_PCA,2011
Narmada,Gujarat,2011,9748820,5069386,4679434,1072370,974882,1949764,8369361,85.85,2114711,14795.6,658.9,Census2011_PCA,2011
Bharuch,Gujarat,2011,2756088,1433165,1322923,330730,551217,248047,2387599,86.63,727200,15303.1,180.1,Census2011_PCA,2011
Surat,Gujarat,2011,6239646,3119823,3119823,873550,748757,124792,4076360,65.33,1386588,17062.2,365.7,Census2011_PCA,2011
Navsari,Gujarat,2011,4545876,2272938,2272938,454587,1091010,1136469,3648065,80.25,894857,17904.2,253.9,Census2011_PCA,2011
Valsad,Gujarat,2011,1101319,572685,528634,176211,88105,231276,828412,75.22,313766,5520.4,199.5,Census2011_PCA,2011
Dang,Gujarat,2011,831940,432608,399332,116471,166388,133110,555569,66.78,203906,4978.7,167.1,Census2011_PCA,2011
Tapi,Gujarat,2011,387591,197671,189920,62014,54262,15503,335770,86.63,82642,1335.6,290.2,Census2011_PCA,2011
Botad,Gujarat,2011,1259376,629688,629688,138531,176312,239281,881689,70.01,290848,9519.1,132.3,Census2011_PCA,2011
Amreli,Gujarat,2011,982115,520520,461595,108032,157138,157138,871234,88.71,213040,1998.2,491.5,Census2011_PCA,2011
Gir Somnath,Gujarat,2011,2964697,1541642,1423055,533645,296469,29646,2481747,83.71,707564,8727.4,339.7,Census2011_PCA,2011
Porbandar,Gujarat,2011,6086337,3164895,2921442,973813,730360,121726,4726040,77.65,1186420,11494.5,529.5,Census2011_PCA,2011
Devbhumi Dwarka,Gujarat,2011,3113940,1588109,1525831,498230,560509,778485,2042121,65.58,616621,14135.0,220.3,Census2011_PCA,2011
Morbi,Gujarat,2011,2123906,1040713,1083193,254868,127434,594693,1632858,76.88,387574,5635.2,376.9,Census2011_PCA,2011
Chhota Udaipur,Gujarat,2011,2093071,1088396,1004675,251168,251168,502337,1792506,85.64,503142,4933.0,424.3,Census2011_PCA,2011
Mahisagar,Gujarat,2011,1333925,706980,626945,213428,306802,160071,1178389,88.34,297087,6940.3,192.2,Census2011_PCA,2011
Ambala,Haryana,2011,12378149,6312855,6065294,1980503,2475629,371344,9414820,76.06,2408200,16675.4,742.3,Census2011_PCA,2011
Yamuna Nagar,Haryana,2011,4846766,2374915,2471851,727014,533144,872417,3472707,71.65,993189,6121.2,791.8,Census2011_PCA,2011
Kurukshetra,Haryana,2011,734542,381961,352581,95490,183635,66108,628033,85.5,136026,1241.2,591.8,Census2011_PCA,2011
Kaithal,Haryana,2011,3573882,1786941,1786941,571821,679037,1036425,2307655,64.57,757178,11656.5,306.6,Census2011_PCA,2011
Karnal,Haryana,2011,1147815,562429,585386,183650,137737,137737,862927,75.18,243697,1109.0,1035.0,Census2011_PCA,2011
Panipat,Haryana,2011,15000000,7500000,7500000,2400000,2400000,2400000,10642500,70.95,3125000,17104.4,929.6,Census2011_PCA,2011
Sonipat,Haryana,2011,1209395,628885,580510,169315,157221,205597,816825,67.54,300844,2485.4,486.6,Census2011_PCA,2011
Rohtak,Haryana,2011,12367147,6183573,6183574,2102414,1855072,618357,10180635,82.32,2810715,17936.4,689.5,Census2011_PCA,2011
Jhajjar,Haryana,2011,9583375,4695853,4887522,1437506,2108342,958337,6678654,69.69,2640048,8289.4,1156.1,Census2011_PCA,2011
Fatehabad,Haryana,2011,12691899,6599787,6092112,2030703,3046055,2411460,10260131,80.84,2807942,16098.3,788.4,Census2011_PCA,2011
Hisar,Haryana,2011,1423695,711847,711848,227791,85421,242028,999718,70.22,278609,4017.2,354.4,Census2011_PCA,2011
Bhiwani,Haryana,2011,8947103,4384080,4563023,1073652,2236775,1968362,6633382,74.14,1775218,11209.1,798.2,Census2011_PCA,2011
Charkhi Dadri,Haryana,2011,1930983,1023420,907563,289647,270337,405506,1344157,69.61,367107,1790.6,1078.4,Census2011_PCA,2011
Mahendragarh,Haryana,2011,12094077,6047038,6047039,2176933,1693170,3265400,7545494,62.39,3225087,11696.4,1034.0,Census2011_PCA,2011
Rewari,Haryana,2011,1308640,654320,654320,209382,157036,366419,1091013,83.37,252146,3381.5,387.0,Census2011_PCA,2011
Gurugram,Haryana,2011,5663903,2888590,2775313,623029,623029,906224,4166367,73.56,1474974,11613.5,487.7,Census2011_PCA,2011
Faridabad,Haryana,2011,3839359,1996466,1842893,614297,652691,959839,2882974,75.09,745506,3198.4,1200.4,Census2011_PCA,2011
Palwal,Haryana,2011,334912,174154,160758,50236,60284,77029,239160,71.41,70065,1295.6,258.5,Census2011_PCA,2011
Nuh,Haryana,2011,8525074,4262537,4262537,1534513,1278761,2046017,6659787,78.12,2084370,11475.4,742.9,Census2011_PCA,2011
Panchkula,Haryana,2011,471518,240474,231044,66012,42436,89588,324451,68.81,95448,1548.5,304.5,Census2011_PCA,2011
Sirsa,Haryana,2011,15000000,7950000,7050000,1650000,1800000,2550000,10347000,68.98,3386004,15563.6,986.5,Census2011_PCA,2011
Shimla,Himachal Pradesh,2011,524504,257006,267498,62940,68185,99655,389234,74.21,100287,4838.6,108.4,Census2011_PCA,2011
Mandi,Himachal Pradesh,2011,527066,268803,258263,68518,105413,79059,426238,80.87,117125,6230.1,84.6,Census2011_PCA,2011
Kangra,Himachal Pradesh,2011,106408,56396,50012,14897,25537,7448,81742,76.82,29557,905.6,117.5,Census2011_PCA,2011
Solan,Himachal Pradesh,2011,2531414,1316335,1215079,354397,405026,658167,1993994,78.77,481257,15940.9,158.8,Census2011_PCA,2011
Una,Himachal Pradesh,2011,2916335,1458167,1458168,379123,466613,204143,2386436,81.83,798995,13867.5,210.3,Census2011_PCA,2011
Hamirpur,Himachal Pradesh,2011,2231437,1115718,1115719,401658,423973,89257,2061401,92.38,520148,13877.1,160.8,Census2011_PCA,2011
Bilaspur,Himachal Pradesh,2011,1448936,767936,681000,231829,130404,231829,1166393,80.5,403603,6434.0,225.2,Census2011_PCA,2011
Chamba,Himachal Pradesh,2011,503091,256576,246515,70432,85525,80494,383355,76.2,106361,6328.2,79.5,Census2011_PCA,2011
Kullu,Himachal Pradesh,2011,1519610,790197,729413,182353,182353,379902,1235594,81.31,308863,17835.8,85.2,Census2011_PCA,2011
Lahaul & Spiti,Himachal Pradesh,2011,1708059,854029,854030,256208,427014,307450,1501725,87.92,345062,14775.6,115.6,Census2011_PCA,2011
Kinnaur,Himachal Pradesh,2011,194709,99301,95408,35047,40888,46730,160518,82.44,39414,966.3,201.5,Census2011_PCA,2011
Sirmaur,Himachal Pradesh,2011,621545,323203,298342,93231,136739,31077,528437,85.02,174591,3484.0,178.4,Census2011_PCA,2011
Ranchi,Jharkhand,2011,2113515,1035622,1077893,274756,169081,443838,1315874,62.26,418517,2423.2,872.2,Census2011_PCA,2011
Dhanbad,Jharkhand,2011,13433393,6985364,6448029,1343339,1074671,940337,8077499,60.13,2787010,15774.3,851.6,Census2011_PCA,2011
Bokaro,Jharkhand,2011,3338018,1669009,1669009,567463,400562,367181,2380006,71.3,675712,5990.7,557.2,Census2011_PCA,2011
Giridih,Jharkhand,2011,8148285,4155625,3992660,977794,814828,1385208,4695041,57.62,1495098,12633.0,645.0,Census2011_PCA,2011
Hazaribagh,Jharkhand,2011,2153014,1076507,1076507,344482,236831,236831,1622080,75.34,422988,5557.6,387.4,Census2011_PCA,2011
Koderma,Jharkhand,2011,972556,505729,466827,126432,243139,243139,737878,75.87,190324,2632.8,369.4,Census2011_PCA,2011
Chatra,Jharkhand,2011,2113797,1099174,1014623,274793,295931,169103,1352407,63.98,541999,5533.5,382.0,Census2011_PCA,2011
Latehar,Jharkhand,2011,9539736,4960662,4579074,1049370,1621755,1717152,5538770,58.06,1971019,16827.9,566.9,Census2011_PCA,2011
Lohardaga,Jharkhand,2011,6547003,3208031,3338972,851110,1243930,261880,4666049,71.27,1865243,11664.0,561.3,Census2011_PCA,2011
Gumla,Jharkhand,2011,9648271,4920618,4727653,1640206,2219102,1447240,5498549,56.99,1776845,16759.2,575.7,Census2011_PCA,2011
Simdega,Jharkhand,2011,4779115,2532930,2246185,525702,764658,812449,3349203,70.08,889965,11803.2,404.9,Census2011_PCA,2011
West Singhbhum,Jharkhand,2011,3015161,1598035,1417126,331667,693487,904548,1866987,61.92,671528,3563.6,846.1,Census2011_PCA,2011
East Singhbhum,Jharkhand,2011,14972492,7935420,7037072,2545323,748624,2545323,8186958,54.68,2737201,17337.3,863.6,Census2011_PCA,2011
Seraikela Kharsawan,Jharkhand,2011,6726534,3430532,3296002,941714,1614368,1748898,4284802,63.7,1729186,17809.2,377.7,Census2011_PCA,2011
Khunti,Jharkhand,2011,834228,425456,408772,100107,75080,183530,598725,71.77,179790,3343.6,249.5,Census2011_PCA,2011
Ramgarh,Jharkhand,2011,2606618,1355441,1251177,443125,573455,417058,1412004,54.17,538557,3571.2,729.9,Census2011_PCA,2011
Deoghar,Jharkhand,2011,897980,448990,448990,107757,89798,71838,636129,70.84,165985,2960.7,303.3,Census2011_PCA,2011
Jamtara,Jharkhand,2011,5136546,2516907,2619639,770481,975943,154096,2823045,54.96,1249767,13150.4,390.6,Census2011_PCA,2011
Dumka,Jharkhand,2011,4346850,2303830,2043020,695496,478153,173874,3255790,74.9,1062799,9294.1,467.7,Census2011_PCA,2011
Godda,Jharkhand,2011,2703181,1351590,1351591,297349,540636,513604,1686784,62.4,587648,4334.8,623.6,Census2011_PCA,2011
Sahibganj,Jharkhand,2011,5116758,2660714,2456044,614010,511675,1176854,3777702,73.83,1398021,9906.6,516.5,Census2011_PCA,2011
Pakur,Jharkhand,2011,6388726,3130475,3258251,958308,383323,1086083,4129672,64.64,1373919,12815.9,498.5,Census2011_PCA,2011
Bengaluru Urban,Karnataka,2011,1333312,679989,653323,146664,119998,239996,843586,63.27,294980,6242.1,213.6,Census2011_PCA,2011
Bengaluru Rural,Karnataka,2011,4993579,2546725,2446854,699101,299614,699101,4053288,81.17,1008803,8435.1,592.0,Census2011_PCA,2011
Ramanagara,Karnataka,2011,5249704,2729846,2519858,787455,314982,577467,3285789,62.59,956230,14787.9,355.0,Census2011_PCA,2011
Tumkur,Karnataka,2011,1134320,601189,533131,113432,147461,260893,909157,80.15,207750,1707.8,664.2,Census2011_PCA,2011
Kolar,Karnataka,2011,3916365,2075673,1840692,509127,861600,1057418,2756729,70.39,804181,7856.3,498.5,Census2011_PCA,2011
Chikkaballapura,Karnataka,2011,5044427,2623102,2421325,655775,453998,857552,3743973,74.22,1017021,9937.8,507.6,Census2011_PCA,2011
Chitradurga,Karnataka,2011,143284,70209,73075,17194,25791,24358,106460,74.3,27822,560.8,255.5,Census2011_PCA,2011
Davanagere,Karnataka,2011,1768638,884319,884319,300668,353727,70745,1436841,81.24,407520,6557.8,269.7,Census2011_PCA,2011
Shivamogga,Karnataka,2011,9060534,4439661,4620873,1087264,634237,181210,6880569,75.94,1845322,15965.7,567.5,Census2011_PCA,2011
Chikkamagaluru,Karnataka,2011,2092952,1067405,1025547,251154,188365,544167,1306211,62.41,464069,13459.5,155.5,Census2011_PCA,2011
Hassan,Karnataka,2011,4339799,2256695,2083104,564173,737765,911357,2995329,69.02,1058487,14776.3,293.7,Census2011_PCA,2011
Kodagu,Karnataka,2011,2530071,1265035,1265036,303608,151804,733720,2099705,82.99,475577,12053.7,209.9,Census2011_PCA,2011
Mysuru,Karnataka,2011,3884312,1980999,1903313,699176,932234,776862,3132697,80.65,938239,7976.0,487.0,Census2011_PCA,2011
Mandya,Karnataka,2011,1140913,581865,559048,182546,159727,296637,781753,68.52,231892,3111.3,366.7,Census2011_PCA,2011
Chamarajanagar,Karnataka,2011,9744672,4969782,4774890,1754040,1559147,487233,6535751,67.07,2492243,16508.0,590.3,Census2011_PCA,2011
Dharwad,Karnataka,2011,8301197,4316622,3984575,913131,1577227,581083,5620740,67.71,1711587,16639.0,498.9,Census2011_PCA,2011
Belagavi,Karnataka,2011,7480543,3740271,3740272,1196886,1421303,1271692,5459300,72.98,1427584,15788.4,473.8,Census2011_PCA,2011
Vijayapura,Karnataka,2011,5498598,2694313,2804285,934761,1319663,219943,4728244,85.99,1232869,17247.8,318.8,Census2011_PCA,2011
Bagalkot,Karnataka,2011,2956451,1478225,1478226,502596,473032,679983,2084889,70.52,646925,11077.0,266.9,Census2011_PCA,2011
Gadag,Karnataka,2011,1695310,864608,830702,237343,118671,491639,1233168,72.74,327279,5077.3,333.9,Census2011_PCA,2011
Haveri,Karnataka,2011,4559911,2325554,2234357,683986,410391,227995,3078851,67.52,849145,6987.3,652.6,Census2011_PCA,2011
Uttara Kannada,Karnataka,2011,3592276,1796138,1796138,466995,466995,898069,2639604,73.48,746834,7807.6,460.1,Census2011_PCA,2011
Udupi,Karnataka,2011,2605666,1354946,1250720,469019,469019,390849,1699154,65.21,511918,5003.2,520.8,Census2011_PCA,2011
Dakshina Kannada,Karnataka,2011,2946116,1502519,1443597,500839,471378,589223,1840438,62.47,825242,13105.5,224.8,Census2011_PCA,2011
Ballari,Karnataka,2011,10459643,5439014,5020629,1673542,1359753,2614910,6985995,66.79,2130273,17040.8,613.8,Census2011_PCA,2011
Raichur,Karnataka,2011,1241719,620859,620860,186257,223509,235926,907448,73.08,277169,9350.3,132.8,Census2011_PCA,2011
Koppal,Karnataka,2011,1334209,653762,680447,186789,133420,386920,819604,61.43,260079,10153.8,131.4,Census2011_PCA,2011
Yadgir,Karnataka,2011,7517225,3984129,3533096,826894,526205,375861,4946334,65.8,1652137,14607.9,514.6,Census2011_PCA,2011
Kalaburagi,Karnataka,2011,3084653,1573173,1511480,401004,401004,524391,2645398,85.76,780924,5178.2,595.7,Census2011_PCA,2011
Bidar,Karnataka,2011,7981739,4150504,3831235,1356895,1596347,319269,5625529,70.48,1731396,15337.7,520.4,Census2011_PCA,2011
Thiruvananthapuram,Kerala,2011,286720,143360,143360,40140,40140,68812,257703,89.88,54927,665.4,430.9,Census2011_PCA,2011
Kollam,Kerala,2011,4789560,2346884,2442676,574747,1053703,1293181,4214333,87.99,1334139,9742.8,491.6,Census2011_PCA,2011
Pathanamthitta,Kerala,2011,7665914,4062934,3602980,1149887,459954,2146455,6485363,84.6,1414375,16697.7,459.1,Census2011_PCA,2011
Alappuzha,Kerala,2011,15000000,7800000,7200000,1950000,1050000,900000,12457500,83.05,2901353,13664.5,1252.7,Census2011_PCA,2011
Kottayam,Kerala,2011,15000000,7500000,7500000,2400000,1200000,4500000,13981500,93.21,3333333,16189.2,946.4,Census2011_PCA,2011
Idukki,Kerala,2011,2666756,1360045,1306711,453348,320010,613353,2614754,98.05,621621,1439.7,1852.3,Census2011_PCA,2011
Ernakulam,Kerala,2011,1569863,784931,784932,282575,235479,172684,1534698,97.76,360060,1018.4,1541.5,Census2011_PCA,2011
Thrissur,Kerala,2011,15000000,7350000,7650000,2250000,3150000,3300000,11958000,79.72,3937007,12061.8,1396.2,Census2011_PCA,2011
Palakkad,Kerala,2011,15000000,7800000,7200000,1950000,1050000,150000,12670500,84.47,3554502,11593.3,1445.7,Census2011_PCA,2011
Malappuram,Kerala,2011,2146874,1073437,1073437,300562,343499,279093,1686369,78.55,509946,2818.9,761.6,Census2011_PCA,2011
Kozhikode,Kerala,2011,5352406,2676203,2676203,695812,588764,642288,4270149,79.78,1009887,10965.8,488.1,Census2011_PCA,2011
Wayanad,Kerala,2011,15000000,7650000,7350000,1650000,1950000,750000,12648000,84.32,3340757,17618.0,1745.3,Census2011_PCA,2011
Kannur,Kerala,2011,3582394,1827020,1755374,501535,250767,286591,2979835,83.18,754188,8106.8,441.9,Census2011_PCA,2011
Kasaragod,Kerala,2011,4954396,2427654,2526742,594527,1189055,544983,4509491,91.02,969549,3922.1,1263.2,Census2011_PCA,2011
Bhopal,Madhya Pradesh,2011,1490291,774951,715340,253349,357669,74514,939181,63.02,276491,6357.9,234.4,Census2011_PCA,2011
Indore,Madhya Pradesh,2011,1077876,571274,506602,194017,118566,226353,725194,67.28,231801,5998.2,179.7,Census2011_PCA,2011
Jabalpur,Madhya Pradesh,2011,1397789,726850,670939,181712,97845,237624,975796,69.81,304529,7081.0,197.4,Census2011_PCA,2011
Gwalior,Madhya Pradesh,2011,3888652,2060985,1827667,544411,738843,544411,2421852,62.28,795225,10126.7,384.0,Census2011_PCA,2011
Ujjain,Madhya Pradesh,2011,6379735,3253664,3126071,893162,1148352,510378,4559596,71.47,1294063,14424.0,442.3,Census2011_PCA,2011
Sagar,Madhya Pradesh,2011,770874,408563,362311,107922,100213,123339,601358,78.01,157965,1794.4,429.6,Census2011_PCA,2011
Satna,Madhya Pradesh,2011,4664021,2332010,2332011,792883,746243,932804,2664088,57.12,925400,14337.6,325.3,Census2011_PCA,2011
Rewa,Madhya Pradesh,2011,2508535,1304438,1204097,250853,627133,526792,1630296,64.99,500705,6712.7,373.7,Census2011_PCA,2011
Katni,Madhya Pradesh,2011,4053451,1986190,2067261,486414,608017,648552,2817553,69.51,871709,8033.0,504.6,Census2011_PCA,2011
Damoh,Madhya Pradesh,2011,2084454,1083916,1000538,312668,312668,229289,1159164,55.61,561847,7344.8,283.8,Census2011_PCA,2011
Chhatarpur,Madhya Pradesh,2011,4698217,2302126,2396091,845679,375857,469821,3118676,66.38,1201590,17330.2,271.1,Census2011_PCA,2011
Tikamgarh,Madhya Pradesh,2011,2645423,1349165,1296258,423267,290996,264542,1990680,75.25,709228,8832.8,299.5,Census2011_PCA,2011
Niwari,Madhya Pradesh,2011,5388156,2801841,2586315,592697,1347039,431052,3198409,59.36,1410512,11839.5,455.1,Census2011_PCA,2011
Datia,Madhya Pradesh,2011,5738123,2869061,2869062,745955,516431,1147624,3775684,65.8,1611832,17273.1,332.2,Census2011_PCA,2011
Bhind,Madhya Pradesh,2011,1404571,716331,688240,182594,266868,98319,1036713,73.81,274330,3953.2,355.3,Census2011_PCA,2011
Morena,Madhya Pradesh,2011,275964,143501,132463,30356,33115,38634,169883,61.56,52765,2280.7,121.0,Census2011_PCA,2011
Sheopur,Madhya Pradesh,2011,3722649,1898550,1824099,558397,632850,409491,2834424,76.14,787029,11684.4,318.6,Census2011_PCA,2011
Guna,Madhya Pradesh,2011,5657397,2828698,2828699,848609,396017,282869,3278461,57.95,1376495,12854.8,440.1,Census2011_PCA,2011
Ashoknagar,Madhya Pradesh,2011,2175764,1109639,1066125,282849,174061,261091,1297625,59.64,456135,12635.1,172.2,Census2011_PCA,2011
Shivpuri,Madhya Pradesh,2011,4587126,2431176,2155950,642197,688068,229356,2883467,62.86,1042528,11792.1,389.0,Census2011_PCA,2011
Vidisha,Madhya Pradesh,2011,794991,389545,405446,87449,166948,230547,537731,67.64,177058,6783.2,117.2,Census2011_PCA,2011
Raisen,Madhya Pradesh,2011,2995129,1557467,1437662,419318,209659,59902,2217293,74.03,734100,7773.5,385.3,Census2011_PCA,2011
Sehore,Madhya Pradesh,2011,2092611,1046305,1046306,292965,418522,481300,1438460,68.74,561021,9908.2,211.2,Census2011_PCA,2011
Hoshangabad,Madhya Pradesh,2011,2009817,1045104,964713,261276,422061,40196,1466563,72.97,437868,14064.5,142.9,Census2011_PCA,2011
Harda,Madhya Pradesh,2011,1180305,613758,566547,188848,129833,354091,781834,66.24,281025,2292.3,514.9,Census2011_PCA,2011
Betul,Madhya Pradesh,2011,3611466,1914076,1697390,577834,361146,902866,2517191,69.7,859872,8183.7,441.3,Census2011_PCA,2011
Chhindwara,Madhya Pradesh,2011,4586578,2293289,2293289,504523,412792,321060,2590499,56.48,1092042,11573.5,396.3,Census2011_PCA,2011
Seoni,Madhya Pradesh,2011,2122691,1061345,1061346,339630,233496,191042,1622797,76.45,388060,9928.4,213.8,Census2011_PCA,2011
Mandla,Madhya Pradesh,2011,829731,439757,389974,132756,190838,248919,636237,76.68,221261,2166.4,383.0,Census2011_PCA,2011
Balaghat,Madhya Pradesh,2011,2251123,1170583,1080540,382690,450224,472735,1513655,67.24,484112,4869.4,462.3,Census2011_PCA,2011
Dindori,Madhya Pradesh,2011,1616420,824374,792046,242463,371776,64656,1097387,67.89,398133,7748.9,208.6,Census2011_PCA,2011
Shahdol,Madhya Pradesh,2011,3425072,1815288,1609784,445259,171253,787766,2511262,73.32,690538,6958.7,492.2,Census2011_PCA,2011
Anuppur,Madhya Pradesh,2011,3504614,1752307,1752307,385507,560738,245322,2303933,65.74,894034,12122.5,289.1,Census2011_PCA,2011
Umaria,Madhya Pradesh,2011,3126666,1563333,1563333,468999,500266,468999,1988246,63.59,642025,14996.0,208.5,Census2011_PCA,2011
Sidhi,Madhya Pradesh,2011,257899,134107,123792,36105,18052,67053,170290,66.03,73685,2242.6,115.0,Census2011_PCA,2011
Singrauli,Madhya Pradesh,2011,2025956,1053497,972459,222855,364672,121557,1586728,78.32,500236,4040.6,501.4,Census2011_PCA,2011
Ratlam,Madhya Pradesh,2011,1818470,909235,909235,309139,145477,218216,1139089,62.64,371116,4881.8,372.5,Census2011_PCA,2011
Mandsaur,Madhya Pradesh,2011,2321176,1207011,1114165,232117,348176,116058,1407793,60.65,477608,11971.0,193.9,Census2011_PCA,2011
Neemuch,Madhya Pradesh,2011,1245746,647787,597959,224234,161946,62287,707210,56.77,291743,12672.9,98.3,Census2011_PCA,2011
Agar Malwa,Madhya Pradesh,2011,928004,464002,464002,157760,74240,213440,685145,73.83,246154,2292.5,404.8,Census2011_PCA,2011
Shajapur,Madhya Pradesh,2011,1548548,789759,758789,154854,278738,216796,1131369,73.06,325325,2999.9,516.2,Census2011_PCA,2011
Rajgarh,Madhya Pradesh,2011,1222767,635838,586929,207870,85593,48910,902524,73.81,261275,7704.9,158.7,Census2011_PCA,2011
Dewas,Madhya Pradesh,2011,4469401,2234700,2234701,491634,491634,134082,3076288,68.83,950936,17356.9,257.5,Census2011_PCA,2011
Khargone,Madhya Pradesh,2011,4981530,2590395,2391135,846860,896675,498153,3384451,67.94,1102108,14132.0,352.5,Census2011_PCA,2011
Barwani,Madhya Pradesh,2011,2337431,1145341,1192090,397363,560983,350614,1351502,57.82,519429,5672.0,412.1,Census2011_PCA,2011
Dhar,Madhya Pradesh,2011,3378591,1790653,1587938,608146,810861,168929,2585297,76.52,728144,9745.0,346.7,Census2011_PCA,2011
Jhabua,Madhya Pradesh,2011,3107894,1616104,1491790,559420,621578,31078,1761865,56.69,773107,12451.5,249.6,Census2011_PCA,2011
Alirajpur,Madhya Pradesh,2011,173427,90182,83245,24279,31216,27748,113403,65.39,35393,1558.2,111.3,Census2011_PCA,2011
Khandwa,Madhya Pradesh,2011,1279753,652674,627079,153570,140772,204760,768875,60.08,249951,9889.9,129.4,Census2011_PCA,2011
Burhanpur,Madhya Pradesh,2011,2364972,1229785,1135187,402045,449344,70949,1713895,72.47,476808,7337.8,322.3,Census2011_PCA,2011
Narsinghpur,Madhya Pradesh,2011,687083,336670,350413,89320,96191,130545,431007,62.73,137968,1513.4,454.0,Census2011_PCA,2011
Mumbai City,Maharashtra,2011,1638623,852083,786540,262179,131089,475200,1312209,80.08,323199,2590.3,632.6,Census2011_PCA,2011
Mumbai Suburban,Maharashtra,2011,2119867,1059933,1059934,339178,211986,572364,1829233,86.29,595468,3421.9,619.5,Census2011_PCA,2011
Thane,Maharashtra,2011,3557135,1742996,1814139,569141,604712,106714,2788082,78.38,842922,5259.7,676.3,Census2011_PCA,2011
Palghar,Maharashtra,2011,4941401,2470700,2470701,592968,345898,889452,4203649,85.07,1247828,10420.5,474.2,Census2011_PCA,2011
Raigad,Maharashtra,2011,610317,317364,292953,73238,85444,73238,431799,70.75,113865,1270.7,480.3,Census2011_PCA,2011
Ratnagiri,Maharashtra,2011,7218215,3825653,3392562,1154914,938367,721821,5587620,77.41,1461177,10175.1,709.4,Census2011_PCA,2011
Sindhudurg,Maharashtra,2011,603984,301992,301992,84557,138916,36239,526130,87.11,110619,1863.0,324.2,Census2011_PCA,2011
Nashik,Maharashtra,2011,1318551,672461,646090,158226,290081,131855,1065784,80.83,374588,1706.2,772.8,Census2011_PCA,2011
Dhule,Maharashtra,2011,2879841,1439920,1439921,431976,403177,518371,2284577,79.33,570265,10366.6,277.8,Census2011_PCA,2011
Nandurbar,Maharashtra,2011,4461140,2319792,2141348,535336,223057,579948,3248602,72.82,1064711,16257.8,274.4,Census2011_PCA,2011
Jalgaon,Maharashtra,2011,11057657,5860558,5197099,1105765,1990378,2874990,9418912,85.18,2980500,15851.0,697.6,Census2011_PCA,2011
Ahmednagar,Maharashtra,2011,2306409,1176268,1130141,230640,576602,507409,1599033,69.33,431911,4667.9,494.1,Census2011_PCA,2011
Pune,Maharashtra,2011,7057710,3670009,3387701,917502,1693850,211731,4897344,69.39,1872071,9595.8,735.5,Census2011_PCA,2011
Satara,Maharashtra,2011,1238964,631871,607093,161065,297351,99117,910886,73.52,299991,1809.5,684.7,Census2011_PCA,2011
Sangli,Maharashtra,2011,8577810,4460461,4117349,1115115,857781,257334,6182027,72.07,1695219,12762.7,672.1,Census2011_PCA,2011
Solapur,Maharashtra,2011,1707084,853542,853542,238991,221920,290204,1555494,91.12,435480,3219.7,530.2,Census2011_PCA,2011
Kolhapur,Maharashtra,2011,1790967,877573,913394,197006,340283,447741,1511934,84.42,500270,5137.6,348.6,Census2011_PCA,2011
Aurangabad,Maharashtra,2011,4335545,2124417,2211128,520265,520265,693687,3638822,83.93,1078493,6236.4,695.2,Census2011_PCA,2011
Jalna,Maharashtra,2011,831883,424260,407623,116463,166376,66550,653444,78.55,162795,1043.9,796.9,Census2011_PCA,2011
Beed,Maharashtra,2011,168647,87696,80951,30356,13491,42161,128694,76.31,35430,709.2,237.8,Census2011_PCA,2011
Latur,Maharashtra,2011,6089422,3044711,3044711,1035201,304471,182682,5453686,89.56,1387112,10690.7,569.6,Census2011_PCA,2011
Osmanabad,Maharashtra,2011,3767750,1959230,1808520,489807,226065,527485,2682638,71.2,810268,16338.9,230.6,Census2011_PCA,2011
Nanded,Maharashtra,2011,5083492,2490911,2592581,762523,406679,355844,3643847,71.68,1252091,7412.5,685.8,Census2011_PCA,2011
Hingoli,Maharashtra,2011,803688,409880,393808,96442,88405,104479,649138,80.77,222013,1106.4,726.4,Census2011_PCA,2011
Parbhani,Maharashtra,2011,956947,478473,478474,162680,153111,181819,833022,87.05,188005,2901.6,329.8,Census2011_PCA,2011
Akola,Maharashtra,2011,11290066,5645033,5645033,1580609,1693509,3048317,8982376,79.56,2637865,14183.5,796.0,Census2011_PCA,2011
Amravati,Maharashtra,2011,1605833,802916,802917,272991,337224,48174,1473994,91.79,352156,6080.4,264.1,Census2011_PCA,2011
Buldhana,Maharashtra,2011,11691916,6196715,5495201,1286110,2104544,1052272,10219903,87.41,2193605,17993.1,649.8,Census2011_PCA,2011
Washim,Maharashtra,2011,3277071,1638535,1638536,557102,688184,360477,2883167,87.98,631420,17936.9,182.7,Census2011_PCA,2011
Yavatmal,Maharashtra,2011,2844443,1479110,1365333,455110,654221,56888,2403838,84.51,526748,10869.1,261.7,Census2011_PCA,2011
Wardha,Maharashtra,2011,5345976,2672988,2672988,962275,1229574,801896,3995047,74.73,1193298,10354.4,516.3,Census2011_PCA,2011
Nagpur,Maharashtra,2011,938405,469202,469203,131376,46920,262753,676026,72.04,249575,4570.9,205.3,Census2011_PCA,2011
Bhandara,Maharashtra,2011,10229057,5319109,4909948,1329777,511452,1841230,9198990,89.93,2025555,16578.7,617.0,Census2011_PCA,2011
Gondia,Maharashtra,2011,10925869,5790710,5135159,1420362,2622208,1311104,7596756,69.53,2664846,15561.7,702.1,Census2011_PCA,2011
Chandrapur,Maharashtra,2011,767184,406607,360577,122749,184124,153436,547462,71.36,141026,3256.3,235.6,Census2011_PCA,2011
Gadchiroli,Maharashtra,2011,10081363,5242308,4839055,1209763,1713831,604881,7527753,74.67,2065853,16754.8,601.7,Census2011_PCA,2011
Imphal West,Manipur,2011,959625,508601,451024,172732,124751,287887,845717,88.13,269557,13254.5,72.4,Census2011_PCA,2011
Imphal East,Manipur,2011,2836726,1503464,1333262,340407,453876,794283,1915357,67.52,568482,16618.2,170.7,Census2011_PCA,2011
Thoubal,Manipur,2011,1686009,843004,843005,286621,118020,370921,1348469,79.98,319925,17691.6,95.3,Census2011_PCA,2011
Bishnupur,Manipur,2011,712056,356028,356028,78326,71205,28482,455929,64.03,166757,5141.2,138.5,Census2011_PCA,2011
Kakching,Manipur,2011,3449957,1828477,1621480,482993,448494,586492,2295601,66.54,773532,17459.3,197.6,Census2011_PCA,2011
Churachandpur,Manipur,2011,2674510,1390745,1283765,294196,160470,695372,1908797,71.37,646016,11892.0,224.9,Census2011_PCA,2011
Senapati,Manipur,2011,437035,218517,218518,56814,87407,74295,377816,86.45,118437,1798.5,243.0,Census2011_PCA,2011
Ukhrul,Manipur,2011,1899357,968672,930685,189935,455845,113961,1638005,86.24,498518,11238.8,169.0,Census2011_PCA,2011
Chandel,Manipur,2011,274505,137252,137253,43920,52155,60391,193882,70.63,67612,4097.1,67.0,Census2011_PCA,2011
Tengnoupal,Manipur,2011,130290,66447,63843,22149,10423,14331,97313,74.69,31855,1368.6,95.2,Census2011_PCA,2011
Tamenglong,Manipur,2011,2013695,1006847,1006848,201369,161095,181232,1330045,66.05,387995,11003.8,183.0,Census2011_PCA,2011
Noney,Manipur,2011,818635,417503,401132,122795,57304,139167,561747,68.62,155338,7455.7,109.8,Census2011_PCA,2011
Jiribam,Manipur,2011,1016884,508442,508442,142363,101688,91519,666465,65.54,203376,8301.1,122.5,Census2011_PCA,2011
Pherzawl,Manipur,2011,368381,184190,184191,51573,88411,66308,286747,77.84,71116,1999.9,184.2,Census2011_PCA,2011
Kangpokpi,Manipur,2011,1685741,859727,826014,286575,236003,455150,1279645,75.91,460584,7826.1,215.4,Census2011_PCA,2011
East Khasi Hills,Meghalaya,2011,3474980,1772239,1702741,590746,729745,729745,2623957,75.51,929139,13000.3,267.3,Census2011_PCA,2011
West Khasi Hills,Meghalaya,2011,820360,434790,385570,147664,172275,41018,579010,70.58,149700,3525.4,232.7,Census2011_PCA,2011
South West Khasi Hills,Meghalaya,2011,2804133,1458149,1345984,476702,280413,757115,2323224,82.85,772488,17952.2,156.2,Census2011_PCA,2011
Ri Bhoi,Meghalaya,2011,1080786,540393,540393,129694,151310,281004,860954,79.66,227533,7453.7,145.0,Census2011_PCA,2011
East Jaintia Hills,Meghalaya,2011,1388193,707978,680215,152701,235992,319284,1159002,83.49,259475,7842.9,177.0,Census2011_PCA,2011
West Jaintia Hills,Meghalaya,2011,422851,211425,211426,59199,50742,54970,294219,69.58,94597,2267.3,186.5,Census2011_PCA,2011
East Garo Hills,Meghalaya,2011,228230,114115,114115,25105,38799,47928,139151,60.97,43225,1155.6,197.5,Census2011_PCA,2011
West Garo Hills,Meghalaya,2011,612940,318728,294212,104199,140976,12258,492987,80.43,149133,4657.6,131.6,Census2011_PCA,2011
South Garo Hills,Meghalaya,2011,1086934,565205,521729,119562,239125,54346,916937,84.36,247593,9103.3,119.4,Census2011_PCA,2011
Eastern West Khasi Hills,Meghalaya,2011,1298485,662227,636258,194772,116863,90893,1046578,80.6,260739,5214.8,249.0,Census2011_PCA,2011
North Garo Hills,Meghalaya,2011,3657164,1901725,1755439,512002,292573,365716,2657661,72.67,970070,15675.8,233.3,Census2011_PCA,2011
Aizawl,Mizoram,2011,1596774,782419,814355,191612,351290,399193,1305203,81.74,362080,15888.3,100.5,Census2011_PCA,2011
Lunglei,Mizoram,2011,1369078,684539,684539,232743,205361,260124,1079518,78.85,384572,12831.1,106.7,Census2011_PCA,2011
Champhai,Mizoram,2011,606896,303448,303448,103172,103172,66758,484060,79.76,114725,10895.8,55.7,Census2011_PCA,2011
Kolasib,Mizoram,2011,1141240,570620,570620,148361,91299,205423,1120583,98.19,219047,12554.9,90.9,Census2011_PCA,2011
Mamit,Mizoram,2011,1006079,503039,503040,130790,50303,241458,942192,93.65,285817,12359.7,81.4,Census2011_PCA,2011
Serchhip,Mizoram,2011,1255056,640078,614978,125505,125505,301213,1042072,83.03,231133,11829.0,106.1,Census2011_PCA,2011
Lawngtlai,Mizoram,2011,641244,327034,314210,83361,64124,96186,587251,91.58,124513,7916.6,81.0,Census2011_PCA,2011
Siaha,Mizoram,2011,132849,67752,65097,19927,29226,15941,120746,90.89,28145,2290.5,58.0,Census2011_PCA,2011
Khawzawl,Mizoram,2011,116480,57075,59405,20966,20966,30284,95525,82.01,23674,2391.8,48.7,Census2011_PCA,2011
Hnahthial,Mizoram,2011,597513,298756,298757,95602,137427,143403,564351,94.45,127130,5728.8,104.3,Census2011_PCA,2011
Saitual,Mizoram,2011,1025330,533171,492159,153799,256332,92279,877990,85.63,239563,12413.2,82.6,Census2011_PCA,2011
Kohima,Nagaland,2011,711594,362912,348682,85391,142318,49811,557676,78.37,140353,12891.2,55.2,Census2011_PCA,2011
Dimapur,Nagaland,2011,2963911,1511594,1452317,503864,652060,770616,2060807,69.53,801057,12257.7,241.8,Census2011_PCA,2011
Mokokchung,Nagaland,2011,376980,196029,180951,60316,33928,79165,276665,73.39,102440,5026.4,75.0,Census2011_PCA,2011
Wokha,Nagaland,2011,1672881,836440,836441,267660,200745,150559,1210329,72.35,321707,13523.7,123.7,Census2011_PCA,2011
Zunheboto,Nagaland,2011,2324225,1185354,1138871,418360,139453,627540,1801506,77.51,444402,15661.9,148.4,Census2011_PCA,2011
Tuensang,Nagaland,2011,740323,362758,377565,125854,59225,51822,556944,75.23,159552,5721.2,129.4,Census2011_PCA,2011
Mon,Nagaland,2011,2057113,1028556,1028557,329138,431993,308566,1661735,80.78,534315,8507.5,241.8,Census2011_PCA,2011
Phek,Nagaland,2011,106888,53444,53444,17102,8551,24584,82560,77.24,21250,582.5,183.5,Census2011_PCA,2011
Kiphire,Nagaland,2011,748351,389142,359209,97285,179604,89802,493462,65.94,191884,11253.4,66.5,Census2011_PCA,2011
Longleng,Nagaland,2011,95153,47576,47577,16176,8563,19982,76759,80.67,23788,746.3,127.5,Census2011_PCA,2011
Peren,Nagaland,2011,1280420,640210,640210,166454,217671,76825,1096039,85.6,312297,6526.1,196.2,Census2011_PCA,2011
Tseminyu,Nagaland,2011,1454757,741926,712831,189118,334594,436427,1070264,73.57,274482,13237.1,109.9,Census2011_PCA,2011
Shamator,Nagaland,2011,473168,250779,222389,80438,61511,37853,393581,83.18,125842,3797.5,124.6,Census2011_PCA,2011
Noklak,Nagaland,2011,2215854,1107927,1107927,288061,398853,44317,1925798,86.91,552582,10819.6,204.8,Census2011_PCA,2011
Khordha,Odisha,2011,494884,262288,232596,74232,89079,9897,372350,75.24,114291,1350.3,366.5,Census2011_PCA,2011
Cuttack,Odisha,2011,2939577,1499184,1440393,323353,558519,558519,1926304,65.53,609870,10077.4,291.7,Census2011_PCA,2011
Puri,Odisha,2011,2238218,1141491,1096727,246203,492407,89528,1700374,75.97,598454,5224.6,428.4,Census2011_PCA,2011
Jagatsinghpur,Odisha,2011,384142,192071,192071,46097,38414,61462,242163,63.04,78236,2359.6,162.8,Census2011_PCA,2011
Kendrapara,Odisha,2011,298113,152037,146076,35773,71547,32792,173114,58.07,61593,1189.6,250.6,Census2011_PCA,2011
Bhadrak,Odisha,2011,8264245,4297407,3966838,909066,578497,1322279,6288264,76.09,2233579,15116.6,546.7,Census2011_PCA,2011
Balasore,Odisha,2011,1052236,557685,494551,126268,147313,42089,656279,62.37,293920,4545.3,231.5,Census2011_PCA,2011
Mayurbhanj,Odisha,2011,3607277,1803638,1803639,577164,252509,829673,2133704,59.15,693707,14527.9,248.3,Census2011_PCA,2011
Keonjhar,Odisha,2011,1493939,746969,746970,209151,253969,388424,901144,60.32,291216,3484.0,428.8,Census2011_PCA,2011
Dhenkanal,Odisha,2011,1473416,780910,692506,176809,191544,383088,1149264,78.0,306961,7513.6,196.1,Census2011_PCA,2011
Angul,Odisha,2011,1223139,636032,587107,122313,293553,73388,836627,68.4,261354,2478.5,493.5,Census2011_PCA,2011
Jajpur,Odisha,2011,6137699,3068849,3068850,797900,736523,122753,4610025,75.11,1184883,12371.9,496.1,Census2011_PCA,2011
Nayagarh,Odisha,2011,1613104,854945,758159,177441,209703,32262,1041097,64.54,390582,2786.5,578.9,Census2011_PCA,2011
Ganjam,Odisha,2011,5548873,2885413,2663460,832330,887819,1609173,4147782,74.75,1327481,12363.8,448.8,Census2011_PCA,2011
Gajapati,Odisha,2011,4605156,2256526,2348630,690773,460515,506567,3449722,74.91,1078490,12760.2,360.9,Census2011_PCA,2011
Kandhamal,Odisha,2011,5278266,2797480,2480786,527826,950087,316695,4181442,79.22,1015051,10271.0,513.9,Census2011_PCA,2011
Boudh,Odisha,2011,956818,487977,468841,114818,229636,19136,608249,63.57,199753,1810.1,528.6,Census2011_PCA,2011
Bolangir,Odisha,2011,1397126,712534,684592,223540,195597,363252,966531,69.18,373563,4612.5,302.9,Census2011_PCA,2011
Sonepur,Odisha,2011,4157805,2037324,2120481,540514,665248,41578,2505909,60.27,882761,11934.0,348.4,Census2011_PCA,2011
Nuapada,Odisha,2011,2375345,1211425,1163920,285041,427562,688850,1593381,67.08,657990,5830.5,407.4,Census2011_PCA,2011
Bargarh,Odisha,2011,1821621,929026,892595,273243,255026,364324,1382610,75.9,488370,8453.0,215.5,Census2011_PCA,2011
Sambalpur,Odisha,2011,2082099,1041049,1041050,353956,499703,187388,1479331,71.05,424918,4380.6,475.3,Census2011_PCA,2011
Jharsuguda,Odisha,2011,437776,218888,218888,70044,83177,17511,320758,73.27,112828,3372.7,129.8,Census2011_PCA,2011
Sundargarh,Odisha,2011,4115640,2098976,2016664,658502,781971,164625,2813451,68.36,769278,7375.7,558.0,Census2011_PCA,2011
Deogarh,Odisha,2011,5543635,2882690,2660945,776108,997854,1607654,3402128,61.37,1231918,10804.2,513.1,Census2011_PCA,2011
Rayagada,Odisha,2011,491939,260727,231212,83629,73790,78710,398618,81.03,127776,1350.0,364.4,Census2011_PCA,2011
Koraput,Odisha,2011,5150090,2575045,2575045,669511,875515,1390524,3635963,70.6,1206110,13283.7,387.7,Census2011_PCA,2011
Nabarangpur,Odisha,2011,9617875,5001295,4616580,1154145,2308290,2789183,6667110,69.32,2551160,16528.4,581.9,Census2011_PCA,2011
Malkangiri,Odisha,2011,3920686,2038756,1881930,470482,744930,1019378,2971879,75.8,730109,12750.2,307.5,Census2011_PCA,2011
Kalahandi,Odisha,2011,1662056,847648,814408,199446,199446,332411,1371694,82.53,346261,4015.6,413.9,Census2011_PCA,2011
Amritsar,Punjab,2011,10890063,5662832,5227231,1415708,762304,1197906,8059735,74.01,2346996,9318.1,1168.7,Census2011_PCA,2011
Gurdaspur,Punjab,2011,6873094,3574008,3299086,1168425,756040,1787004,5650370,82.21,1510570,7805.9,880.5,Census2011_PCA,2011
Pathankot,Punjab,2011,745584,387703,357881,89470,149116,44735,515720,69.17,186396,3043.2,245.0,Census2011_PCA,2011
Hoshiarpur,Punjab,2011,13227255,6613627,6613628,2116360,793635,3306813,8539515,64.56,2524285,12585.4,1051.0,Census2011_PCA,2011
Nawanshahr,Punjab,2011,14885797,7740614,7145183,2084011,1488579,3572591,12201887,81.97,3648479,15634.7,952.1,Census2011_PCA,2011
Rupnagar,Punjab,2011,14671110,7482266,7188844,2640799,3667777,1467111,11120701,75.8,4156121,16713.5,877.8,Census2011_PCA,2011
Mohali,Punjab,2011,5325474,2769246,2556228,905330,1171604,1437877,4240142,79.62,1109473,11359.8,468.8,Census2011_PCA,2011
Ludhiana,Punjab,2011,9739668,4967230,4772438,1558346,2337520,973966,6471035,66.44,1999931,10065.8,967.6,Census2011_PCA,2011
Firozpur,Punjab,2011,1434621,731656,702965,186500,200846,243885,936090,65.25,307199,3541.4,405.1,Census2011_PCA,2011
Fazilka,Punjab,2011,2969568,1544175,1425393,326652,237565,296956,1878845,63.27,554023,6284.8,472.5,Census2011_PCA,2011
Moga,Punjab,2011,10022931,5111694,4911237,1503439,1202751,2405503,7011040,69.95,2543891,12083.1,829.5,Census2011_PCA,2011
Jalandhar,Punjab,2011,680626,347119,333507,88481,108900,27225,459626,67.53,173187,1693.1,402.0,Census2011_PCA,2011
Kapurthala,Punjab,2011,3738160,1869080,1869080,598105,598105,1121448,3087346,82.59,684644,6814.0,548.6,Census2011_PCA,2011
Fatehgarh Sahib,Punjab,2011,2791603,1423717,1367886,474572,474572,530404,2399941,85.97,573224,12206.4,228.7,Census2011_PCA,2011
Patiala,Punjab,2011,8887535,4710393,4177142,1155379,1422005,799878,7534852,84.78,1729092,16528.8,537.7,Census2011_PCA,2011
Sangrur,Punjab,2011,8601546,4386788,4214758,860154,1978355,602108,6438257,74.85,1592878,14549.3,591.2,Census2011_PCA,2011
Malerkotla,Punjab,2011,6647462,3390205,3257257,664746,398847,1329492,5407045,81.34,1271025,17234.8,385.7,Census2011_PCA,2011
Barnala,Punjab,2011,1483968,756823,727145,237434,370992,341312,1159869,78.16,275830,2318.7,640.0,Census2011_PCA,2011
Bathinda,Punjab,2011,3061157,1561190,1499967,397950,214280,91834,2505863,81.86,662588,3190.7,959.4,Census2011_PCA,2011
Mansa,Punjab,2011,3538614,1769307,1769307,460019,636950,495405,2208802,62.42,729611,4483.8,789.2,Census2011_PCA,2011
Muktsar,Punjab,2011,8787812,4481784,4306028,1406049,1493928,1845440,5607502,63.81,1639517,11724.9,749.5,Census2011_PCA,2011
Faridkot,Punjab,2011,4639372,2319686,2319686,510330,927874,649512,3334780,71.88,962525,14270.6,325.1,Census2011_PCA,2011
Tarn Taran,Punjab,2011,6778764,3389382,3389382,881239,1423540,1152389,5829737,86.0,1788592,9835.7,689.2,Census2011_PCA,2011
Jaipur,Rajasthan,2011,5368449,2791593,2576856,858951,644213,1556850,3534586,65.84,1164522,16498.0,325.4,Census2011_PCA,2011
Ajmer,Rajasthan,2011,73500,37485,36015,10290,17640,7350,51971,70.71,13841,588.0,125.0,Census2011_PCA,2011
Alwar,Rajasthan,2011,1581363,822308,759055,221390,126509,110695,1152339,72.87,406520,7721.5,204.8,Census2011_PCA,2011
Bharatpur,Rajasthan,2011,2116138,1100391,1015747,359743,507873,634841,1344382,63.53,460030,14494.1,146.0,Census2011_PCA,2011
Dhaulpur,Rajasthan,2011,311585,152676,158909,49853,46737,34274,172026,55.21,64778,1678.8,185.6,Census2011_PCA,2011
Karauli,Rajasthan,2011,1322418,700881,621537,171914,185138,251259,788690,59.64,283173,11341.5,116.6,Census2011_PCA,2011
Sawai Madhopur,Rajasthan,2011,1960401,980200,980201,254852,98020,156832,1128014,57.54,393654,6878.6,285.0,Census2011_PCA,2011
Tonk,Rajasthan,2011,3621092,1810546,1810546,579374,832851,506952,2207779,60.97,881044,15201.9,238.2,Census2011_PCA,2011
Bundi,Rajasthan,2011,1001280,510652,490628,170217,220281,50064,655538,65.47,248456,3576.0,280.0,Census2011_PCA,2011
Kota,Rajasthan,2011,737261,361257,376004,73726,110589,14745,490647,66.55,171058,1838.1,401.1,Census2011_PCA,2011
Baran,Rajasthan,2011,4808292,2452228,2356064,673160,1202073,721243,3432158,71.38,1136712,16360.3,293.9,Census2011_PCA,2011
Jhalawar,Rajasthan,2011,2258815,1174583,1084232,271057,316234,361410,1398658,61.92,501958,14012.5,161.2,Census2011_PCA,2011
Jhunjhunu,Rajasthan,2011,4911771,2554120,2357651,736765,392941,785883,3102274,63.16,1272479,15339.7,320.2,Census2011_PCA,2011
Sikar,Rajasthan,2011,5100016,2703008,2397008,816002,765002,561001,2930979,57.47,1138396,12039.7,423.6,Census2011_PCA,2011
Nagaur,Rajasthan,2011,718101,351869,366232,86172,165163,78991,457717,63.74,162834,6965.1,103.1,Census2011_PCA,2011
Jodhpur,Rajasthan,2011,1716581,858290,858291,274652,257487,429145,1250872,72.87,425950,17660.3,97.2,Census2011_PCA,2011
Barmer,Rajasthan,2011,982307,510799,471508,127699,176815,245576,637713,64.92,231131,3542.4,277.3,Census2011_PCA,2011
Jaisalmer,Rajasthan,2011,3896613,1948306,1948307,662424,584491,584491,2615016,67.11,865914,9536.5,408.6,Census2011_PCA,2011
Bikaner,Rajasthan,2011,444131,217624,226507,66619,39971,26647,271186,61.06,90087,3398.1,130.7,Census2011_PCA,2011
Churu,Rajasthan,2011,558231,290280,267951,89316,83734,83734,319698,57.27,146133,4531.1,123.2,Census2011_PCA,2011
Ganganagar,Rajasthan,2011,340960,167070,173890,51144,27276,64782,180640,52.98,73482,892.8,381.9,Census2011_PCA,2011
Hanumangarh,Rajasthan,2011,504961,252480,252481,90892,85843,85843,264953,52.47,102218,5019.5,100.6,Census2011_PCA,2011
Pali,Rajasthan,2011,1746267,855670,890597,244477,436566,454029,982449,56.26,338423,5460.5,319.8,Census2011_PCA,2011
Jalore,Rajasthan,2011,4290047,2230824,2059223,471905,772208,386104,3007322,70.1,1023877,14405.8,297.8,Census2011_PCA,2011
Sirohi,Rajasthan,2011,2649255,1324627,1324628,344403,185447,185447,1946937,73.49,587417,10835.4,244.5,Census2011_PCA,2011
Udaipur,Rajasthan,2011,724148,354832,369316,101380,123105,14482,518489,71.6,160564,3117.3,232.3,Census2011_PCA,2011
Banswara,Rajasthan,2011,1098627,549313,549314,164794,241697,296629,784090,71.37,228880,8939.2,122.9,Census2011_PCA,2011
Dungarpur,Rajasthan,2011,1880144,921270,958874,263220,188014,451234,1348815,71.74,441348,6981.6,269.3,Census2011_PCA,2011
Pratapgarh,Rajasthan,2011,3954736,2056462,1898274,632757,276831,197736,2528262,63.93,996155,13474.4,293.5,Census2011_PCA,2011
Rajsamand,Rajasthan,2011,2134856,1131473,1003383,277531,192137,469668,1531545,71.74,458123,5457.2,391.2,Census2011_PCA,2011
Bhilwara,Rajasthan,2011,76985,40032,36953,12317,8468,9238,43011,55.87,16038,625.9,123.0,Census2011_PCA,2011
Chittorgarh,Rajasthan,2011,2662573,1357912,1304661,346134,292883,559140,1886965,70.87,614912,15462.1,172.2,Census2011_PCA,2011
Dausa,Rajasthan,2011,3255324,1627662,1627662,455745,325532,325532,1973051,60.61,662998,8943.2,364.0,Census2011_PCA,2011
East Sikkim,Sikkim,2011,2293088,1192405,1100683,366894,321032,481548,1629009,71.04,583482,15462.5,148.3,Census2011_PCA,2011
West Sikkim,Sikkim,2011,619148,315765,303383,99063,117638,37148,564105,91.11,176395,6422.7,96.4,Census2011_PCA,2011
North Sikkim,Sikkim,2011,147595,78225,69370,19187,8855,10331,101840,69.0,41227,3043.2,48.5,Census2011_PCA,2011
South Sikkim,Sikkim,2011,1664640,848966,815674,233049,316281,299635,1508829,90.64,323859,17727.8,93.9,Census2011_PCA,2011
Pakyong,Sikkim,2011,1092297,546148,546149,163844,229382,98306,741014,67.84,232403,8182.0,133.5,Census2011_PCA,2011
Soreng,Sikkim,2011,520089,260044,260045,52008,52008,5200,368951,70.94,94733,4554.2,114.2,Census2011_PCA,2011
Chennai,Tamil Nadu,2011,6685711,3409712,3275999,1002856,1002856,1470856,4460706,66.72,1816769,6679.7,1000.9,Census2011_PCA,2011
Tiruvallur,Tamil Nadu,2011,7603579,4029896,3573683,988465,1824858,684322,6095028,80.16,1954647,15020.9,506.2,Census2011_PCA,2011
Kancheepuram,Tamil Nadu,2011,12153483,6076741,6076742,1579952,850743,364604,8794260,72.36,2254820,10560.9,1150.8,Census2011_PCA,2011
Chengalpattu,Tamil Nadu,2011,15000000,7950000,7050000,2550000,2400000,3150000,13372500,89.15,3239740,17242.4,1024.1,Census2011_PCA,2011
Vellore,Tamil Nadu,2011,13634748,7226416,6408332,1908864,1908864,2454254,8955302,65.68,3655428,13755.8,991.2,Census2011_PCA,2011
Ranipet,Tamil Nadu,2011,3355044,1778173,1576871,503256,335504,335504,2982298,88.89,740627,11589.1,289.5,Census2011_PCA,2011
Tirupattur,Tamil Nadu,2011,3490120,1745060,1745060,383913,628221,872530,2334890,66.9,651141,15063.1,231.7,Census2011_PCA,2011
Krishnagiri,Tamil Nadu,2011,4668124,2474105,2194019,560174,1120349,980306,4096278,87.75,1037360,6686.9,698.1,Census2011_PCA,2011
Dharmapuri,Tamil Nadu,2011,5635455,2930436,2705019,676254,507190,450836,4534287,80.46,1479122,13370.0,421.5,Census2011_PCA,2011
Salem,Tamil Nadu,2011,5455844,2837038,2618806,818376,927493,1254844,4285019,78.54,1523978,16603.3,328.6,Census2011_PCA,2011
Namakkal,Tamil Nadu,2011,7996364,4078145,3918219,1439345,1839163,2079054,6178790,77.27,1461858,11361.7,703.8,Census2011_PCA,2011
Erode,Tamil Nadu,2011,6145684,3072842,3072842,921852,368741,1474964,4729718,76.96,1341852,5404.7,1137.1,Census2011_PCA,2011
Tiruppur,Tamil Nadu,2011,5350360,2782187,2568173,588539,1337590,1123575,4093025,76.5,1096385,7390.0,724.0,Census2011_PCA,2011
Coimbatore,Tamil Nadu,2011,979201,499392,479809,127296,166464,88128,770729,78.71,246650,4188.2,233.8,Census2011_PCA,2011
Nilgiris,Tamil Nadu,2011,7780574,3890287,3890287,1089280,700251,1633920,5781744,74.31,1493392,11229.0,692.9,Census2011_PCA,2011
Theni,Tamil Nadu,2011,1828792,914396,914396,274318,182879,73151,1312158,71.75,460652,3648.1,501.3,Census2011_PCA,2011
Dindigul,Tamil Nadu,2011,4684803,2342401,2342402,843264,374784,1124352,3252190,69.42,1041067,7165.5,653.8,Census2011_PCA,2011
Madurai,Tamil Nadu,2011,15000000,7650000,7350000,2400000,3150000,1500000,11857500,79.05,3232758,15364.3,1216.6,Census2011_PCA,2011
Sivaganga,Tamil Nadu,2011,7802390,3823171,3979219,1326406,1170358,1482454,5949322,76.25,1871076,12584.5,620.0,Census2011_PCA,2011
Virudhunagar,Tamil Nadu,2011,6004333,3182296,2822037,720519,300216,300216,5204555,86.68,1105770,10306.1,582.6,Census2011_PCA,2011
Ramanathapuram,Tamil Nadu,2011,4451306,2314679,2136627,489643,934774,489643,3642503,81.83,995817,10578.2,420.8,Census2011_PCA,2011
Thoothukudi,Tamil Nadu,2011,15000000,7650000,7350000,1800000,2700000,750000,10378500,69.19,2929687,16068.6,957.8,Census2011_PCA,2011
Tirunelveli,Tamil Nadu,2011,6456095,3292608,3163487,1097536,387365,387365,4565104,70.71,1563219,11547.3,559.1,Census2011_PCA,2011
Tenkasi,Tamil Nadu,2011,2658268,1382299,1275969,318992,372157,691149,1969244,74.08,569222,5180.8,513.1,Census2011_PCA,2011
Kanyakumari,Tamil Nadu,2011,9189979,4594989,4594990,918997,1837995,1837995,8134050,88.51,1875505,7744.8,1186.6,Census2011_PCA,2011
Thanjavur,Tamil Nadu,2011,1033111,506224,526887,113642,237615,175628,678340,65.66,240818,3420.9,302.0,Census2011_PCA,2011
Tiruvarur,Tamil Nadu,2011,1929894,964947,964947,212288,347380,521071,1403611,72.73,483682,1956.9,986.2,Census2011_PCA,2011
Nagapattinam,Tamil Nadu,2011,5799334,2899667,2899667,985886,347960,1159866,5017003,86.51,1397429,11463.4,505.9,Census2011_PCA,2011
Mayiladuthurai,Tamil Nadu,2011,12253146,6249104,6004042,1470377,1715440,3553412,10101493,82.44,3182635,17562.2,697.7,Census2011_PCA,2011
Ariyalur,Tamil Nadu,2011,9453962,4916060,4537902,1418094,1418094,1890792,6876811,72.74,2256315,11543.3,819.0,Census2011_PCA,2011
Perambalur,Tamil Nadu,2011,11098664,5660318,5438346,1442826,1109866,1109866,7214131,65.0,2163482,14582.4,761.1,Census2011_PCA,2011
Tiruchirappalli,Tamil Nadu,2011,6968393,3553880,3414513,696839,1602730,1951150,5360784,76.93,1979657,6518.0,1069.1,Census2011_PCA,2011
Karur,Tamil Nadu,2011,3668217,1834108,1834109,366821,440186,476868,2898258,79.01,855062,5626.1,652.0,Census2011_PCA,2011
Pudukkottai,Tamil Nadu,2011,5160185,2631694,2528491,670824,516018,670824,3663215,70.99,1025881,13399.6,385.1,Census2011_PCA,2011
Cuddalore,Tamil Nadu,2011,15000000,7800000,7200000,1800000,3000000,3600000,11298000,75.32,2879078,14632.6,1131.0,Census2011_PCA,2011
Kallakurichi,Tamil Nadu,2011,2250545,1170283,1080262,337581,225054,427603,1568404,69.69,635747,5567.9,404.2,Census2011_PCA,2011
Villupuram,Tamil Nadu,2011,2678519,1339259,1339260,294637,267851,589274,2227992,83.18,674689,9862.0,271.6,Census2011_PCA,2011
Hyderabad,Telangana,2011,1913413,956706,956707,229609,401816,574023,1197605,62.59,376656,9137.6,209.4,Census2011_PCA,2011
Rangareddy,Telangana,2011,4735829,2509989,2225840,473582,994524,142074,2971732,62.75,1220574,15262.1,310.3,Census2011_PCA,2011
Medchal-Malkajgiri,Telangana,2011,8842655,4598180,4244475,972692,1768531,707412,6214617,70.28,2014272,14801.9,597.4,Census2011_PCA,2011
Sangareddy,Telangana,2011,585569,298640,286929,93691,87835,169815,367854,62.82,120487,1086.4,539.0,Census2011_PCA,2011
Vikarabad,Telangana,2011,1846695,960281,886414,184669,443206,295471,1058710,57.33,386337,6153.6,300.1,Census2011_PCA,2011
Medak,Telangana,2011,3789870,1970732,1819138,454784,265290,720075,2240192,59.11,989522,16031.6,236.4,Census2011_PCA,2011
Siddipet,Telangana,2011,726032,377536,348496,72603,43561,174247,456528,62.88,154804,2593.9,279.9,Census2011_PCA,2011
Nizamabad,Telangana,2011,688771,344385,344386,75764,117091,192855,522914,75.92,145004,2065.9,333.4,Census2011_PCA,2011
Kamareddy,Telangana,2011,1865967,970302,895665,298554,149277,149277,1409551,75.54,367316,11780.1,158.4,Census2011_PCA,2011
Jagtial,Telangana,2011,8025265,4092885,3932380,963031,1524800,882779,4363336,54.37,1514200,14596.7,549.8,Census2011_PCA,2011
Rajanna Sircilla,Telangana,2011,3240497,1620248,1620249,518479,291644,194429,1934252,59.69,653326,8156.3,397.3,Census2011_PCA,2011
Karimnagar,Telangana,2011,4204578,2228426,1976152,588640,252274,210228,2455053,58.39,1043319,15048.6,279.4,Census2011_PCA,2011
Peddapalli,Telangana,2011,169670,88228,81442,22057,15270,3393,122875,72.42,33598,512.6,331.0,Census2011_PCA,2011
Jayashankar Bhupalpally,Telangana,2011,3396146,1765995,1630151,475460,441498,543383,2154515,63.44,738292,13117.6,258.9,Census2011_PCA,2011
Mulugu,Telangana,2011,2882854,1499084,1383770,317113,432428,86485,2072195,71.88,766716,6145.5,469.1,Census2011_PCA,2011
Bhadradri Kothagudem,Telangana,2011,2484000,1266840,1217160,273240,397440,621000,1675458,67.45,545934,4036.4,615.4,Census2011_PCA,2011
Khammam,Telangana,2011,2582555,1291277,1291278,387383,154953,723115,1451912,56.22,576463,4978.9,518.7,Census2011_PCA,2011
Nalgonda,Telangana,2011,1186050,616746,569304,118605,189768,332094,728234,61.4,279728,1899.2,624.5,Census2011_PCA,2011
Suryapet,Telangana,2011,7795443,3897721,3897722,779544,467726,779544,5816959,74.62,1438273,14913.8,522.7,Census2011_PCA,2011
Yadadri Bhuvanagiri,Telangana,2011,2365056,1206178,1158878,283806,378408,189204,1575836,66.63,612708,13190.5,179.3,Census2011_PCA,2011
Narayanpet,Telangana,2011,4236189,2075732,2160457,635428,508342,593066,2864934,67.63,803830,7765.7,545.5,Census2011_PCA,2011
Jogulamba Gadwal,Telangana,2011,799032,407506,391526,103874,63922,239709,496039,62.08,190245,3656.9,218.5,Census2011_PCA,2011
Wanaparthy,Telangana,2011,5387311,2693655,2693656,700350,1077462,700350,3725325,69.15,1141379,17850.6,301.8,Census2011_PCA,2011
Mahabubnagar,Telangana,2011,1871896,973385,898511,318222,187189,542849,1164132,62.19,436339,4243.7,441.1,Census2011_PCA,2011
Nagarkurnool,Telangana,2011,9429695,4809144,4620551,1320157,2357423,942969,5517314,58.51,2393323,17701.7,532.7,Census2011_PCA,2011
Nandyal,Telangana,2011,532630,276967,255663,85220,58589,90547,345730,64.91,99557,879.8,605.4,Census2011_PCA,2011
West Tripura,Tripura,2011,275595,137797,137798,30315,33071,49607,214468,77.82,53827,1160.4,237.5,Census2011_PCA,2011
Sipahijala,Tripura,2011,1483557,786285,697272,237369,281875,356053,1132250,76.32,288069,7496.5,197.9,Census2011_PCA,2011
Khowai,Tripura,2011,6079507,3222138,2857369,911926,668745,1337491,5253301,86.41,1661067,10584.1,574.4,Census2011_PCA,2011
Gomati,Tripura,2011,2451188,1225594,1225594,416701,318654,637308,2297743,93.74,620553,13990.8,175.2,Census2011_PCA,2011
Unakoti,Tripura,2011,6086517,2982393,3104124,973842,791247,608651,4444983,73.03,1328933,11040.3,551.3,Census2011_PCA,2011
North Tripura,Tripura,2011,2176186,1088093,1088093,217618,435237,261142,1809281,83.14,464005,9292.0,234.2,Census2011_PCA,2011
Dhalai,Tripura,2011,2009017,1004508,1004509,261172,160721,60270,1733580,86.29,558060,4386.5,458.0,Census2011_PCA,2011
South Tripura,Tripura,2011,778654,397113,381541,124584,62292,38932,669486,85.98,173806,1988.9,391.5,Census2011_PCA,2011
Lucknow,Uttar Pradesh,2011,5124184,2613333,2510851,819869,512418,153725,3710934,72.42,1234743,3931.7,1303.3,Census2011_PCA,2011
Agra,Uttar Pradesh,2011,3533007,1837163,1695844,459290,423960,353300,2397145,67.85,995213,2067.9,1708.5,Census2011_PCA,2011
Mathura,Uttar Pradesh,2011,13969253,7124319,6844934,2514465,1955695,698462,7560159,54.12,2717753,17783.9,785.5,Census2011_PCA,2011
Aligarh,Uttar Pradesh,2011,4427946,2302531,2125415,752750,309956,132838,3397120,76.72,827653,7041.9,628.8,Census2011_PCA,2011
Etah,Uttar Pradesh,2011,15000000,7350000,7650000,2400000,1050000,2100000,8035500,53.57,3826530,14852.3,1626.0,Census2011_PCA,2011
Hathras,Uttar Pradesh,2011,4607344,2349745,2257599,552881,691101,1013615,2604531,56.53,940274,4066.5,1133.0,Census2011_PCA,2011
Firozabad,Uttar Pradesh,2011,3837952,1995735,1842217,383795,307036,345415,2791342,72.73,809694,10702.6,358.6,Census2011_PCA,2011
Mainpuri,Uttar Pradesh,2011,4906490,2404180,2502310,637843,490649,1275687,3410010,69.5,938143,11958.3,410.3,Census2011_PCA,2011
Kannauj,Uttar Pradesh,2011,5638420,2931978,2706442,676610,732994,1635141,3128759,55.49,1365234,15679.7,359.6,Census2011_PCA,2011
Farrukhabad,Uttar Pradesh,2011,15000000,7500000,7500000,2100000,2100000,4200000,8031000,53.54,3759398,9802.3,1623.0,Census2011_PCA,2011
Kanpur Nagar,Uttar Pradesh,2011,7099267,3620626,3478641,780919,851912,780919,4872226,68.63,1788228,6337.5,1120.2,Census2011_PCA,2011
Kanpur Dehat,Uttar Pradesh,2011,15000000,7800000,7200000,2250000,3450000,4050000,11005500,73.37,4213483,9271.9,1789.2,Census2011_PCA,2011
Etawah,Uttar Pradesh,2011,6258758,3129379,3129379,1063988,1126576,250350,3915479,62.56,1154752,5403.4,1158.3,Census2011_PCA,2011
Auraiya,Uttar Pradesh,2011,14239694,7119847,7119847,1708763,1139175,4129511,10785144,75.74,3423003,11446.7,1244.0,Census2011_PCA,2011
Jalaun,Uttar Pradesh,2011,4691979,2345989,2345990,656877,985315,1219914,2848969,60.72,955596,4118.3,1139.3,Census2011_PCA,2011
Hamirpur,Uttar Pradesh,2011,3187706,1689484,1498222,573787,255016,892557,2420425,75.93,771841,2866.9,1111.9,Census2011_PCA,2011
Mahoba,Uttar Pradesh,2011,15000000,7350000,7650000,1950000,3450000,3300000,10821000,72.14,2851711,17100.5,1161.9,Census2011_PCA,2011
Banda,Uttar Pradesh,2011,7298970,3722474,3576496,1240824,1678763,2043711,4367703,59.84,1442484,7696.9,948.3,Census2011_PCA,2011
Chitrakoot,Uttar Pradesh,2011,1830338,951775,878563,274550,183033,311157,1075689,58.77,462206,3733.1,490.3,Census2011_PCA,2011
Fatehpur,Uttar Pradesh,2011,9201271,4784660,4416611,1288177,1380190,1748241,6514499,70.8,2165004,6787.1,1355.7,Census2011_PCA,2011
Allahabad,Uttar Pradesh,2011,14571400,7285700,7285700,1748568,874284,3351422,7778213,53.38,3606782,9100.3,1601.2,Census2011_PCA,2011
Kaushambi,Uttar Pradesh,2011,12773657,6770038,6003619,2043785,766419,3576623,9917467,77.64,2442381,13491.4,946.8,Census2011_PCA,2011
Pratapgarh,Uttar Pradesh,2011,6565501,3348405,3217096,787860,853515,131310,4686454,71.38,1541197,6185.7,1061.4,Census2011_PCA,2011
Rae Bareli,Uttar Pradesh,2011,8933036,4645178,4287858,1339955,1429285,2322589,6491637,72.67,1967629,11201.3,797.5,Census2011_PCA,2011
Amethi,Uttar Pradesh,2011,15000000,7350000,7650000,2700000,2250000,1800000,10706999,71.38,3246753,14972.7,1004.3,Census2011_PCA,2011
Sultanpur,Uttar Pradesh,2011,12694544,6220326,6474218,1523345,1650290,1269454,9354609,73.69,2872068,11536.3,1100.4,Census2011_PCA,2011
Ambedkar Nagar,Uttar Pradesh,2011,10789591,5286899,5502692,1510542,863167,2697397,6936628,64.29,2179715,11229.8,960.8,Census2011_PCA,2011
Faizabad,Uttar Pradesh,2011,7062487,3743118,3319369,1129997,564998,918123,4539060,64.27,1829659,14127.8,499.9,Census2011_PCA,2011
Barabanki,Uttar Pradesh,2011,15000000,7500000,7500000,2100000,1500000,3150000,11352000,75.68,2946954,12971.1,1211.0,Census2011_PCA,2011
Gonda,Uttar Pradesh,2011,3731857,1828609,1903248,522459,447822,597097,2336142,62.6,734617,2662.0,1401.9,Census2011_PCA,2011
Balrampur,Uttar Pradesh,2011,15000000,7650000,7350000,1950000,3000000,4050000,10071000,67.14,3112033,17120.7,1093.8,Census2011_PCA,2011
Shravasti,Uttar Pradesh,2011,8714316,4357158,4357158,1394290,1132861,871431,6293479,72.22,1985037,15704.3,554.9,Census2011_PCA,2011
Bahraich,Uttar Pradesh,2011,3234602,1617301,1617301,388152,549882,258768,2085347,64.47,620844,2557.2,1264.9,Census2011_PCA,2011
Lakhimpur Kheri,Uttar Pradesh,2011,685404,363264,322140,82248,116518,102810,433518,63.25,187268,600.6,1141.2,Census2011_PCA,2011
Sitapur,Uttar Pradesh,2011,5861432,2989330,2872102,879214,937829,1465358,3178068,54.22,1542482,4782.5,1225.6,Census2011_PCA,2011
Hardoi,Uttar Pradesh,2011,1490864,775249,715615,223629,327990,149086,1133205,76.01,414128,1142.6,1304.8,Census2011_PCA,2011
Unnao,Uttar Pradesh,2011,3447745,1792827,1654918,517161,655071,620594,2505821,72.68,895518,3619.3,952.6,Census2011_PCA,2011
Lucknow,Uttar Pradesh,2011,10736092,5690128,5045964,1180970,1180970,1288331,6706836,62.47,2949475,10631.9,1009.8,Census2011_PCA,2011
Barabanki,Uttar Pradesh,2011,9809950,4904975,4904975,1079094,1863890,882895,6492224,66.18,2156032,10133.2,968.1,Census2011_PCA,2011
Bara Banki,Uttar Pradesh,2011,15000000,7350000,7650000,2400000,2700000,4500000,9763500,65.09,3073770,11210.9,1368.3,Census2011_PCA,2011
Varanasi,Uttar Pradesh,2011,15000000,7500000,7500000,2250000,1650000,2400000,11682000,77.88,3562945,17759.9,1723.1,Census2011_PCA,2011
Chandauli,Uttar Pradesh,2011,5426529,2767529,2659000,813979,813979,325591,3703063,68.24,1102953,10346.1,524.5,Census2011_PCA,2011
Jaunpur,Uttar Pradesh,2011,944952,463026,481926,141742,66146,245687,689720,72.99,171809,527.7,1790.7,Census2011_PCA,2011
Ghazipur,Uttar Pradesh,2011,6013549,3066909,2946640,902032,300677,420948,3610534,60.04,1183769,6341.4,948.3,Census2011_PCA,2011
Azamgarh,Uttar Pradesh,2011,7399072,3699536,3699536,739907,1405823,813897,5261480,71.11,1564285,9367.1,789.9,Census2011_PCA,2011
Mau,Uttar Pradesh,2011,1338633,669316,669317,174022,240953,374817,976265,72.93,279464,3573.5,374.6,Census2011_PCA,2011
Ballia,Uttar Pradesh,2011,12036028,6379094,5656934,1685043,1444323,2888646,7624823,63.35,2412029,11476.0,1048.8,Census2011_PCA,2011
Deoria,Uttar Pradesh,2011,9042728,4702218,4340510,1175554,1446836,632990,6342569,70.14,1773083,5738.5,1575.8,Census2011_PCA,2011
Kushinagar,Uttar Pradesh,2011,11066468,5865228,5201240,1327976,663988,3319940,7598236,68.66,2136383,6687.9,1654.7,Census2011_PCA,2011
Gorakhpur,Uttar Pradesh,2011,8650630,4411821,4238809,1470607,1730126,1816632,5264773,60.86,2429952,7317.4,1182.2,Census2011_PCA,2011
Sant Kabir Nagar,Uttar Pradesh,2011,8720178,4360089,4360089,1220824,2092842,610412,5280939,60.56,2344133,9198.5,948.0,Census2011_PCA,2011
Basti,Uttar Pradesh,2011,15000000,7950000,7050000,2100000,750000,2250000,9825000,65.5,3865979,14111.3,1501.1,Census2011_PCA,2011
Siddharth Nagar,Uttar Pradesh,2011,15000000,7650000,7350000,2400000,1200000,3900000,11032500,73.55,2788104,13317.7,1707.8,Census2011_PCA,2011
Maharajganj,Uttar Pradesh,2011,3781719,1966493,1815226,529440,718526,605075,2008092,53.1,705544,2822.6,1339.8,Census2011_PCA,2011
Ghaziabad,Uttar Pradesh,2011,14771680,7238123,7533557,2068035,886300,2363468,10261886,69.47,3585359,10900.0,1355.2,Census2011_PCA,2011
Hapur,Uttar Pradesh,2011,7107300,3766869,3340431,923949,639657,639657,4334031,60.98,1622671,5962.5,1192.0,Census2011_PCA,2011
Bulandshahr,Uttar Pradesh,2011,1576785,788392,788393,157678,268053,252285,917058,58.16,375425,3113.1,506.5,Census2011_PCA,2011
Meerut,Uttar Pradesh,2011,2399325,1247649,1151676,287919,239932,71979,1639458,68.33,574001,2977.2,805.9,Census2011_PCA,2011
Baghpat,Uttar Pradesh,2011,2755200,1405152,1350048,413280,192864,82656,1753960,63.66,713782,2776.3,992.4,Census2011_PCA,2011
Muzaffarnagar,Uttar Pradesh,2011,13262042,6896261,6365781,2121926,2254547,1326204,9739643,73.44,2690069,10873.2,1219.7,Census2011_PCA,2011
Shamli,Uttar Pradesh,2011,13092699,6939130,6153569,2094831,1832977,654634,9599566,73.32,2451816,9836.0,1331.1,Census2011_PCA,2011
Saharanpur,Uttar Pradesh,2011,8719255,4534012,4185243,1395080,1220695,697540,5108611,58.59,1670355,8472.7,1029.1,Census2011_PCA,2011
Bijnor,Uttar Pradesh,2011,15000000,7650000,7350000,2400000,2700000,3600000,11259000,75.06,3401360,16475.1,1250.7,Census2011_PCA,2011
Amroha,Uttar Pradesh,2011,3318363,1659181,1659182,464570,265469,763223,2260137,68.11,884896,8818.4,376.3,Census2011_PCA,2011
Moradabad,Uttar Pradesh,2011,7175569,3731295,3444274,932823,1291602,1722136,4758837,66.32,1668736,14807.2,484.6,Census2011_PCA,2011
Rampur,Uttar Pradesh,2011,10767485,5491417,5276068,1938147,1399773,1184423,7897950,73.35,2300744,11365.3,947.4,Census2011_PCA,2011
Bareilly,Uttar Pradesh,2011,12178861,6333007,5845854,1705040,1217886,2435772,6692284,54.95,2272175,8118.7,1500.1,Census2011_PCA,2011
Pilibhit,Uttar Pradesh,2011,10701992,5458015,5243977,1498278,1712318,2675498,6142943,57.4,1978187,9016.0,1187.0,Census2011_PCA,2011
Shahjahanpur,Uttar Pradesh,2011,1045064,543433,501631,167210,135858,156759,726319,69.5,283984,2403.0,434.9,Census2011_PCA,2011
Budaun,Uttar Pradesh,2011,15000000,7950000,7050000,2250000,750000,750000,8509500,56.73,3289473,16027.1,1548.9,Census2011_PCA,2011
Sambhal,Uttar Pradesh,2011,9684031,4842015,4842016,1452604,1065243,1743125,7343400,75.83,2356211,10613.8,912.4,Census2011_PCA,2011
Dehradun,Uttarakhand,2011,3214703,1703792,1510911,417911,225029,32147,2850155,88.66,745870,8107.7,396.5,Census2011_PCA,2011
Haridwar,Uttarakhand,2011,672135,336067,336068,94098,40328,141148,568088,84.52,159273,5648.2,119.0,Census2011_PCA,2011
Pauri Garhwal,Uttarakhand,2011,5768368,2884184,2884184,922938,749887,576836,4243788,73.57,1354076,15649.4,368.6,Census2011_PCA,2011
Tehri Garhwal,Uttarakhand,2011,3156403,1609765,1546638,378768,410332,883792,2682942,85.0,828452,12093.5,261.0,Census2011_PCA,2011
Uttarkashi,Uttarakhand,2011,5072650,2536325,2536325,557991,253632,1115983,3863837,76.17,1160789,12226.2,414.9,Census2011_PCA,2011
Chamoli,Uttarakhand,2011,817410,425053,392357,106263,114437,196178,646653,79.11,187910,1981.6,412.5,Census2011_PCA,2011
Rudraprayag,Uttarakhand,2011,1287944,656851,631093,180312,154553,77276,1018892,79.11,276382,9414.8,136.8,Census2011_PCA,2011
Pithoragarh,Uttarakhand,2011,1688695,861234,827461,219530,270191,202643,1493819,88.46,363942,4643.1,363.7,Census2011_PCA,2011
Almora,Uttarakhand,2011,782318,398982,383336,125170,62585,172109,693055,88.59,143019,2480.4,315.4,Census2011_PCA,2011
Bageshwar,Uttarakhand,2011,2941557,1441362,1500195,500064,205908,441233,2427961,82.54,542722,8636.4,340.6,Census2011_PCA,2011
Nainital,Uttarakhand,2011,1184446,615911,568535,142133,71066,130289,988538,83.46,266767,11589.5,102.2,Census2011_PCA,2011
Udham Singh Nagar,Uttarakhand,2011,2177900,1132508,1045392,283127,522696,522696,1551318,71.23,610056,8711.6,250.0,Census2011_PCA,2011
Champawat,Uttarakhand,2011,5304365,2758269,2546096,795654,318261,795654,3619168,68.23,1473434,13614.9,389.6,Census2011_PCA,2011
Kolkata,West Bengal,2011,15000000,7650000,7350000,1800000,1050000,2400000,12493500,83.29,3694581,14655.7,2246.0,Census2011_PCA,2011
North 24 Parganas,West Bengal,2011,3559510,1850945,1708565,355951,249165,213570,2733347,76.79,936713,5417.0,657.1,Census2011_PCA,2011
South 24 Parganas,West Bengal,2011,15000000,7500000,7500000,2400000,2250000,3600000,12532500,83.55,3579952,14637.2,1238.9,Census2011_PCA,2011
Howrah,West Bengal,2011,1725677,914608,811069,189824,258851,517703,1402285,81.26,433587,3038.7,567.9,Census2011_PCA,2011
Hooghly,West Bengal,2011,14302709,7151354,7151355,2288433,1716325,2860541,11569461,80.89,3834506,11657.6,1226.9,Census2011_PCA,2011
Nadia,West Bengal,2011,5399116,2699558,2699558,863858,1079823,863858,3860367,71.5,1099616,7478.0,722.0,Census2011_PCA,2011
Murshidabad,West Bengal,2011,3923553,2040247,1883306,392355,941652,549297,3098037,78.96,723902,3040.1,1290.6,Census2011_PCA,2011
Birbhum,West Bengal,2011,2041519,1082005,959514,306227,489964,285812,1734270,84.95,391095,1217.8,1676.4,Census2011_PCA,2011
Burdwan,West Bengal,2011,5339568,2616388,2723180,800935,694143,1228100,4310633,80.73,1074359,5174.0,1032.0,Census2011_PCA,2011
Bankura,West Bengal,2011,5874622,2937311,2937311,939939,528715,998685,4630377,78.82,1138492,3911.2,1502.0,Census2011_PCA,2011
Purulia,West Bengal,2011,958567,469697,488870,134199,86271,86271,640610,66.83,270018,2209.7,433.8,Census2011_PCA,2011
Jhargram,West Bengal,2011,9847959,5120938,4727021,1674153,2363510,1969591,7848823,79.7,2633144,16923.8,581.9,Census2011_PCA,2011
West Midnapore,West Bengal,2011,5540975,2881307,2659668,941965,886556,1606882,4676582,84.4,1133123,2773.4,1997.9,Census2011_PCA,2011
East Midnapore,West Bengal,2011,7638033,4048157,3589876,1145704,1756747,687422,5550558,72.67,1438424,8671.7,880.8,Census2011_PCA,2011
Darjeeling,West Bengal,2011,11318880,5659440,5659440,1245076,2376964,1358265,7959436,70.32,3126762,6159.6,1837.6,Census2011_PCA,2011
Kalimpong,West Bengal,2011,11195098,5709499,5485599,1567313,2686823,2127068,7440262,66.46,2498905,5131.6,2181.6,Census2011_PCA,2011
Jalpaiguri,West Bengal,2011,9461122,4730561,4730561,1419168,2176058,2081446,6109992,64.58,2592088,13952.4,678.1,Census2011_PCA,2011
Alipurduar,West Bengal,2011,7180560,3662085,3518475,1220695,574444,1436112,6126453,85.32,1486658,4885.4,1469.8,Census2011_PCA,2011
Cooch Behar,West Bengal,2011,11540930,6116692,5424238,1731139,1731139,3231460,8571448,74.27,2640945,12751.0,905.1,Census2011_PCA,2011
North Dinajpur,West Bengal,2011,15000000,7800000,7200000,2100000,750000,4350000,12367500,82.45,3363228,14166.4,1974.9,Census2011_PCA,2011
South Dinajpur,West Bengal,2011,15000000,7500000,7500000,2250000,1950000,2850000,12895500,85.97,4076086,16863.2,1462.2,Census2011_PCA,2011
Malda,West Bengal,2011,15000000,7350000,7650000,2100000,3000000,3000000,9963000,66.42,4189944,17316.2,1401.8,Census2011_PCA,2011
Central Delhi,Delhi,2011,15000000,7800000,7200000,2550000,2700000,1650000,10968000,73.12,3144654,3842.6,12330.6,Census2011_PCA,2011
East Delhi,Delhi,2011,15000000,7500000,7500000,2400000,2550000,2250000,10885500,72.57,3275109,2949.0,19471.3,Census2011_PCA,2011
New Delhi,Delhi,2011,15000000,7800000,7200000,2100000,3750000,300000,10860000,72.4,2952755,9844.0,10776.4,Census2011_PCA,2011
North Delhi,Delhi,2011,13841596,7197629,6643967,2076239,1937823,2906735,12853306,92.86,3642525,2568.3,5389.4,Census2011_PCA,2011
North East Delhi,Delhi,2011,15000000,7350000,7650000,1650000,2700000,2250000,14092500,93.95,4178272,16684.3,16299.6,Census2011_PCA,2011
North West Delhi,Delhi,2011,15000000,7500000,7500000,1500000,1650000,3600000,12360000,82.4,3906250,2784.4,18779.4,Census2011_PCA,2011
Shahdara,Delhi,2011,15000000,7350000,7650000,2100000,3150000,1050000,13666500,91.11,3448275,14811.5,16537.4,Census2011_PCA,2011
South Delhi,Delhi,2011,15000000,7800000,7200000,1950000,3750000,2700000,11164500,74.43,2901353,17688.4,21020.8,Census2011_PCA,2011
South East Delhi,Delhi,2011,15000000,7650000,7350000,1950000,1050000,750000,12207000,81.38,3067484,13874.0,20646.2,Census2011_PCA,2011
South West Delhi,Delhi,2011,15000000,7950000,7050000,1500000,1050000,3900000,12946500,86.31,2964426,8176.6,15772.1,Census2011_PCA,2011
West Delhi,Delhi,2011,15000000,7350000,7650000,1650000,1050000,3000000,13975500,93.17,3464203,9021.9,4836.6,Census2011_PCA,2011
Jammu,Jammu & Kashmir,2011,1455255,756732,698523,174630,261945,232840,921176,63.3,270493,14019.8,103.8,Census2011_PCA,2011
Samba,Jammu & Kashmir,2011,97189,48594,48595,13606,23325,18465,70520,72.56,23140,1158.4,83.9,Census2011_PCA,2011
Kathua,Jammu & Kashmir,2011,105882,51882,54000,14823,7411,11647,76266,72.03,23118,4623.7,22.9,Census2011_PCA,2011
Udhampur,Jammu & Kashmir,2011,622145,323515,298630,74657,55993,149314,436310,70.13,114364,13980.8,44.5,Census2011_PCA,2011
Reasi,Jammu & Kashmir,2011,251716,130892,120824,25171,45308,22654,160771,63.87,60363,3585.7,70.2,Census2011_PCA,2011
Ramban,Jammu & Kashmir,2011,1426789,699126,727663,228286,328161,85607,1036419,72.64,319192,13772.1,103.6,Census2011_PCA,2011
Doda,Jammu & Kashmir,2011,551188,286617,264571,82678,66142,38583,385390,69.92,132816,16163.9,34.1,Census2011_PCA,2011
Kishtwar,Jammu & Kashmir,2011,626316,306894,319422,100210,137789,75157,366520,58.52,141062,6207.3,100.9,Census2011_PCA,2011
Rajouri,Jammu & Kashmir,2011,1145152,572576,572576,194675,160321,137418,645980,56.41,231812,16083.6,71.2,Census2011_PCA,2011
Poonch,Jammu & Kashmir,2011,1512966,756483,756483,166426,287463,45388,853464,56.41,290955,17572.2,86.1,Census2011_PCA,2011
Anantnag,Jammu & Kashmir,2011,239825,119912,119913,40770,40770,57558,165359,68.95,50810,3496.0,68.6,Census2011_PCA,2011
Kulgam,Jammu & Kashmir,2011,690357,358985,331372,75939,151878,103553,537719,77.89,147512,17477.4,39.5,Census2011_PCA,2011
Pulwama,Jammu & Kashmir,2011,575171,299088,276083,92027,57517,57517,388182,67.49,108933,5385.5,106.8,Census2011_PCA,2011
Shopian,Jammu & Kashmir,2011,255084,130092,124992,25508,63771,5101,165217,64.77,50611,3107.0,82.1,Census2011_PCA,2011
Budgam,Jammu & Kashmir,2011,252700,128877,123823,40432,53067,35378,149118,59.01,54696,9794.6,25.8,Census2011_PCA,2011
Srinagar,Jammu & Kashmir,2011,315359,167140,148219,34689,34689,63071,174298,55.27,70708,13306.3,23.7,Census2011_PCA,2011
Ganderbal,Jammu & Kashmir,2011,680094,353648,326446,108815,34004,95213,491707,72.3,129541,12807.8,53.1,Census2011_PCA,2011
Bandipora,Jammu & Kashmir,2011,906614,453307,453307,126925,163190,235719,496552,54.77,171382,14322.5,63.3,Census2011_PCA,2011
Baramulla,Jammu & Kashmir,2011,60060,30630,29430,7207,14414,10210,43759,72.86,11822,1072.5,56.0,Census2011_PCA,2011
Kupwara,Jammu & Kashmir,2011,486992,253235,233757,48699,116878,102268,366217,75.2,130911,15914.8,30.6,Census2011_PCA,2011
Leh,Ladakh,2011,50000,25000,25000,5500,8000,1500,39865,79.73,12787,11334.8,3.2,Census2011_PCA,2011
Kargil,Ladakh,2011,50000,24500,25500,7000,12000,9000,42990,85.98,12755,4676.1,6.5,Census2011_PCA,2011
Puducherry,Puducherry,2011,15000000,7500000,7500000,1800000,2850000,1350000,10887000,72.58,3579952,4445.2,4523.2,Census2011_PCA,2011
Karaikal,Puducherry,2011,15000000,7350000,7650000,2400000,2850000,2400000,11746500,78.31,3164556,9716.9,3313.0,Census2011_PCA,2011
Mahé,Puducherry,2011,15000000,7800000,7200000,2700000,900000,4050000,12367500,82.45,4098360,17043.9,4779.9,Census2011_PCA,2011
Yanam,Puducherry,2011,15000000,7950000,7050000,1650000,1650000,3150000,12511500,83.41,2857142,5546.5,5238.4,Census2011_PCA,2011
Chandigarh,Chandigarh,2011,15000000,7500000,7500000,2700000,2400000,750000,11950500,79.67,3416856,11477.3,12372.1,Census2011_PCA,2011
North & Middle Andaman,Andaman & Nicobar,2011,402187,197071,205116,68371,40218,112612,350385,87.12,93098,5601.5,71.8,Census2011_PCA,2011
South Andaman,Andaman & Nicobar,2011,552516,276258,276258,82877,104978,138129,453781,82.13,134432,11805.9,46.8,Census2011_PCA,2011
Nicobar,Andaman & Nicobar,2011,419388,209694,209694,50326,62908,121622,378455,90.24,116821,14313.6,29.3,Census2011_PCA,2011
Dadra & Nagar Haveli,Dadra & Nagar Haveli and Daman & Diu,2011,6129252,3064626,3064626,1041972,1164557,551632,5291383,86.33,1183253,8478.7,722.9,Census2011_PCA,2011
Daman,Dadra & Nagar Haveli and Daman & Diu,2011,13981731,6990865,6990866,1677807,838903,1398173,9110495,65.16,3478042,12161.2,1149.7,Census2011_PCA,2011
Diu,Dadra & Nagar Haveli and Daman & Diu,2011,5285528,2589908,2695620,687118,634263,634263,3990573,75.5,1380033,10343.5,511.0,Census2011_PCA,2011
Lakshadweep,Lakshadweep,2011,15000000,7650000,7350000,2100000,1200000,2100000,12606000,84.04,4273504,16607.6,1897.9,Census2011_PCA,2011
