district_name,state_name,year,population_total,rural_population,rural_population_pct,urban_population,urban_population_pct,rural_households,urban_households,rural_male,rural_female,urban_male,urban_female,source_name,source_year
Srikakulam,Andhra Pradesh,2011,447939,264956,59.15,182983,40.85,72194,49860,134332,130624,93687,89296,Census2011_PCA,2011
Vizianagaram,Andhra Pradesh,2011,364777,185490,50.85,179287,49.15,40411,39061,94043,91447,91794,87493,Census2011_PCA,2011
Visakhapatnam,Andhra Pradesh,2011,2653289,1947780,73.41,705509,26.59,511227,185174,987524,960256,361220,344289,Census2011_PCA,2011
East Godavari,Andhra Pradesh,2011,4178682,2520164,60.31,1658518,39.69,508097,334379,1277723,1242441,849161,809357,Census2011_PCA,2011
West Godavari,Andhra Pradesh,2011,7371154,5042607,68.41,2328547,31.59,1084431,500763,2556601,2486006,1192216,1136331,Census2011_PCA,2011
Krishna,Andhra Pradesh,2011,668916,500751,74.86,168165,25.14,123337,41420,253880,246871,86100,82065,Census2011_PCA,2011
Guntur,Andhra Pradesh,2011,3274315,1701335,51.96,1572980,48.04,360451,333259,862576,838759,805365,767615,Census2011_PCA,2011
Prakasam,Andhra Pradesh,2011,2891940,1465636,50.68,1426304,49.32,300951,292876,743077,722559,730267,696037,Census2011_PCA,2011
Nellore,Andhra Pradesh,2011,8314240,5397605,64.92,2916635,35.08,1001410,541120,2736585,2661020,1493317,1423318,Census2011_PCA,2011
Kadapa,Andhra Pradesh,2011,3658802,2921554,79.85,737248,20.15,732218,184774,1481227,1440327,377470,359778,Census2011_PCA,2011
Kurnool,Andhra Pradesh,2011,2214571,1444344,65.22,770227,34.78,319544,170405,732282,712062,394356,375871,Census2011_PCA,2011
Anantapur,Andhra Pradesh,2011,229933,122463,53.26,107470,46.74,28746,25228,62088,60375,55024,52446,Census2011_PCA,2011
Chittoor,Andhra Pradesh,2011,6591566,4583116,69.53,2008450,30.47,1002869,439486,2323639,2259477,1028326,980124,Census2011_PCA,2011
YSR Kadapa,Andhra Pradesh,2011,3176424,1933807,60.88,1242617,39.12,479852,308342,980440,953367,636219,606398,Census2011_PCA,2011
Eluru,Andhra Pradesh,2011,1453098,862995,59.39,590103,40.61,226507,154883,437538,425457,302132,287971,Census2011_PCA,2011
Bapatla,Andhra Pradesh,2011,5425754,2902236,53.49,2523518,46.51,541461,470806,1471433,1430803,1292041,1231477,Census2011_PCA,2011
Parvathipuram Manyam,Andhra Pradesh,2011,9189022,7362245,80.12,1826777,19.88,1647034,408675,3732658,3629587,935309,891468,Census2011_PCA,2011
Anakapalli,Andhra Pradesh,2011,2231776,1466724,65.72,765052,34.28,279908,146003,743629,723095,391706,373346,Census2011_PCA,2011
Alluri Sitharama Raju,Andhra Pradesh,2011,1505085,1117075,74.22,388010,25.78,232723,80836,566357,550718,198661,189349,Census2011_PCA,2011
Kakinada,Andhra Pradesh,2011,3499037,2482217,70.94,1016820,29.06,630003,258077,1258484,1223733,520611,496209,Census2011_PCA,2011
Konaseema,Andhra Pradesh,2011,1877103,1043107,55.57,833996,44.43,215517,172314,528855,514252,427005,406991,Census2011_PCA,2011
Nandyal,Andhra Pradesh,2011,681351,472790,69.39,208561,30.61,121852,53753,239704,233086,106783,101778,Census2011_PCA,2011
Sri Sathya Sai,Andhra Pradesh,2011,1422877,1163345,81.76,259532,18.24,314417,70144,589815,573530,132880,126652,Census2011_PCA,2011
Tirupati,Andhra Pradesh,2011,2230053,1852506,83.07,377547,16.93,456281,92993,939220,913286,193304,184243,Census2011_PCA,2011
Annamayya,Andhra Pradesh,2011,4359163,2726657,62.55,1632506,37.45,527399,315765,1382415,1344242,835843,796663,Census2011_PCA,2011
Tawang,Arunachal Pradesh,2011,609966,436614,71.58,173352,28.42,120610,47888,221363,215251,88756,84596,Census2011_PCA,2011
West Kameng,Arunachal Pradesh,2011,326469,274953,84.22,51516,15.78,50082,9384,139401,135552,26376,25140,Census2011_PCA,2011
East Kameng,Arunachal Pradesh,2011,311115,184336,59.25,126779,40.75,36867,25356,93458,90878,64910,61869,Census2011_PCA,2011
Papum Pare,Arunachal Pradesh,2011,91146,74986,82.27,16160,17.73,19375,4176,38017,36969,8273,7887,Census2011_PCA,2011
Kurung Kumey,Arunachal Pradesh,2011,307905,280841,91.21,27064,8.79,59248,5710,142386,138455,13856,13208,Census2011_PCA,2011
Kra Daadi,Arunachal Pradesh,2011,210000,153636,73.16,56364,26.84,35812,13139,77893,75743,28858,27506,Census2011_PCA,2011
Lower Subansiri,Arunachal Pradesh,2011,157547,120382,76.41,37165,23.59,21927,6770,61033,59349,19028,18137,Census2011_PCA,2011
Upper Subansiri,Arunachal Pradesh,2011,50000,34250,68.5,15750,31.5,8965,4124,17364,16886,8064,7686,Census2011_PCA,2011
West Siang,Arunachal Pradesh,2011,413824,368056,88.94,45768,11.06,89768,11164,186604,181452,23433,22335,Census2011_PCA,2011
East Siang,Arunachal Pradesh,2011,458838,339954,74.09,118884,25.91,72176,25241,172356,167598,60868,58016,Census2011_PCA,2011
Siang,Arunachal Pradesh,2011,117014,99685,85.19,17329,14.81,27087,4710,50540,49145,8872,8457,Census2011_PCA,2011
Upper Siang,Arunachal Pradesh,2011,105769,85546,80.88,20223,19.12,18596,4397,43371,42175,10354,9869,Census2011_PCA,2011
Dibang Valley,Arunachal Pradesh,2011,50000,35410,70.82,14590,29.18,7581,3125,17952,17458,7470,7120,Census2011_PCA,2011
Lower Dibang Valley,Arunachal Pradesh,2011,50000,29490,58.98,20510,41.02,7522,5233,14951,14539,10501,10009,Census2011_PCA,2011
Anjaw,Arunachal Pradesh,2011,50000,30101,60.2,19899,39.8,5615,3713,15261,14840,10188,9711,Census2011_PCA,2011
Lohit,Arunachal Pradesh,2011,585533,464679,79.36,120854,20.64,86693,22548,235592,229087,61877,58977,Census2011_PCA,2011
Namsai,Arunachal Pradesh,2011,488940,424498,86.82,64442,13.18,81320,12346,215220,209278,32994,31448,Census2011_PCA,2011
Changlang,Arunachal Pradesh,2011,201148,124954,62.12,76194,37.88,32121,19587,63351,61603,39011,37183,Census2011_PCA,2011
Tirap,Arunachal Pradesh,2011,262520,207549,79.06,54971,20.94,45415,12029,105227,102322,28145,26826,Census2011_PCA,2011
Longding,Arunachal Pradesh,2011,89406,70587,78.95,18819,21.05,16152,4307,35787,34800,9635,9184,Census2011_PCA,2011
Pakke Kessang,Arunachal Pradesh,2011,174291,142989,82.04,31302,17.96,29062,6363,72495,70494,16026,15276,Census2011_PCA,2011
Lepa Rada,Arunachal Pradesh,2011,115213,91825,79.7,23388,20.3,25225,6426,46555,45270,11974,11414,Census2011_PCA,2011
Shi Yomi,Arunachal Pradesh,2011,170147,98328,57.79,71819,42.21,22760,16625,49852,48476,36771,35048,Census2011_PCA,2011
Kamle,Arunachal Pradesh,2011,108373,66542,61.4,41831,38.6,14067,8844,33736,32806,21417,20414,Census2011_PCA,2011
Kamrup,Assam,2011,3772239,3591172,95.2,181067,4.8,810647,40874,1820724,1770448,92706,88361,Census2011_PCA,2011
Kamrup Metropolitan,Assam,2011,2013057,1503955,74.71,509102,25.29,331998,112385,762505,741450,260660,248442,Census2011_PCA,2011
Sonitpur,Assam,2011,3890140,3259160,83.78,630980,16.22,918072,177742,1652394,1606766,323061,307919,Census2011_PCA,2011
Lakhimpur,Assam,2011,2942413,1949055,66.24,993358,33.76,398579,203141,988170,960885,508599,484759,Census2011_PCA,2011
Dibrugarh,Assam,2011,2442563,1765485,72.28,677078,27.72,405857,155651,895100,870385,346663,330415,Census2011_PCA,2011
Sivasagar,Assam,2011,4911721,4359644,88.76,552077,11.24,854831,108251,2210339,2149305,282663,269414,Census2011_PCA,2011
Jorhat,Assam,2011,11311452,8169131,72.22,3142321,27.78,1811336,696746,4141749,4027382,1608868,1533453,Census2011_PCA,2011
Golaghat,Assam,2011,7589051,5080870,66.95,2508181,33.05,1062943,524724,2576001,2504869,1284188,1223993,Census2011_PCA,2011
Nagaon,Assam,2011,6794588,5737351,84.44,1057237,15.56,1385832,255372,2908836,2828515,541305,515932,Census2011_PCA,2011
Morigaon,Assam,2011,1591633,1103161,69.31,488472,30.69,240340,106421,559302,543859,250097,238375,Census2011_PCA,2011
Hojai,Assam,2011,1878125,1756611,93.53,121514,6.47,349226,24158,890601,866010,62215,59299,Census2011_PCA,2011
Darrang,Assam,2011,259737,205738,79.21,53999,20.79,41147,10800,104309,101429,27647,26352,Census2011_PCA,2011
Udalguri,Assam,2011,6071343,5782955,95.25,288388,4.75,1189907,59340,2931958,2850997,147654,140734,Census2011_PCA,2011
Bongaigaon,Assam,2011,1516941,1385726,91.35,131215,8.65,299292,28341,702563,683163,67182,64033,Census2011_PCA,2011
Chirang,Assam,2011,2093511,1733637,82.81,359874,17.19,417743,86717,878953,854684,184255,175619,Census2011_PCA,2011
Barpeta,Assam,2011,5014267,3522022,70.24,1492245,29.76,769000,325818,1785665,1736357,764029,728216,Census2011_PCA,2011
Nalbari,Assam,2011,5785001,3842977,66.43,1942024,33.57,985378,497955,1948389,1894588,994316,947708,Census2011_PCA,2011
Baksa,Assam,2011,549105,526482,95.88,22623,4.12,104668,4498,266926,259556,11582,11041,Census2011_PCA,2011
Dhubri,Assam,2011,3101039,2086380,67.28,1014659,32.72,587712,285820,1057794,1028586,519505,495154,Census2011_PCA,2011
South Salmara-Mankachar,Assam,2011,4715369,3479943,73.8,1235426,26.2,732619,260090,1764331,1715612,632538,602888,Census2011_PCA,2011
Kokrajhar,Assam,2011,3246661,3089848,95.17,156813,4.83,737433,37426,1566552,1523296,80288,76525,Census2011_PCA,2011
Goalpara,Assam,2011,3247326,2756980,84.9,490346,15.1,508667,90470,1397788,1359192,251057,239289,Census2011_PCA,2011
Cachar,Assam,2011,9196471,6321655,68.74,2874816,31.26,1234697,561488,3205079,3116576,1471905,1402911,Census2011_PCA,2011
Hailakandi,Assam,2011,4869516,4126428,84.74,743088,15.26,1124366,202477,2092098,2034330,380461,362627,Census2011_PCA,2011
Karimganj,Assam,2011,3760682,3016444,80.21,744238,19.79,781461,192808,1529337,1487107,381049,363189,Census2011_PCA,2011
Dima Hasao,Assam,2011,4489035,3378897,75.27,1110138,24.73,625721,205581,1713100,1665797,568390,541748,Census2011_PCA,2011
Karbi Anglong,Assam,2011,2882286,2127992,73.83,754294,26.17,418072,148192,1078891,1049101,386198,368096,Census2011_PCA,2011
West Karbi Anglong,Assam,2011,986340,923412,93.62,62928,6.38,212277,14467,468169,455243,32219,30709,Census2011_PCA,2011
Majuli,Assam,2011,4350591,4004720,92.05,345871,7.95,1070779,92480,2030393,1974327,177085,168786,Census2011_PCA,2011
Biswanath,Assam,2011,7496207,6430247,85.78,1065960,14.22,1413240,234278,3260135,3170112,545771,520189,Census2011_PCA,2011
Charaideo,Assam,2011,815571,654741,80.28,160830,19.72,161663,39712,331953,322788,82344,78486,Census2011_PCA,2011
Patna,Bihar,2011,15000000,14517000,96.78,483000,3.22,3121935,103871,7360119,7156881,247296,235704,Census2011_PCA,2011
Nalanda,Bihar,2011,11260829,8337518,74.04,2923311,25.96,1938957,679840,4227121,4110397,1496735,1426576,Census2011_PCA,2011
Bhojpur,Bihar,2011,6767541,4994446,73.8,1773095,26.2,1335412,474090,2532184,2462262,907824,865271,Census2011_PCA,2011
Buxar,Bihar,2011,15000000,13378500,89.19,1621500,10.81,2562930,310633,6782899,6595601,830208,791292,Census2011_PCA,2011
Rohtas,Bihar,2011,14052963,11492514,81.78,2560449,18.22,2931763,653176,5826704,5665810,1310949,1249500,Census2011_PCA,2011
Kaimur,Bihar,2011,5687473,4809328,84.56,878145,15.44,1178756,215232,2438329,2370999,449610,428535,Census2011_PCA,2011
Gaya,Bihar,2011,11584530,11262481,97.22,322049,2.78,2371048,67800,5710077,5552404,164889,157160,Census2011_PCA,2011
Jehanabad,Bihar,2011,15000000,14689501,97.93,310499,2.07,4035576,85303,7447577,7241924,158975,151524,Census2011_PCA,2011
Aurangabad,Bihar,2011,4529475,4093740,90.38,435735,9.62,835456,88926,2075526,2018214,223096,212639,Census2011_PCA,2011
Nawada,Bihar,2011,15000000,10542000,70.28,4458000,29.72,2635500,1114500,5344794,5197206,2282496,2175504,Census2011_PCA,2011
Arwal,Bihar,2011,10781374,7957733,73.81,2823641,26.19,1969734,698922,4034570,3923163,1445704,1377937,Census2011_PCA,2011
Vaishali,Bihar,2011,7150284,6027690,84.3,1122594,15.7,1263666,235345,3056038,2971652,574768,547826,Census2011_PCA,2011
Saran,Bihar,2011,2969346,2346972,79.04,622374,20.96,479953,127275,1189914,1157058,318655,303719,Census2011_PCA,2011
Siwan,Bihar,2011,15000000,10816500,72.11,4183500,27.89,1988326,769026,5483965,5332535,2141952,2041548,Census2011_PCA,2011
Gopalganj,Bihar,2011,11810459,10145185,85.9,1665274,14.1,2404071,394615,5143608,5001577,852620,812654,Census2011_PCA,2011
Muzaffarpur,Bihar,2011,15000000,12561000,83.74,2439000,16.26,2563468,497756,6368427,6192573,1248768,1190232,Census2011_PCA,2011
Sitamarhi,Bihar,2011,11950269,9327185,78.05,2623084,21.95,2527692,710863,4728882,4598303,1343019,1280065,Census2011_PCA,2011
Sheohar,Bihar,2011,15000000,13635000,90.9,1365000,9.1,3016592,301992,6912945,6722055,698880,666120,Census2011_PCA,2011
Madhubani,Bihar,2011,14853890,14042868,94.54,811022,5.46,3106828,179430,7119734,6923134,415243,395779,Census2011_PCA,2011
Darbhanga,Bihar,2011,15000000,13494000,89.96,1506000,10.04,2625290,292997,6841458,6652542,771072,734928,Census2011_PCA,2011
Samastipur,Bihar,2011,5735004,3966329,69.16,1768675,30.84,946617,422119,2010928,1955401,905561,863114,Census2011_PCA,2011
Begusarai,Bihar,2011,15000000,14409000,96.06,591000,3.94,3629470,148867,7305363,7103637,302592,288408,Census2011_PCA,2011
Khagaria,Bihar,2011,2501312,1910503,76.38,590809,23.62,371692,114944,968625,941878,302494,288315,Census2011_PCA,2011
Bhagalpur,Bihar,2011,15000000,12172500,81.15,2827500,18.85,2779109,645548,6171457,6001043,1447680,1379820,Census2011_PCA,2011
Banka,Bihar,2011,12609210,10289116,81.6,2320094,18.4,1891381,426488,5216581,5072535,1187888,1132206,Census2011_PCA,2011
Munger,Bihar,2011,14041046,10224690,72.82,3816356,27.18,2475711,924058,5183917,5040773,1953974,1862382,Census2011_PCA,2011
Lakhisarai,Bihar,2011,15000000,11968500,79.79,3031500,20.21,2180054,552186,6068029,5900471,1552128,1479372,Census2011_PCA,2011
Sheikhpura,Bihar,2011,15000000,12628500,84.19,2371500,15.81,2378247,446611,6402649,6225851,1214208,1157292,Census2011_PCA,2011
Jamui,Bihar,2011,7678090,5978929,77.87,1699161,22.13,1174641,333824,3031317,2947612,869970,829191,Census2011_PCA,2011
Supaul,Bihar,2011,1464118,1384031,94.53,80087,5.47,313128,18120,701703,682328,41004,39083,Census2011_PCA,2011
Madhepura,Bihar,2011,4692961,3901728,83.14,791233,16.86,890805,180647,1978176,1923552,405111,386122,Census2011_PCA,2011
Saharsa,Bihar,2011,12144329,9875769,81.32,2268560,18.68,2312826,531279,5007014,4868755,1161502,1107058,Census2011_PCA,2011
Purnea,Bihar,2011,6508284,4782938,73.49,1725346,26.51,992310,357956,2424949,2357989,883377,841969,Census2011_PCA,2011
Kishanganj,Bihar,2011,10250864,9562006,93.28,688858,6.72,1800753,129729,4847937,4714069,352695,336163,Census2011_PCA,2011
Araria,Bihar,2011,14603180,14062863,96.3,540317,3.7,2846732,109377,7129871,6932992,276642,263675,Census2011_PCA,2011
Katihar,Bihar,2011,15000000,13309500,88.73,1690500,11.27,2856115,362769,6747916,6561584,865536,824964,Census2011_PCA,2011
West Champaran,Bihar,2011,3933367,2852872,72.53,1080495,27.47,524424,198621,1446406,1406466,553213,527282,Census2011_PCA,2011
East Champaran,Bihar,2011,15000000,14110500,94.07,889500,5.93,2827755,178257,7154023,6956477,455424,434076,Census2011_PCA,2011
Raipur,Chhattisgarh,2011,479957,409308,85.28,70649,14.72,74964,12940,207519,201789,36172,34477,Census2011_PCA,2011
Durg,Chhattisgarh,2011,5900647,4806668,81.46,1093979,18.54,991065,225563,2436980,2369688,560117,533862,Census2011_PCA,2011
Bilaspur,Chhattisgarh,2011,3265078,2491908,76.32,773170,23.68,472847,146712,1263397,1228511,395863,377307,Census2011_PCA,2011
Korba,Chhattisgarh,2011,4403432,2601548,59.08,1801884,40.92,602209,417103,1318984,1282564,922564,879320,Census2011_PCA,2011
Rajnandgaon,Chhattisgarh,2011,2101742,1650709,78.54,451033,21.46,374309,102276,836909,813800,230928,220105,Census2011_PCA,2011
Raigarh,Chhattisgarh,2011,4101468,3316448,80.86,785020,19.14,896336,212168,1681439,1635009,401930,383090,Census2011_PCA,2011
Janjgir-Champa,Chhattisgarh,2011,1850128,1340603,72.46,509525,27.54,257312,97798,679685,660918,260876,248649,Census2011_PCA,2011
Surguja,Chhattisgarh,2011,1367434,796257,58.23,571177,41.77,212902,152722,403702,392555,292442,278735,Census2011_PCA,2011
Korea,Chhattisgarh,2011,3079412,2248279,73.01,831133,26.99,563478,208304,1139877,1108402,425540,405593,Census2011_PCA,2011
Jashpur,Chhattisgarh,2011,1229003,788652,64.17,440351,35.83,189579,105854,399846,388806,225459,214892,Census2011_PCA,2011
Kanker,Chhattisgarh,2011,2045419,1730220,84.59,315199,15.41,449407,81870,877221,852999,161381,153818,Census2011_PCA,2011
Kondagaon,Chhattisgarh,2011,285835,250649,87.69,35186,12.31,69624,9774,127079,123570,18015,17171,Census2011_PCA,2011
Narayanpur,Chhattisgarh,2011,3182761,2057974,64.66,1124787,35.34,456312,249399,1043392,1014582,575890,548897,Census2011_PCA,2011
Bastar,Chhattisgarh,2011,500035,359876,71.97,140159,28.03,99412,38719,182457,177419,71761,68398,Census2011_PCA,2011
Dantewada,Chhattisgarh,2011,1795499,1085559,60.46,709940,39.54,229991,150411,550378,535181,363489,346451,Census2011_PCA,2011
Sukma,Chhattisgarh,2011,520123,322789,62.06,197334,37.94,73194,44747,163654,159135,101035,96299,Census2011_PCA,2011
Bijapur,Chhattisgarh,2011,629544,421984,67.03,207560,32.97,107374,52815,213945,208039,106270,101290,Census2011_PCA,2011
Bemetara,Chhattisgarh,2011,1031079,829607,80.46,201472,19.54,171760,41713,420610,408997,103153,98319,Census2011_PCA,2011
Mungeli,Chhattisgarh,2011,643436,431167,67.01,212269,32.99,86579,42625,218601,212566,108681,103588,Census2011_PCA,2011
Balod,Chhattisgarh,2011,3601200,2409563,66.91,1191637,33.09,498874,246716,1221648,1187915,610118,581519,Census2011_PCA,2011
Gariaband,Chhattisgarh,2011,5190781,4549720,87.65,641061,12.35,1157689,163120,2306708,2243012,328223,312838,Census2011_PCA,2011
Mahasamund,Chhattisgarh,2011,1322865,935266,70.7,387599,29.3,183026,75851,474179,461087,198450,189149,Census2011_PCA,2011
Dhamtari,Chhattisgarh,2011,6374075,3963400,62.18,2410675,37.82,768100,467185,2009443,1953957,1234265,1176410,Census2011_PCA,2011
Baloda Bazar,Chhattisgarh,2011,609306,551727,90.55,57579,9.45,119162,12437,279725,272002,29480,28099,Census2011_PCA,2011
Kawardha,Chhattisgarh,2011,632055,460516,72.86,171539,27.14,110170,41039,233481,227035,87827,83712,Census2011_PCA,2011
Gaurela-Pendra-Marwahi,Chhattisgarh,2011,2645271,2061725,77.94,583546,22.06,434962,123112,1045294,1016431,298775,284771,Census2011_PCA,2011
Sarangarh-Bilaigarh,Chhattisgarh,2011,1604322,1187680,74.03,416642,25.97,318412,111701,602153,585527,213320,203322,Census2011_PCA,2011
Manendragarh,Chhattisgarh,2011,1210863,957672,79.09,253191,20.91,203759,53871,485539,472133,129633,123558,Census2011_PCA,2011
Shakti,Chhattisgarh,2011,451589,266980,59.12,184609,40.88,53502,36996,135358,131622,94519,90090,Census2011_PCA,2011
Khairagarh,Chhattisgarh,2011,968597,846748,87.42,121849,12.58,162211,23343,429301,417447,62386,59463,Census2011_PCA,2011
Mohla-Manpur-Ambagarh Chowki,Chhattisgarh,2011,74520,63782,85.59,10738,14.41,14695,2475,32337,31445,5497,5241,Census2011_PCA,2011
North Goa,Goa,2011,206994,93686,45.26,113308,54.74,25457,30791,47498,46188,58013,55295,Census2011_PCA,2011
South Goa,Goa,2011,3599427,1670495,46.41,1928932,53.59,400597,462574,846940,823555,987613,941319,Census2011_PCA,2011
Ahmedabad,Gujarat,2011,2041409,828813,40.6,1212596,59.4,161247,235914,420208,408605,620849,591747,Census2011_PCA,2011
Surat,Gujarat,2011,6239646,3152894,50.53,3086752,49.47,700642,685946,1598517,1554377,1580417,1506335,Census2011_PCA,2011
Vadodara,Gujarat,2011,4066586,1744566,42.9,2322020,57.1,383420,510335,884494,860072,1188874,1133146,Census2011_PCA,2011
Rajkot,Gujarat,2011,7334046,3931049,53.6,3402997,46.4,970629,840246,1993041,1938008,1742334,1660663,Census2011_PCA,2011
Bhavnagar,Gujarat,2011,1447087,772456,53.38,674631,46.62,147696,128993,391635,380821,345411,329220,Census2011_PCA,2011
Jamnagar,Gujarat,2011,6728277,3546475,52.71,3181802,47.29,806016,723137,1798062,1748413,1629082,1552720,Census2011_PCA,2011
Junagadh,Gujarat,2011,6813299,3102096,45.53,3711203,54.47,585300,700228,1572762,1529334,1900135,1811068,Census2011_PCA,2011
Gandhinagar,Gujarat,2011,4076956,2772738,68.01,1304218,31.99,609392,286642,1405778,1366960,667759,636459,Census2011_PCA,2011
Anand,Gujarat,2011,1483658,829069,55.88,654589,44.12,173082,136658,420337,408732,335149,319440,Census2011_PCA,2011
Kheda,Gujarat,2011,343977,238480,69.33,105497,30.67,45424,20095,120909,117571,54014,51483,Census2011_PCA,2011
Mehsana,Gujarat,2011,3294953,1428033,43.34,1866920,56.66,304484,398064,724012,704021,955863,911057,Census2011_PCA,2011
Banaskantha,Gujarat,2011,3806264,1510326,39.68,2295938,60.32,303278,461032,765735,744591,1175520,1120418,Census2011_PCA,2011
Sabarkantha,Gujarat,2011,4887028,2698617,55.22,2188411,44.78,686670,556848,1368198,1330419,1120466,1067945,Census2011_PCA,2011
Aravalli,Gujarat,2011,5843691,3569911,61.09,2273780,38.91,708315,451147,1809944,1759967,1164175,1109605,Census2011_PCA,2011
Mahisagar,Gujarat,2011,1333925,791151,59.31,542774,40.69,176202,120885,401113,390038,277900,264874,Census2011_PCA,2011
Panchmahal,Gujarat,2011,8174012,3547522,43.4,4626490,56.6,891336,1162435,1798593,1748929,2368762,2257728,Census2011_PCA,2011
Dahod,Gujarat,2011,2027150,828294,40.86,1198856,59.14,186552,270013,419945,408349,613814,585042,Census2011_PCA,2011
Vadodara,Gujarat,2011,4066586,2077213,51.08,1989373,48.92,456530,437225,1053146,1024067,1018558,970815,Census2011_PCA,2011
Narmada,Gujarat,2011,9748820,4413291,45.27,5335529,54.73,957329,1157382,2237538,2175753,2731790,2603739,Census2011_PCA,2011
Bharuch,Gujarat,2011,2756088,1654480,60.03,1101608,39.97,436538,290662,838821,815659,564023,537585,Census2011_PCA,2011
Surat,Gujarat,2011,6239646,2941994,47.15,3297652,52.85,653776,732812,1491590,1450404,1688397,1609255,Census2011_PCA,2011
Navsari,Gujarat,2011,4545876,3227118,70.99,1318758,29.01,635258,259599,1636148,1590970,675204,643554,Census2011_PCA,2011
Valsad,Gujarat,2011,1101319,478964,43.49,622355,56.51,136456,177310,242834,236130,318645,303710,Census2011_PCA,2011
Dang,Gujarat,2011,831940,534272,64.22,297668,35.78,130948,72958,270875,263397,152406,145262,Census2011_PCA,2011
Tapi,Gujarat,2011,387591,162827,42.01,224764,57.99,34717,47925,82553,80274,115079,109685,Census2011_PCA,2011
Botad,Gujarat,2011,1259376,844034,67.02,415342,32.98,194926,95922,427925,416109,212655,202687,Census2011_PCA,2011
Amreli,Gujarat,2011,982115,629242,64.07,352873,35.93,136494,76546,319025,310217,180670,172203,Census2011_PCA,2011
Gir Somnath,Gujarat,2011,2964697,2004432,67.61,960265,32.39,478384,229180,1016247,988185,491655,468610,Census2011_PCA,2011
Porbandar,Gujarat,2011,6086337,4104626,67.44,1981711,32.56,800121,386299,2081045,2023581,1014636,967075,Census2011_PCA,2011
Devbhumi Dwarka,Gujarat,2011,3113940,2156404,69.25,957536,30.75,427010,189611,1093296,1063108,490258,467278,Census2011_PCA,2011
Morbi,Gujarat,2011,2123906,1015652,47.82,1108254,52.18,185337,202237,514935,500717,567426,540828,Census2011_PCA,2011
Chhota Udaipur,Gujarat,2011,2093071,932673,44.56,1160398,55.44,224200,278942,472865,459808,594123,566275,Census2011_PCA,2011
Mahisagar,Gujarat,2011,1333925,924144,69.28,409781,30.72,205821,91266,468541,455603,209807,199974,Census2011_PCA,2011
Ambala,Haryana,2011,12378149,6546804,52.89,5831345,47.11,1273696,1134504,3319229,3227575,2985648,2845697,Census2011_PCA,2011
Yamuna Nagar,Haryana,2011,4846766,2592536,53.49,2254230,46.51,531256,461933,1314415,1278121,1154165,1100065,Census2011_PCA,2011
Kurukshetra,Haryana,2011,734542,576689,78.51,157853,21.49,106794,29232,292381,284308,80820,77033,Census2011_PCA,2011
Kaithal,Haryana,2011,3573882,2724371,76.23,849511,23.77,577196,179982,1381256,1343115,434949,414562,Census2011_PCA,2011
Karnal,Haryana,2011,1147815,599619,52.24,548196,47.76,127307,116390,304006,295613,280676,267520,Census2011_PCA,2011
Panipat,Haryana,2011,15000000,9304500,62.03,5695500,37.97,1938437,1186563,4717381,4587119,2916096,2779404,Census2011_PCA,2011
Sonipat,Haryana,2011,1209395,942482,77.93,266913,22.07,234447,66397,477838,464644,136659,130254,Census2011_PCA,2011
Rohtak,Haryana,2011,12367147,9379245,75.84,2987902,24.16,2131646,679069,4755277,4623968,1529805,1458097,Census2011_PCA,2011
Jhajjar,Haryana,2011,9583375,6817613,71.14,2765762,28.86,1878130,761918,3456529,3361084,1416070,1349692,Census2011_PCA,2011
Fatehabad,Haryana,2011,12691899,9859068,77.68,2832831,22.32,2181209,626733,4998547,4860521,1450409,1382422,Census2011_PCA,2011
Hisar,Haryana,2011,1423695,806239,56.63,617456,43.37,157776,120833,408763,397476,316137,301319,Census2011_PCA,2011
Bhiwani,Haryana,2011,8947103,4794753,53.59,4152350,46.41,951339,823879,2430939,2363814,2126003,2026347,Census2011_PCA,2011
Charkhi Dadri,Haryana,2011,1930983,1016084,52.62,914899,47.38,193171,173936,515154,500930,468428,446471,Census2011_PCA,2011
Mahendragarh,Haryana,2011,12094077,5780969,47.8,6313108,52.2,1541591,1683496,2930951,2850018,3232311,3080797,Census2011_PCA,2011
Rewari,Haryana,2011,1308640,952821,72.81,355819,27.19,183587,68559,483080,469741,182179,173640,Census2011_PCA,2011
Gurugram,Haryana,2011,5663903,2744728,48.46,2919175,51.54,714772,760202,1391577,1353151,1494617,1424558,Census2011_PCA,2011
Faridabad,Haryana,2011,3839359,2823081,73.53,1016278,26.47,548170,197336,1431302,1391779,520334,495944,Census2011_PCA,2011
Palwal,Haryana,2011,334912,226736,67.7,108176,32.3,47434,22631,114955,111781,55386,52790,Census2011_PCA,2011
Nuh,Haryana,2011,8525074,6548962,76.82,1976112,23.18,1601213,483157,3320323,3228639,1011769,964343,Census2011_PCA,2011
Panchkula,Haryana,2011,471518,237598,50.39,233920,49.61,48096,47352,120462,117136,119767,114153,Census2011_PCA,2011
Sirsa,Haryana,2011,15000000,7056000,47.04,7944000,52.96,1592776,1793228,3577392,3478608,4067328,3876672,Census2011_PCA,2011
Shimla,Himachal Pradesh,2011,524504,374654,71.43,149850,28.57,71635,28652,189949,184705,76723,73127,Census2011_PCA,2011
Mandi,Himachal Pradesh,2011,527066,465189,88.26,61877,11.74,103374,13751,235850,229339,31681,30196,Census2011_PCA,2011
Kangra,Himachal Pradesh,2011,106408,99492,93.5,6916,6.5,27635,1922,50442,49050,3540,3376,Census2011_PCA,2011
Solan,Himachal Pradesh,2011,2531414,2125882,83.98,405532,16.02,404159,77098,1077822,1048060,207632,197900,Census2011_PCA,2011
Una,Himachal Pradesh,2011,2916335,2263076,77.6,653259,22.4,620020,178975,1147379,1115697,334468,318791,Census2011_PCA,2011
Hamirpur,Himachal Pradesh,2011,2231437,2035740,91.23,195697,8.77,474531,45617,1032120,1003620,100196,95501,Census2011_PCA,2011
Bilaspur,Himachal Pradesh,2011,1448936,1188563,82.03,260373,17.97,331075,72528,602601,585962,133310,127063,Census2011_PCA,2011
Chamba,Himachal Pradesh,2011,503091,479094,95.23,23997,4.77,101287,5074,242900,236194,12286,11711,Census2011_PCA,2011
Kullu,Himachal Pradesh,2011,1519610,1243193,81.81,276417,18.19,252680,56183,630298,612895,141525,134892,Census2011_PCA,2011
Lahaul & Spiti,Himachal Pradesh,2011,1708059,1667237,97.61,40822,2.39,336815,8247,845289,821948,20900,19922,Census2011_PCA,2011
Kinnaur,Himachal Pradesh,2011,194709,178977,91.92,15732,8.08,36229,3185,90741,88236,8054,7678,Census2011_PCA,2011
Sirmaur,Himachal Pradesh,2011,621545,575800,92.64,45745,7.36,161741,12850,291930,283870,23421,22324,Census2011_PCA,2011
Ranchi,Jharkhand,2011,2113515,1714907,81.14,398608,18.86,339584,78933,869457,845450,204087,194521,Census2011_PCA,2011
Dhanbad,Jharkhand,2011,13433393,7984809,59.44,5448584,40.56,1656598,1130412,4048298,3936511,2789675,2658909,Census2011_PCA,2011
Bokaro,Jharkhand,2011,3338018,2410049,72.2,927969,27.8,487864,187848,1221894,1188155,475120,452849,Census2011_PCA,2011
Giridih,Jharkhand,2011,8148285,4638004,56.92,3510281,43.08,851009,644089,2351468,2286536,1797263,1713018,Census2011_PCA,2011
Hazaribagh,Jharkhand,2011,2153014,1884964,87.55,268050,12.45,370325,52663,955676,929288,137241,130809,Census2011_PCA,2011
Koderma,Jharkhand,2011,972556,812182,83.51,160374,16.49,158939,31385,411776,400406,82111,78263,Census2011_PCA,2011
Chatra,Jharkhand,2011,2113797,1550471,73.35,563326,26.65,397556,144443,786088,764383,288422,274904,Census2011_PCA,2011
Latehar,Jharkhand,2011,9539736,6318168,66.23,3221568,33.77,1305405,665614,3203311,3114857,1649442,1572126,Census2011_PCA,2011
Lohardaga,Jharkhand,2011,6547003,5117793,78.17,1429210,21.83,1458060,407183,2594721,2523072,731755,697455,Census2011_PCA,2011
Gumla,Jharkhand,2011,9648271,6789489,70.37,2858782,29.63,1250365,526480,3442270,3347219,1463696,1395086,Census2011_PCA,2011
Simdega,Jharkhand,2011,4779115,3613489,75.61,1165626,24.39,672902,217063,1832038,1781451,596800,568826,Census2011_PCA,2011
West Singhbhum,Jharkhand,2011,3015161,1733115,57.48,1282046,42.52,385994,285534,878689,854426,656407,625639,Census2011_PCA,2011
East Singhbhum,Jharkhand,2011,14972492,12677209,84.67,2295283,15.33,2317588,419613,6427344,6249865,1175184,1120099,Census2011_PCA,2011
Seraikela Kharsawan,Jharkhand,2011,6726534,5285711,78.58,1440823,21.42,1358794,370392,2679855,2605856,737701,703122,Census2011_PCA,2011
Khunti,Jharkhand,2011,834228,648279,77.71,185949,22.29,139714,40076,328677,319602,95205,90744,Census2011_PCA,2011
Ramgarh,Jharkhand,2011,2606618,2176527,83.5,430091,16.5,449695,88862,1103499,1073028,220206,209885,Census2011_PCA,2011
Deoghar,Jharkhand,2011,897980,745683,83.04,152297,16.96,137833,28152,378061,367622,77976,74321,Census2011_PCA,2011
Jamtara,Jharkhand,2011,5136546,4471364,87.05,665182,12.95,1087922,161845,2266981,2204383,340573,324609,Census2011_PCA,2011
Dumka,Jharkhand,2011,4346850,2457709,56.54,1889141,43.46,600906,461893,1246058,1211651,967240,921901,Census2011_PCA,2011
Godda,Jharkhand,2011,2703181,2342847,86.67,360334,13.33,509314,78334,1187823,1155024,184491,175843,Census2011_PCA,2011
Sahibganj,Jharkhand,2011,5116758,4458743,87.14,658015,12.86,1218235,179786,2260582,2198161,336903,321112,Census2011_PCA,2011
Pakur,Jharkhand,2011,6388726,5509638,86.24,879088,13.76,1184867,189052,2793386,2716252,450093,428995,Census2011_PCA,2011
Bengaluru Urban,Karnataka,2011,1333312,657590,49.32,675722,50.68,145484,149496,333398,324192,345969,329753,Census2011_PCA,2011
Bengaluru Rural,Karnataka,2011,4993579,2563205,51.33,2430374,48.67,517818,490985,1299544,1263661,1244351,1186023,Census2011_PCA,2011
Ramanagara,Karnataka,2011,5249704,2966083,56.5,2283621,43.5,540269,415961,1503804,1462279,1169213,1114408,Census2011_PCA,2011
Tumkur,Karnataka,2011,1134320,845976,74.58,288344,25.42,154939,52811,428909,417067,147632,140712,Census2011_PCA,2011
Kolar,Karnataka,2011,3916365,2526839,64.52,1389526,35.48,518857,285324,1281107,1245732,711437,678089,Census2011_PCA,2011
Chikkaballapura,Karnataka,2011,5044427,3629466,71.95,1414961,28.05,731746,285275,1840139,1789327,724460,690501,Census2011_PCA,2011
Chitradurga,Karnataka,2011,143284,94668,66.07,48616,33.93,18381,9441,47996,46672,24891,23725,Census2011_PCA,2011
Davanagere,Karnataka,2011,1768638,972575,54.99,796063,45.01,224095,183425,493095,479480,407584,388479,Census2011_PCA,2011
Shivamogga,Karnataka,2011,9060534,5896596,65.08,3163938,34.92,1200935,644387,2989574,2907022,1619936,1544002,Census2011_PCA,2011
Chikkamagaluru,Karnataka,2011,2092952,875482,41.83,1217470,58.17,194120,269949,443869,431613,623344,594126,Census2011_PCA,2011
Hassan,Karnataka,2011,4339799,2623843,60.46,1715956,39.54,639961,418526,1330288,1293555,878569,837387,Census2011_PCA,2011
Kodagu,Karnataka,2011,2530071,1432274,56.61,1097797,43.39,269224,206353,726162,706112,562072,535725,Census2011_PCA,2011
Mysuru,Karnataka,2011,3884312,2557043,65.83,1327269,34.17,617642,320597,1296420,1260623,679561,647708,Census2011_PCA,2011
Mandya,Karnataka,2011,1140913,525505,46.06,615408,53.94,106809,125083,266431,259074,315088,300320,Census2011_PCA,2011
Chamarajanagar,Karnataka,2011,9744672,6761828,69.39,2982844,30.61,1729367,762876,3428246,3333582,1527216,1455628,Census2011_PCA,2011
Dharwad,Karnataka,2011,8301197,6106361,73.56,2194836,26.44,1259043,452544,3095925,3010436,1123756,1071080,Census2011_PCA,2011
Belagavi,Karnataka,2011,7480543,3482941,46.56,3997602,53.44,664683,762901,1765851,1717090,2046772,1950830,Census2011_PCA,2011
Vijayapura,Karnataka,2011,5498598,3263418,59.35,2235180,40.65,731707,501162,1654552,1608866,1144412,1090768,Census2011_PCA,2011
Bagalkot,Karnataka,2011,2956451,1544155,52.23,1412296,47.77,337888,309037,782886,761269,723095,689201,Census2011_PCA,2011
Gadag,Karnataka,2011,1695310,1181971,69.72,513339,30.28,228178,99101,599259,582712,262829,250510,Census2011_PCA,2011
Haveri,Karnataka,2011,4559911,1871388,41.04,2688523,58.96,348489,500656,948793,922595,1376523,1312000,Census2011_PCA,2011
Uttara Kannada,Karnataka,2011,3592276,2111900,58.79,1480376,41.21,439063,307771,1070733,1041167,757952,722424,Census2011_PCA,2011
Udupi,Karnataka,2011,2605666,1884418,72.32,721248,27.68,370219,141699,955399,929019,369278,351970,Census2011_PCA,2011
Dakshina Kannada,Karnataka,2011,2946116,1787409,60.67,1158707,39.33,500674,324568,906216,881193,593257,565450,Census2011_PCA,2011
Ballari,Karnataka,2011,10459643,5538381,52.95,4921262,47.05,1127979,1002294,2807959,2730422,2519686,2401576,Census2011_PCA,2011
Raichur,Karnataka,2011,1241719,906704,73.02,335015,26.98,202388,74781,459698,447006,171527,163488,Census2011_PCA,2011
Koppal,Karnataka,2011,1334209,947022,70.98,387187,29.02,184604,75475,480140,466882,198239,188948,Census2011_PCA,2011
Yadgir,Karnataka,2011,7517225,4659177,61.98,2858048,38.02,1023994,628143,2362202,2296975,1463320,1394728,Census2011_PCA,2011
Kalaburagi,Karnataka,2011,3084653,1706739,55.33,1377914,44.67,432085,348839,865316,841423,705491,672423,Census2011_PCA,2011
Bidar,Karnataka,2011,7981739,5781972,72.44,2199767,27.56,1254223,477173,2931459,2850513,1126280,1073487,Census2011_PCA,2011
Thiruvananthapuram,Kerala,2011,286720,99234,34.61,187486,65.39,19010,35917,50311,48923,95992,91494,Census2011_PCA,2011
Kollam,Kerala,2011,4789560,1570018,32.78,3219542,67.22,437330,896809,795999,774019,1648405,1571137,Census2011_PCA,2011
Pathanamthitta,Kerala,2011,7665914,4962913,64.74,2703001,35.26,915666,498709,2516196,2446717,1383936,1319065,Census2011_PCA,2011
Alappuzha,Kerala,2011,15000000,4930501,32.87,10069499,67.13,953674,1947679,2499764,2430737,5155583,4913916,Census2011_PCA,2011
Kottayam,Kerala,2011,15000000,8272500,55.15,6727500,44.85,1838333,1495000,4194157,4078343,3444480,3283020,Census2011_PCA,2011
Idukki,Kerala,2011,2666756,1231508,46.18,1435248,53.82,287064,334557,624374,607134,734846,700402,Census2011_PCA,2011
Ernakulam,Kerala,2011,1569863,507537,32.33,1062326,67.67,116407,243653,257321,250216,543910,518416,Census2011_PCA,2011
Thrissur,Kerala,2011,15000000,9405000,62.7,5595000,37.3,2468503,1468504,4768335,4636665,2864640,2730360,Census2011_PCA,2011
Palakkad,Kerala,2011,15000000,5650500,37.67,9349500,62.33,1338980,2215522,2864803,2785697,4786944,4562556,Census2011_PCA,2011
Malappuram,Kerala,2011,2146874,893529,41.62,1253345,58.38,212239,297707,453019,440510,641712,611633,Census2011_PCA,2011
Kozhikode,Kerala,2011,5352406,3064253,57.25,2288153,42.75,578160,431727,1553576,1510677,1171534,1116619,Census2011_PCA,2011
Wayanad,Kerala,2011,15000000,6304500,42.03,8695500,57.97,1404120,1936637,3196381,3108119,4452096,4243404,Census2011_PCA,2011
Kannur,Kerala,2011,3582394,1670471,46.63,1911923,53.37,351677,402511,846928,823543,978904,933019,Census2011_PCA,2011
Kasaragod,Kerala,2011,4954396,2846301,57.45,2108095,42.55,557005,412544,1443074,1403227,1079344,1028751,Census2011_PCA,2011
Bhopal,Madhya Pradesh,2011,1490291,884786,59.37,605505,40.63,164152,112339,448586,436200,310018,295487,Census2011_PCA,2011
Indore,Madhya Pradesh,2011,1077876,694907,64.47,382969,35.53,149442,82359,352317,342590,196080,186889,Census2011_PCA,2011
Jabalpur,Madhya Pradesh,2011,1397789,1020247,72.99,377542,27.01,222275,82254,517265,502982,193301,184241,Census2011_PCA,2011
Gwalior,Madhya Pradesh,2011,3888652,2735667,70.35,1152985,29.65,559440,235785,1386983,1348684,590328,562657,Census2011_PCA,2011
Ujjain,Madhya Pradesh,2011,6379735,4203608,65.89,2176127,34.11,852658,441405,2131229,2072379,1114177,1061950,Census2011_PCA,2011
Sagar,Madhya Pradesh,2011,770874,561505,72.84,209369,27.16,115061,42904,284683,276822,107196,102173,Census2011_PCA,2011
Satna,Madhya Pradesh,2011,4664021,3266681,70.04,1397340,29.96,648150,277250,1656207,1610474,715438,681902,Census2011_PCA,2011
Rewa,Madhya Pradesh,2011,2508535,1937593,77.24,570942,22.76,386744,113961,982359,955234,292322,278620,Census2011_PCA,2011
Katni,Madhya Pradesh,2011,4053451,2436935,60.12,1616516,39.88,524071,347638,1235526,1201409,827656,788860,Census2011_PCA,2011
Damoh,Madhya Pradesh,2011,2084454,1734683,83.22,349771,16.78,467569,94278,879484,855199,179082,170689,Census2011_PCA,2011
Chhatarpur,Madhya Pradesh,2011,4698217,3675416,78.23,1022801,21.77,940003,261587,1863435,1811981,523674,499127,Census2011_PCA,2011
Tikamgarh,Madhya Pradesh,2011,2645423,1841215,69.6,804208,30.4,493622,215606,933496,907719,411754,392454,Census2011_PCA,2011
Niwari,Madhya Pradesh,2011,5388156,3502841,65.01,1885315,34.99,916973,493539,1775940,1726901,965281,920034,Census2011_PCA,2011
Datia,Madhya Pradesh,2011,5738123,4721902,82.29,1016221,17.71,1326376,285456,2394004,2327898,520305,495916,Census2011_PCA,2011
Bhind,Madhya Pradesh,2011,1404571,1172958,83.51,231613,16.49,229092,45238,594689,578269,118585,113028,Census2011_PCA,2011
Morena,Madhya Pradesh,2011,275964,234984,85.15,40980,14.85,44929,7836,119136,115848,20981,19999,Census2011_PCA,2011
Sheopur,Madhya Pradesh,2011,3722649,3149734,84.61,572915,15.39,665905,121124,1596915,1552819,293332,279583,Census2011_PCA,2011
Guna,Madhya Pradesh,2011,5657397,3579436,63.27,2077961,36.73,870908,505587,1814774,1764662,1063916,1014045,Census2011_PCA,2011
Ashoknagar,Madhya Pradesh,2011,2175764,1152720,52.98,1023044,47.02,241660,214475,584429,568291,523798,499246,Census2011_PCA,2011
Shivpuri,Madhya Pradesh,2011,4587126,3376584,73.61,1210542,26.39,767404,275124,1711928,1664656,619797,590745,Census2011_PCA,2011
Vidisha,Madhya Pradesh,2011,794991,502673,63.23,292318,36.77,111953,65105,254855,247818,149666,142652,Census2011_PCA,2011
Raisen,Madhya Pradesh,2011,2995129,2445523,81.65,549606,18.35,599392,134708,1239880,1205643,281398,268208,Census2011_PCA,2011
Sehore,Madhya Pradesh,2011,2092611,1365011,65.23,727600,34.77,365953,195068,692060,672951,372531,355069,Census2011_PCA,2011
Hoshangabad,Madhya Pradesh,2011,2009817,1680810,83.63,329007,16.37,366189,71679,852170,828640,168451,160556,Census2011_PCA,2011
Harda,Madhya Pradesh,2011,1180305,995234,84.32,185071,15.68,236960,44065,504583,490651,94756,90315,Census2011_PCA,2011
Betul,Madhya Pradesh,2011,3611466,2191799,60.69,1419667,39.31,521856,338016,1111242,1080557,726869,692798,Census2011_PCA,2011
Chhindwara,Madhya Pradesh,2011,4586578,2757910,60.13,1828668,39.87,656644,435398,1398260,1359650,936278,892390,Census2011_PCA,2011
Seoni,Madhya Pradesh,2011,2122691,1257695,59.25,864996,40.75,229925,158135,637651,620044,442877,422119,Census2011_PCA,2011
Mandla,Madhya Pradesh,2011,829731,663204,79.93,166527,20.07,176853,44408,336244,326960,85261,81266,Census2011_PCA,2011
Balaghat,Madhya Pradesh,2011,2251123,1436892,63.83,814231,36.17,309008,175104,728504,708388,416886,397345,Census2011_PCA,2011
Dindori,Madhya Pradesh,2011,1616420,1128908,69.84,487512,30.16,278056,120077,572356,556552,249606,237906,Census2011_PCA,2011
Shahdol,Madhya Pradesh,2011,3425072,2666077,77.84,758995,22.16,537514,153024,1351701,1314376,388605,370390,Census2011_PCA,2011
Anuppur,Madhya Pradesh,2011,3504614,2627410,74.97,877204,25.03,670257,223777,1332096,1295314,449128,428076,Census2011_PCA,2011
Umaria,Madhya Pradesh,2011,3126666,1779386,56.91,1347280,43.09,365376,276649,902148,877238,689807,657473,Census2011_PCA,2011
Sidhi,Madhya Pradesh,2011,257899,175037,67.87,82862,32.13,50010,23675,88743,86294,42425,40437,Census2011_PCA,2011
Singrauli,Madhya Pradesh,2011,2025956,1087128,53.66,938828,46.34,268426,231810,551173,535955,480679,458149,Census2011_PCA,2011
Ratlam,Madhya Pradesh,2011,1818470,1561884,85.89,256586,14.11,318751,52365,791875,770009,131372,125214,Census2011_PCA,2011
Mandsaur,Madhya Pradesh,2011,2321176,1669855,71.94,651321,28.06,343591,134017,846616,823239,333476,317845,Census2011_PCA,2011
Neemuch,Madhya Pradesh,2011,1245746,684912,54.98,560834,45.02,160400,131343,347250,337662,287147,273687,Census2011_PCA,2011
Agar Malwa,Madhya Pradesh,2011,928004,682733,73.57,245271,26.43,181095,65059,346145,336588,125578,119693,Census2011_PCA,2011
Shajapur,Madhya Pradesh,2011,1548548,1176742,75.99,371806,24.01,247214,78111,596608,580134,190364,181442,Census2011_PCA,2011
Rajgarh,Madhya Pradesh,2011,1222767,902769,73.83,319998,26.17,192899,68376,457703,445066,163838,156160,Census2011_PCA,2011
Dewas,Madhya Pradesh,2011,4469401,3169253,70.91,1300148,29.09,674308,276628,1606811,1562442,665675,634473,Census2011_PCA,2011
Khargone,Madhya Pradesh,2011,4981530,4276644,85.85,704886,14.15,946159,155949,2168258,2108386,360901,343985,Census2011_PCA,2011
Barwani,Madhya Pradesh,2011,2337431,1578234,67.52,759197,32.48,350718,168711,800164,778070,388708,370489,Census2011_PCA,2011
Dhar,Madhya Pradesh,2011,3378591,1922081,56.89,1456510,43.11,414241,313903,974495,947586,745733,710777,Census2011_PCA,2011
Jhabua,Madhya Pradesh,2011,3107894,2374121,76.39,733773,23.61,590576,182531,1203679,1170442,375691,358082,Census2011_PCA,2011
Alirajpur,Madhya Pradesh,2011,173427,108028,62.29,65399,37.71,22046,13347,54770,53258,33484,31915,Census2011_PCA,2011
Khandwa,Madhya Pradesh,2011,1279753,893268,69.8,386485,30.2,174465,75486,452886,440382,197880,188605,Census2011_PCA,2011
Burhanpur,Madhya Pradesh,2011,2364972,1946136,82.29,418836,17.71,392365,84443,986690,959446,214444,204392,Census2011_PCA,2011
Narsinghpur,Madhya Pradesh,2011,687083,425648,61.95,261435,38.05,85471,52497,215803,209845,133854,127581,Census2011_PCA,2011
Mumbai City,Maharashtra,2011,1638623,851101,51.94,787522,48.06,167869,155330,431508,419593,403211,384311,Census2011_PCA,2011
Mumbai Suburban,Maharashtra,2011,2119867,1381518,65.17,738349,34.83,388066,207402,700429,681089,378034,360315,Census2011_PCA,2011
Thane,Maharashtra,2011,3557135,1613873,45.37,1943262,54.63,382433,460489,818233,795640,994950,948312,Census2011_PCA,2011
Palghar,Maharashtra,2011,4941401,2268104,45.9,2673297,54.1,572753,675075,1149928,1118176,1368728,1304569,Census2011_PCA,2011
Raigad,Maharashtra,2011,610317,274704,45.01,335613,54.99,51250,62615,139274,135430,171833,163780,Census2011_PCA,2011
Ratnagiri,Maharashtra,2011,7218215,3534760,48.97,3683455,51.03,715538,745639,1792123,1742637,1885928,1797527,Census2011_PCA,2011
Sindhudurg,Maharashtra,2011,603984,316126,52.34,287858,47.66,57897,52722,160275,155851,147383,140475,Census2011_PCA,2011
Nashik,Maharashtra,2011,1318551,515554,39.1,802997,60.9,146463,228125,261385,254169,411134,391863,Census2011_PCA,2011
Dhule,Maharashtra,2011,2879841,1476495,51.27,1403346,48.73,292374,277891,748582,727913,718513,684833,Census2011_PCA,2011
Nandurbar,Maharashtra,2011,4461140,2467011,55.3,1994129,44.7,588785,475926,1250774,1216237,1020994,973135,Census2011_PCA,2011
Jalgaon,Maharashtra,2011,11057657,5715703,51.69,5341954,48.31,1540620,1439880,2897861,2817842,2735080,2606874,Census2011_PCA,2011
Ahmednagar,Maharashtra,2011,2306409,807705,35.02,1498704,64.98,151255,280656,409506,398199,767336,731368,Census2011_PCA,2011
Pune,Maharashtra,2011,7057710,3346061,47.41,3711649,52.59,887548,984523,1696452,1649609,1900364,1811285,Census2011_PCA,2011
Satara,Maharashtra,2011,1238964,701874,56.65,537090,43.35,169944,130047,355850,346024,274990,262100,Census2011_PCA,2011
Sangli,Maharashtra,2011,8577810,2983363,34.78,5594447,65.22,589597,1105622,1512565,1470798,2864356,2730091,Census2011_PCA,2011
Solapur,Maharashtra,2011,1707084,986354,57.78,720730,42.22,251620,183860,500081,486273,369013,351717,Census2011_PCA,2011
Kolhapur,Maharashtra,2011,1790967,1218037,68.01,572930,31.99,340233,160037,617544,600493,293340,279590,Census2011_PCA,2011
Aurangabad,Maharashtra,2011,4335545,2923025,67.42,1412520,32.58,727119,351374,1481973,1441052,723210,689310,Census2011_PCA,2011
Jalna,Maharashtra,2011,831883,330341,39.71,501542,60.29,64645,98150,167482,162859,256789,244753,Census2011_PCA,2011
Beed,Maharashtra,2011,168647,95775,56.79,72872,43.21,20120,15310,48557,47218,37310,35562,Census2011_PCA,2011
Latur,Maharashtra,2011,6089422,2620279,43.03,3469143,56.97,596874,790238,1328481,1291798,1776201,1692942,Census2011_PCA,2011
Osmanabad,Maharashtra,2011,3767750,2564331,68.06,1203419,31.94,551468,258800,1300115,1264216,616150,587269,Census2011_PCA,2011
Nanded,Maharashtra,2011,5083492,1921560,37.8,3161932,62.2,473290,778801,974230,947330,1618909,1543023,Census2011_PCA,2011
Hingoli,Maharashtra,2011,803688,458585,57.06,345103,42.94,126680,95333,232502,226083,176692,168411,Census2011_PCA,2011
Parbhani,Maharashtra,2011,956947,627662,65.59,329285,34.41,123312,64693,318224,309438,168593,160692,Census2011_PCA,2011
Akola,Maharashtra,2011,11290066,6426306,56.92,4863760,43.08,1501472,1136393,3258137,3168169,2490245,2373515,Census2011_PCA,2011
Amravati,Maharashtra,2011,1605833,907136,56.49,698697,43.51,198932,153224,459917,447219,357732,340965,Census2011_PCA,2011
Buldhana,Maharashtra,2011,11691916,6630486,56.71,5061430,43.29,1243993,949612,3361656,3268830,2591452,2469978,Census2011_PCA,2011
Washim,Maharashtra,2011,3277071,1502865,45.86,1774206,54.14,289569,341851,761952,740913,908393,865813,Census2011_PCA,2011
Yavatmal,Maharashtra,2011,2844443,1716053,60.33,1128390,39.67,317787,208961,870038,846015,577735,550655,Census2011_PCA,2011
Wardha,Maharashtra,2011,5345976,2476257,46.32,2869719,53.68,552735,640563,1255462,1220795,1469296,1400423,Census2011_PCA,2011
Nagpur,Maharashtra,2011,938405,452875,48.26,485530,51.74,120444,129131,229607,223268,248591,236939,Census2011_PCA,2011
Bhandara,Maharashtra,2011,10229057,3799072,37.14,6429985,62.86,752291,1273264,1926129,1872943,3292152,3137833,Census2011_PCA,2011
Gondia,Maharashtra,2011,10925869,7288648,66.71,3637221,33.29,1777718,887128,3695344,3593304,1862257,1774964,Census2011_PCA,2011
Chandrapur,Maharashtra,2011,767184,447499,58.33,319685,41.67,82260,58766,226881,220618,163678,156007,Census2011_PCA,2011
Gadchiroli,Maharashtra,2011,10081363,5764524,57.18,4316839,42.82,1181254,884599,2922613,2841911,2210221,2106618,Census2011_PCA,2011
Imphal West,Manipur,2011,959625,809060,84.31,150565,15.69,227263,42294,410193,398867,77089,73476,Census2011_PCA,2011
Imphal East,Manipur,2011,2836726,2087547,73.59,749179,26.41,418345,150137,1058386,1029161,383579,365600,Census2011_PCA,2011
Thoubal,Manipur,2011,1686009,1161155,68.87,524854,31.13,220332,99593,588705,572450,268725,256129,Census2011_PCA,2011
Bishnupur,Manipur,2011,712056,390065,54.78,321991,45.22,91349,75408,197762,192303,164859,157132,Census2011_PCA,2011
Kakching,Manipur,2011,3449957,2246612,65.12,1203345,34.88,503724,269808,1139032,1107580,616112,587233,Census2011_PCA,2011
Churachandpur,Manipur,2011,2674510,1429526,53.45,1244984,46.55,345295,300721,724769,704757,637431,607553,Census2011_PCA,2011
Senapati,Manipur,2011,437035,330705,75.67,106330,24.33,89621,28816,167667,163038,54440,51890,Census2011_PCA,2011
Ukhrul,Manipur,2011,1899357,1151771,60.64,747586,39.36,302301,196217,583947,567824,382764,364822,Census2011_PCA,2011
Chandel,Manipur,2011,274505,176837,64.42,97668,35.58,43555,24057,89656,87181,50006,47662,Census2011_PCA,2011
Tengnoupal,Manipur,2011,130290,65797,50.5,64493,49.5,16086,15769,33359,32438,33020,31473,Census2011_PCA,2011
Tamenglong,Manipur,2011,2013695,1445431,71.78,568264,28.22,278502,109493,732833,712598,290951,277313,Census2011_PCA,2011
Noney,Manipur,2011,818635,584015,71.34,234620,28.66,110818,44520,296095,287920,120125,114495,Census2011_PCA,2011
Jiribam,Manipur,2011,1016884,660568,64.96,356316,35.04,132113,71263,334907,325661,182433,173883,Census2011_PCA,2011
Pherzawl,Manipur,2011,368381,208909,56.71,159472,43.29,40329,30787,105916,102993,81649,77823,Census2011_PCA,2011
Kangpokpi,Manipur,2011,1685741,1373879,81.5,311862,18.5,375375,85209,696556,677323,159673,152189,Census2011_PCA,2011
East Khasi Hills,Meghalaya,2011,3474980,2480094,71.37,994886,28.63,663126,266013,1257407,1222687,509381,485505,Census2011_PCA,2011
West Khasi Hills,Meghalaya,2011,820360,682868,83.24,137492,16.76,124610,25090,346214,336654,70395,67097,Census2011_PCA,2011
South West Khasi Hills,Meghalaya,2011,2804133,2170399,77.4,633734,22.6,597905,174583,1100392,1070007,324471,309263,Census2011_PCA,2011
Ri Bhoi,Meghalaya,2011,1080786,737421,68.23,343365,31.77,155245,72288,373872,363549,175802,167563,Census2011_PCA,2011
East Jaintia Hills,Meghalaya,2011,1388193,1153867,83.12,234326,16.88,215675,43800,585010,568857,119974,114352,Census2011_PCA,2011
West Jaintia Hills,Meghalaya,2011,422851,310711,73.48,112140,26.52,69509,25088,157530,153181,57415,54725,Census2011_PCA,2011
East Garo Hills,Meghalaya,2011,228230,187788,82.28,40442,17.72,35565,7660,95208,92580,20706,19736,Census2011_PCA,2011
West Garo Hills,Meghalaya,2011,612940,488759,79.74,124181,20.26,118918,30215,247800,240959,63580,60601,Census2011_PCA,2011
South Garo Hills,Meghalaya,2011,1086934,843570,77.61,243364,22.39,192156,55437,427689,415881,124602,118762,Census2011_PCA,2011
Eastern West Khasi Hills,Meghalaya,2011,1298485,848431,65.34,450054,34.66,170366,90373,430154,418277,230427,219627,Census2011_PCA,2011
North Garo Hills,Meghalaya,2011,3657164,2466758,67.45,1190406,32.55,654312,315758,1250646,1216112,609487,580919,Census2011_PCA,2011
Aizawl,Mizoram,2011,1596774,536357,33.59,1060417,66.41,121622,240458,271932,264425,542933,517484,Census2011_PCA,2011
Lunglei,Mizoram,2011,1369078,605818,44.25,763260,55.75,170173,214399,307149,298669,390789,372471,Census2011_PCA,2011
Champhai,Mizoram,2011,606896,321291,52.94,285605,47.06,60735,53990,162894,158397,146229,139376,Census2011_PCA,2011
Kolasib,Mizoram,2011,1141240,700037,61.34,441203,38.66,134363,84684,354918,345119,225895,215308,Census2011_PCA,2011
Mamit,Mizoram,2011,1006079,283011,28.13,723068,71.87,80400,205417,143486,139525,370210,352858,Census2011_PCA,2011
Serchhip,Mizoram,2011,1255056,614099,48.93,640957,51.07,113093,118040,311348,302751,328169,312788,Census2011_PCA,2011
Lawngtlai,Mizoram,2011,641244,353262,55.09,287982,44.91,68594,55919,179103,174159,147446,140536,Census2011_PCA,2011
Siaha,Mizoram,2011,132849,49155,37.0,83694,63.0,10413,17732,24921,24234,42851,40843,Census2011_PCA,2011
Khawzawl,Mizoram,2011,116480,69632,59.78,46848,40.22,14152,9522,35303,34329,23986,22862,Census2011_PCA,2011
Hnahthial,Mizoram,2011,597513,199869,33.45,397644,66.55,42524,84606,101333,98536,203593,194051,Census2011_PCA,2011
Saitual,Mizoram,2011,1025330,611917,59.68,413413,40.32,142971,96592,310241,301676,211667,201746,Census2011_PCA,2011
Kohima,Nagaland,2011,711594,528074,74.21,183520,25.79,104155,36198,267733,260341,93962,89558,Census2011_PCA,2011
Dimapur,Nagaland,2011,2963911,2479312,83.65,484599,16.35,670084,130973,1257011,1222301,248114,236485,Census2011_PCA,2011
Mokokchung,Nagaland,2011,376980,218498,57.96,158482,42.04,59374,43066,110778,107720,81142,77340,Census2011_PCA,2011
Wokha,Nagaland,2011,1672881,1160478,69.37,512403,30.63,223168,98539,588362,572116,262350,250053,Census2011_PCA,2011
Zunheboto,Nagaland,2011,2324225,1828236,78.66,495989,21.34,349566,94836,926915,901321,253946,242043,Census2011_PCA,2011
Tuensang,Nagaland,2011,740323,430498,58.15,309825,41.85,92779,66773,218262,212236,158630,151195,Census2011_PCA,2011
Mon,Nagaland,2011,2057113,1300096,63.2,757017,36.8,337687,196628,659148,640948,387592,369425,Census2011_PCA,2011
Phek,Nagaland,2011,106888,80637,75.44,26251,24.56,16031,5219,40882,39755,13440,12811,Census2011_PCA,2011
Kiphire,Nagaland,2011,748351,432996,57.86,315355,42.14,111024,80860,219528,213468,161461,153894,Census2011_PCA,2011
Longleng,Nagaland,2011,95153,67416,70.85,27737,29.15,16853,6935,34179,33237,14201,13536,Census2011_PCA,2011
Peren,Nagaland,2011,1280420,859162,67.1,421258,32.9,209551,102746,435595,423567,215684,205574,Census2011_PCA,2011
Tseminyu,Nagaland,2011,1454757,1149259,79.0,305498,21.0,216840,57642,582674,566585,156414,149084,Census2011_PCA,2011
Shamator,Nagaland,2011,473168,340303,71.92,132865,28.08,90505,35337,172533,167770,68026,64839,Census2011_PCA,2011
Noklak,Nagaland,2011,2215854,1421028,64.13,794826,35.87,354370,198212,720461,700567,406950,387876,Census2011_PCA,2011
Khordha,Odisha,2011,494884,406498,82.14,88386,17.86,93878,20413,206094,200404,45253,43133,Census2011_PCA,2011
Cuttack,Odisha,2011,2939577,2095331,71.28,844246,28.72,434715,175155,1062332,1032999,432253,411993,Census2011_PCA,2011
Puri,Odisha,2011,2238218,2051999,91.68,186219,8.32,548662,49792,1040363,1011636,95344,90875,Census2011_PCA,2011
Jagatsinghpur,Odisha,2011,384142,373963,97.35,10179,2.65,76162,2074,189599,184364,5211,4968,Census2011_PCA,2011
Kendrapara,Odisha,2011,298113,218756,73.38,79357,26.62,45196,16397,110909,107847,40630,38727,Census2011_PCA,2011
Bhadrak,Odisha,2011,8264245,5603985,67.81,2660260,32.19,1514589,718990,2841220,2762765,1362053,1298207,Census2011_PCA,2011
Balasore,Odisha,2011,1052236,818745,77.81,233491,22.19,228699,65221,415103,403642,119547,113944,Census2011_PCA,2011
Mayurbhanj,Odisha,2011,3607277,3266390,90.55,340887,9.45,628151,65556,1656059,1610331,174534,166353,Census2011_PCA,2011
Keonjhar,Odisha,2011,1493939,961051,64.33,532888,35.67,187339,103877,487252,473799,272838,260050,Census2011_PCA,2011
Dhenkanal,Odisha,2011,1473416,1061155,72.02,412261,27.98,221073,85888,538005,523150,211077,201184,Census2011_PCA,2011
Angul,Odisha,2011,1223139,998571,81.64,224568,18.36,213369,47985,506275,492296,114978,109590,Census2011_PCA,2011
Jajpur,Odisha,2011,6137699,4001780,65.2,2135919,34.8,772543,412340,2028902,1972878,1093590,1042329,Census2011_PCA,2011
Nayagarh,Odisha,2011,1613104,1279999,79.35,333105,20.65,309926,80656,648959,631040,170549,162556,Census2011_PCA,2011
Ganjam,Odisha,2011,5548873,4244888,76.5,1303985,23.5,1015522,311959,2152158,2092730,667640,636345,Census2011_PCA,2011
Gajapati,Odisha,2011,4605156,3273345,71.08,1331811,28.92,766590,311900,1659585,1613760,681887,649924,Census2011_PCA,2011
Kandhamal,Odisha,2011,5278266,4371460,82.82,906806,17.18,840665,174386,2216330,2155130,464284,442522,Census2011_PCA,2011
Boudh,Odisha,2011,956818,748136,78.19,208682,21.81,156186,43567,379304,368832,106845,101837,Census2011_PCA,2011
Bolangir,Odisha,2011,1397126,1062655,76.06,334471,23.94,284132,89431,538766,523889,171249,163222,Census2011_PCA,2011
Sonepur,Odisha,2011,4157805,3314603,79.72,843202,20.28,703737,179024,1680503,1634100,431719,411483,Census2011_PCA,2011
Nuapada,Odisha,2011,2375345,2024982,85.25,350363,14.75,560936,97054,1026665,998317,179385,170978,Census2011_PCA,2011
Bargarh,Odisha,2011,1821621,1691011,92.83,130610,7.17,453353,35017,857342,833669,66872,63738,Census2011_PCA,2011
Sambalpur,Odisha,2011,2082099,1930731,92.73,151368,7.27,394026,30892,978880,951851,77500,73868,Census2011_PCA,2011
Jharsuguda,Odisha,2011,437776,323999,74.01,113777,25.99,83504,29324,164267,159732,58253,55524,Census2011_PCA,2011
Sundargarh,Odisha,2011,4115640,3600774,87.49,514866,12.51,673041,96237,1825592,1775182,263611,251255,Census2011_PCA,2011
Deogarh,Odisha,2011,5543635,4587913,82.76,955722,17.24,1019535,212383,2326071,2261842,489329,466393,Census2011_PCA,2011
Rayagada,Odisha,2011,491939,427250,86.85,64689,13.15,110973,16803,216615,210635,33120,31569,Census2011_PCA,2011
Koraput,Odisha,2011,5150090,3550473,68.94,1599617,31.06,831492,374618,1800089,1750384,819003,780614,Census2011_PCA,2011
Nabarangpur,Odisha,2011,9617875,9209116,95.75,408759,4.25,2442735,108425,4669021,4540095,209284,199475,Census2011_PCA,2011
Malkangiri,Odisha,2011,3920686,3563120,90.88,357566,9.12,663523,66586,1806501,1756619,183073,174493,Census2011_PCA,2011
Kalahandi,Odisha,2011,1662056,1388814,83.56,273242,16.44,289335,56926,704128,684686,139899,133343,Census2011_PCA,2011
Amritsar,Punjab,2011,10890063,5245744,48.17,5644319,51.83,1130547,1216449,2659592,2586152,2889891,2754428,Census2011_PCA,2011
Gurdaspur,Punjab,2011,6873094,3738276,54.39,3134818,45.61,821599,688971,1895305,1842971,1605026,1529792,Census2011_PCA,2011
Pathankot,Punjab,2011,745584,507147,68.02,238437,31.98,126786,59610,257123,250024,122079,116358,Census2011_PCA,2011
Hoshiarpur,Punjab,2011,13227255,7401972,55.96,5825283,44.04,1412589,1111696,3752799,3649173,2982544,2842739,Census2011_PCA,2011
Nawanshahr,Punjab,2011,14885797,9346792,62.79,5539005,37.21,2290879,1357600,4738823,4607969,2835970,2703035,Census2011_PCA,2011
Rupnagar,Punjab,2011,14671110,10714312,73.03,3956798,26.97,3035215,1120906,5432156,5282156,2025880,1930918,Census2011_PCA,2011
Mohali,Punjab,2011,5325474,3742744,70.28,1582730,29.72,779737,329736,1897571,1845173,810357,772373,Census2011_PCA,2011
Ludhiana,Punjab,2011,9739668,6661933,68.4,3077735,31.6,1367952,631979,3377600,3284333,1575800,1501935,Census2011_PCA,2011
Firozpur,Punjab,2011,1434621,689336,48.05,745285,51.95,147609,159590,349493,339843,381585,363700,Census2011_PCA,2011
Fazilka,Punjab,2011,2969568,1804013,60.75,1165555,39.25,336568,217455,914634,889379,596764,568791,Census2011_PCA,2011
Moga,Punjab,2011,10022931,5754165,57.41,4268766,42.59,1460447,1083444,2917361,2836804,2185608,2083158,Census2011_PCA,2011
Jalandhar,Punjab,2011,680626,420219,61.74,260407,38.26,106925,66262,213051,207168,133328,127079,Census2011_PCA,2011
Kapurthala,Punjab,2011,3738160,2032064,54.36,1706096,45.64,372172,312472,1030256,1001808,873521,832575,Census2011_PCA,2011
Fatehgarh Sahib,Punjab,2011,2791603,2113244,75.7,678359,24.3,433930,139294,1071414,1041830,347319,331040,Census2011_PCA,2011
Patiala,Punjab,2011,8887535,6347478,71.42,2540057,28.58,1234917,494175,3218171,3129307,1300509,1239548,Census2011_PCA,2011
Sangrur,Punjab,2011,8601546,6212037,72.22,2389509,27.78,1150376,442502,3149502,3062535,1223428,1166081,Census2011_PCA,2011
Malerkotla,Punjab,2011,6647462,4517616,67.96,2129846,32.04,863788,407237,2290431,2227185,1090481,1039365,Census2011_PCA,2011
Barnala,Punjab,2011,1483968,725364,48.88,758604,51.12,134825,141005,367759,357605,388405,370199,Census2011_PCA,2011
Bathinda,Punjab,2011,3061157,1651495,53.95,1409662,46.05,357466,305122,837307,814188,721746,687916,Census2011_PCA,2011
Mansa,Punjab,2011,3538614,2506755,70.84,1031859,29.16,516856,212755,1270924,1235831,528311,503548,Census2011_PCA,2011
Muktsar,Punjab,2011,8787812,4144333,47.16,4643479,52.84,773196,866321,2101176,2043157,2377461,2266018,Census2011_PCA,2011
Faridkot,Punjab,2011,4639372,2007457,43.27,2631915,56.73,416484,546041,1017780,989677,1347540,1284375,Census2011_PCA,2011
Tarn Taran,Punjab,2011,6778764,4067259,60.0,2711505,40.0,1073155,715437,2062100,2005159,1388290,1323215,Census2011_PCA,2011
Jaipur,Rajasthan,2011,5368449,4794025,89.3,574424,10.7,1039918,124604,2430570,2363455,294105,280319,Census2011_PCA,2011
Ajmer,Rajasthan,2011,73500,44034,59.91,29466,40.09,8292,5549,22325,21709,15086,14380,Census2011_PCA,2011
Alwar,Rajasthan,2011,1581363,1376735,87.06,204628,12.94,353916,52604,698004,678731,104769,99859,Census2011_PCA,2011
Bharatpur,Rajasthan,2011,2116138,1458866,68.94,657272,31.06,317144,142886,739645,719221,336523,320749,Census2011_PCA,2011
Dhaulpur,Rajasthan,2011,311585,185861,59.65,125724,40.35,38640,26138,94231,91630,64370,61354,Census2011_PCA,2011
Karauli,Rajasthan,2011,1322418,773351,58.48,549067,41.52,165599,117574,392088,381263,281122,267945,Census2011_PCA,2011
Sawai Madhopur,Rajasthan,2011,1960401,1485004,75.75,475397,24.25,298192,95462,752897,732107,243403,231994,Census2011_PCA,2011
Tonk,Rajasthan,2011,3621092,2798380,77.28,822712,22.72,680870,200174,1418778,1379602,421228,401484,Census2011_PCA,2011
Bundi,Rajasthan,2011,1001280,670758,66.99,330522,33.01,166440,82016,340074,330684,169227,161295,Census2011_PCA,2011
Kota,Rajasthan,2011,737261,640238,86.84,97023,13.16,148546,22512,324600,315638,49675,47348,Census2011_PCA,2011
Baran,Rajasthan,2011,4808292,2740246,56.99,2068046,43.01,647812,488900,1389304,1350942,1058839,1009207,Census2011_PCA,2011
Jhalawar,Rajasthan,2011,2258815,1460324,64.65,798491,35.35,324515,177443,740384,719940,408827,389664,Census2011_PCA,2011
Jhunjhunu,Rajasthan,2011,4911771,4178935,85.08,732836,14.92,1082625,189854,2118720,2060215,375212,357624,Census2011_PCA,2011
Sikar,Rajasthan,2011,5100016,4390094,86.08,709922,13.92,979931,158465,2225777,2164317,363480,346442,Census2011_PCA,2011
Nagaur,Rajasthan,2011,718101,461668,64.29,256433,35.71,104685,58149,234065,227603,131293,125140,Census2011_PCA,2011
Jodhpur,Rajasthan,2011,1716581,984460,57.35,732121,42.65,244282,181668,499121,485339,374845,357276,Census2011_PCA,2011
Barmer,Rajasthan,2011,982307,704609,71.73,277698,28.27,165790,65341,357236,347373,142181,135517,Census2011_PCA,2011
Jaisalmer,Rajasthan,2011,3896613,2376545,60.99,1520068,39.01,528120,337794,1204908,1171637,778274,741794,Census2011_PCA,2011
Bikaner,Rajasthan,2011,444131,252089,56.76,192042,43.24,51133,38954,127809,124280,98325,93717,Census2011_PCA,2011
Churu,Rajasthan,2011,558231,320425,57.4,237806,42.6,83880,62253,162455,157970,121756,116050,Census2011_PCA,2011
Ganganagar,Rajasthan,2011,340960,276826,81.19,64134,18.81,59660,13822,140350,136476,32836,31298,Census2011_PCA,2011
Hanumangarh,Rajasthan,2011,504961,298129,59.04,206832,40.96,60349,41869,151151,146978,105897,100935,Census2011_PCA,2011
Pali,Rajasthan,2011,1746267,1426177,81.67,320090,18.33,276390,62033,723071,703106,163886,156204,Census2011_PCA,2011
Jalore,Rajasthan,2011,4290047,3677429,85.72,612618,14.28,877667,146210,1864456,1812973,313660,298958,Census2011_PCA,2011
Sirohi,Rajasthan,2011,2649255,1636445,61.77,1012810,38.23,362847,224570,829677,806768,518558,494252,Census2011_PCA,2011
Udaipur,Rajasthan,2011,724148,568239,78.47,155909,21.53,125994,34570,288097,280142,79825,76084,Census2011_PCA,2011
Banswara,Rajasthan,2011,1098627,764096,69.55,334531,30.45,159186,69694,387396,376700,171279,163252,Census2011_PCA,2011
Dungarpur,Rajasthan,2011,1880144,1435490,76.35,444654,23.65,336969,104379,727793,707697,227662,216992,Census2011_PCA,2011
Pratapgarh,Rajasthan,2011,3954736,2523518,63.81,1431218,36.19,635646,360509,1279423,1244095,732783,698435,Census2011_PCA,2011
Rajsamand,Rajasthan,2011,2134856,1745032,81.74,389824,18.26,374469,83654,884731,860301,199589,190235,Census2011_PCA,2011
Bhilwara,Rajasthan,2011,76985,57893,75.2,19092,24.8,12060,3978,29351,28542,9775,9317,Census2011_PCA,2011
Chittorgarh,Rajasthan,2011,2662573,2261856,84.95,400717,15.05,522367,92545,1146760,1115096,205167,195550,Census2011_PCA,2011
Dausa,Rajasthan,2011,3255324,2730241,83.87,525083,16.13,556056,106942,1384232,1346009,268842,256241,Census2011_PCA,2011
East Sikkim,Sikkim,2011,2293088,1285276,56.05,1007812,43.95,327041,256441,651634,633642,515999,491813,Census2011_PCA,2011
West Sikkim,Sikkim,2011,619148,462009,74.62,157139,25.38,131625,44770,234238,227771,80455,76684,Census2011_PCA,2011
North Sikkim,Sikkim,2011,147595,119700,81.1,27895,18.9,33435,7792,60687,59013,14282,13613,Census2011_PCA,2011
South Sikkim,Sikkim,2011,1664640,1154761,69.37,509879,30.63,224660,99199,585463,569298,261058,248821,Census2011_PCA,2011
Pakyong,Sikkim,2011,1092297,795630,72.84,296667,27.16,169282,63121,403384,392246,151893,144774,Census2011_PCA,2011
Soreng,Sikkim,2011,520089,399897,76.89,120192,23.11,72840,21893,202747,197150,61538,58654,Census2011_PCA,2011
Chennai,Tamil Nadu,2011,6685711,2192914,32.8,4492797,67.2,595900,1220869,1111807,1081107,2300312,2192485,Census2011_PCA,2011
Tiruvallur,Tamil Nadu,2011,7603579,4175886,54.92,3427693,45.08,1073492,881155,2117174,2058712,1754978,1672715,Census2011_PCA,2011
Kancheepuram,Tamil Nadu,2011,12153483,6218938,51.17,5934545,48.83,1153791,1101029,3153001,3065937,3038487,2896058,Census2011_PCA,2011
Chengalpattu,Tamil Nadu,2011,15000000,6315000,42.1,8685000,57.9,1363930,1875810,3201705,3113295,4446720,4238280,Census2011_PCA,2011
Vellore,Tamil Nadu,2011,13634748,4401297,32.28,9233451,67.72,1179972,2475456,2231457,2169840,4727526,4505925,Census2011_PCA,2011
Ranipet,Tamil Nadu,2011,3355044,1181647,35.22,2173397,64.78,260848,479779,599095,582552,1112779,1060618,Census2011_PCA,2011
Tirupattur,Tamil Nadu,2011,3490120,1159069,33.21,2331051,66.79,216243,434898,587647,571422,1193498,1137553,Census2011_PCA,2011
Krishnagiri,Tamil Nadu,2011,4668124,2488111,53.3,2180013,46.7,552912,484448,1261472,1226639,1116166,1063847,Census2011_PCA,2011
Dharmapuri,Tamil Nadu,2011,5635455,2307719,40.95,3327736,59.05,605700,873422,1170013,1137706,1703800,1623936,Census2011_PCA,2011
Salem,Tamil Nadu,2011,5455844,2032302,37.25,3423542,62.75,567681,956297,1030377,1001925,1752853,1670689,Census2011_PCA,2011
Namakkal,Tamil Nadu,2011,7996364,5218428,65.26,2777936,34.74,954008,507850,2645742,2572686,1422303,1355633,Census2011_PCA,2011
Erode,Tamil Nadu,2011,6145684,1976452,32.16,4169232,67.84,431539,910313,1002061,974391,2134646,2034586,Census2011_PCA,2011
Tiruppur,Tamil Nadu,2011,5350360,2396962,44.8,2953398,55.2,491180,605205,1215259,1181703,1512139,1441259,Census2011_PCA,2011
Coimbatore,Tamil Nadu,2011,979201,357898,36.55,621303,63.45,90150,156500,181454,176444,318107,303196,Census2011_PCA,2011
Nilgiris,Tamil Nadu,2011,7780574,3331642,42.82,4448932,57.18,639470,853922,1689142,1642500,2277853,2171079,Census2011_PCA,2011
Theni,Tamil Nadu,2011,1828792,604782,33.07,1224010,66.93,152337,308315,306624,298158,626693,597317,Census2011_PCA,2011
Dindigul,Tamil Nadu,2011,4684803,1959654,41.83,2725149,58.17,435478,605589,993544,966110,1395276,1329873,Census2011_PCA,2011
Madurai,Tamil Nadu,2011,15000000,5758500,38.39,9241500,61.61,1241055,1991703,2919559,2838941,4731648,4509852,Census2011_PCA,2011
Sivaganga,Tamil Nadu,2011,7802390,4494957,57.61,3307433,42.39,1077926,793150,2278943,2216014,1693405,1614028,Census2011_PCA,2011
Virudhunagar,Tamil Nadu,2011,6004333,2801022,46.65,3203311,53.35,515841,589929,1420118,1380904,1640095,1563216,Census2011_PCA,2011
Ramanathapuram,Tamil Nadu,2011,4451306,2456231,55.18,1995075,44.82,549491,446326,1245309,1210922,1021478,973597,Census2011_PCA,2011
Thoothukudi,Tamil Nadu,2011,15000000,4867500,32.45,10132500,67.55,950683,1979004,2467822,2399678,5187840,4944660,Census2011_PCA,2011
Tirunelveli,Tamil Nadu,2011,6456095,3441099,53.3,3014996,46.7,833195,730024,1744637,1696462,1543677,1471319,Census2011_PCA,2011
Tenkasi,Tamil Nadu,2011,2658268,998712,37.57,1659556,62.43,213856,355366,506346,492366,849692,809864,Census2011_PCA,2011
Kanyakumari,Tamil Nadu,2011,9189979,5672975,61.73,3517004,38.27,1157749,717756,2876198,2796777,1800706,1716298,Census2011_PCA,2011
Thanjavur,Tamil Nadu,2011,1033111,368408,35.66,664703,64.34,85875,154943,186782,181626,340327,324376,Census2011_PCA,2011
Tiruvarur,Tamil Nadu,2011,1929894,694376,35.98,1235518,64.02,174028,309654,352048,342328,632585,602933,Census2011_PCA,2011
Nagapattinam,Tamil Nadu,2011,5799334,3038852,52.4,2760482,47.6,732252,665177,1540697,1498155,1413366,1347116,Census2011_PCA,2011
Mayiladuthurai,Tamil Nadu,2011,12253146,4185675,34.16,8067471,65.84,1087188,2095447,2122137,2063538,4130545,3936926,Census2011_PCA,2011
Ariyalur,Tamil Nadu,2011,9453962,4939696,52.25,4514266,47.75,1178924,1077391,2504425,2435271,2311304,2202962,Census2011_PCA,2011
Perambalur,Tamil Nadu,2011,11098664,3526046,31.77,7572618,68.23,687338,1476144,1787705,1738341,3877180,3695438,Census2011_PCA,2011
Tiruchirappalli,Tamil Nadu,2011,6968393,3976166,57.06,2992227,42.94,1129592,850065,2015916,1960250,1532020,1460207,Census2011_PCA,2011
Karur,Tamil Nadu,2011,3668217,2305108,62.84,1363109,37.16,537320,317742,1168689,1136419,697911,665198,Census2011_PCA,2011
Pudukkottai,Tamil Nadu,2011,5160185,1920105,37.21,3240080,62.79,381730,644151,973493,946612,1658920,1581160,Census2011_PCA,2011
Cuddalore,Tamil Nadu,2011,15000000,8664000,57.76,6336000,42.24,1662955,1216123,4392648,4271352,3244032,3091968,Census2011_PCA,2011
Kallakurichi,Tamil Nadu,2011,2250545,1319720,58.64,930825,41.36,372802,262945,669098,650622,476582,454243,Census2011_PCA,2011
Villupuram,Tamil Nadu,2011,2678519,933197,34.84,1745322,65.16,235061,439628,473130,460067,893604,851718,Census2011_PCA,2011
Hyderabad,Telangana,2011,1913413,840754,43.94,1072659,56.06,165502,211154,426262,414492,549201,523458,Census2011_PCA,2011
Rangareddy,Telangana,2011,4735829,2552612,53.9,2183217,46.1,657889,562685,1294174,1258438,1117807,1065410,Census2011_PCA,2011
Medchal-Malkajgiri,Telangana,2011,8842655,3998649,45.22,4844006,54.78,910853,1103419,2027315,1971334,2480131,2363875,Census2011_PCA,2011
Sangareddy,Telangana,2011,585569,287866,49.16,297703,50.84,59231,61256,145948,141918,152423,145280,Census2011_PCA,2011
Vikarabad,Telangana,2011,1846695,1140889,61.78,705806,38.22,238678,147659,578430,562459,361372,344434,Census2011_PCA,2011
Medak,Telangana,2011,3789870,2835202,74.81,954668,25.19,740261,249261,1437447,1397755,488790,465878,Census2011_PCA,2011
Siddipet,Telangana,2011,726032,331579,45.67,394453,54.33,70698,84106,168110,163469,201959,192494,Census2011_PCA,2011
Nizamabad,Telangana,2011,688771,325032,47.19,363739,52.81,68427,76577,164791,160241,186234,177505,Census2011_PCA,2011
Kamareddy,Telangana,2011,1865967,803859,43.08,1062108,56.92,158239,209077,407556,396303,543799,518309,Census2011_PCA,2011
Jagtial,Telangana,2011,8025265,4775836,59.51,3249429,40.49,901100,613100,2421348,2354488,1663707,1585722,Census2011_PCA,2011
Rajanna Sircilla,Telangana,2011,3240497,1994526,61.55,1245971,38.45,402122,251204,1011224,983302,637937,608034,Census2011_PCA,2011
Karimnagar,Telangana,2011,4204578,1957652,46.56,2246926,53.44,485769,557550,992529,965123,1150426,1096500,Census2011_PCA,2011
Peddapalli,Telangana,2011,169670,86346,50.89,83324,49.11,17098,16500,43777,42569,42661,40663,Census2011_PCA,2011
Jayashankar Bhupalpally,Telangana,2011,3396146,1538794,45.31,1857352,54.69,334520,403772,780168,758626,950964,906388,Census2011_PCA,2011
Mulugu,Telangana,2011,2882854,1363302,47.29,1519552,52.71,362579,404137,691194,672108,778010,741542,Census2011_PCA,2011
Bhadradri Kothagudem,Telangana,2011,2484000,1171206,47.15,1312794,52.85,257407,288527,593801,577405,672150,640644,Census2011_PCA,2011
Khammam,Telangana,2011,2582555,1331308,51.55,1251247,48.45,297166,279297,674973,656335,640638,610609,Census2011_PCA,2011
Nalgonda,Telangana,2011,1186050,691230,58.28,494820,41.72,163025,116703,350453,340777,253347,241473,Census2011_PCA,2011
Suryapet,Telangana,2011,7795443,4964918,63.69,2830525,36.31,916036,522237,2517213,2447705,1449228,1381297,Census2011_PCA,2011
Yadadri Bhuvanagiri,Telangana,2011,2365056,1299126,54.93,1065930,45.07,336560,276148,658656,640470,545756,520174,Census2011_PCA,2011
Narayanpet,Telangana,2011,4236189,2013461,47.53,2222728,52.47,382060,421770,1020824,992637,1138036,1084692,Census2011_PCA,2011
Jogulamba Gadwal,Telangana,2011,799032,400955,50.18,398077,49.82,95464,94781,203284,197671,203815,194262,Census2011_PCA,2011
Wanaparthy,Telangana,2011,5387311,3239929,60.14,2147382,39.86,686425,454954,1642644,1597285,1099459,1047923,Census2011_PCA,2011
Mahabubnagar,Telangana,2011,1871896,1404671,75.04,467225,24.96,327428,108911,712168,692503,239219,228006,Census2011_PCA,2011
Nagarkurnool,Telangana,2011,9429695,6994948,74.18,2434747,25.82,1775367,617956,3546438,3448510,1246590,1188157,Census2011_PCA,2011
Nandyal,Telangana,2011,532630,285171,53.54,247459,46.46,53302,46255,144581,140590,126699,120760,Census2011_PCA,2011
West Tripura,Tripura,2011,275595,184484,66.94,91111,33.06,36031,17796,93533,90951,46648,44463,Census2011_PCA,2011
Sipahijala,Tripura,2011,1483557,909569,61.31,573988,38.69,176615,111454,461151,448418,293881,280107,Census2011_PCA,2011
Khowai,Tripura,2011,6079507,5121377,84.24,958130,15.76,1399282,261785,2596538,2524839,490562,467568,Census2011_PCA,2011
Gomati,Tripura,2011,2451188,1837901,74.98,613287,25.02,465290,155263,931815,906086,314002,299285,Census2011_PCA,2011
Unakoti,Tripura,2011,6086517,4078576,67.01,2007941,32.99,890518,438415,2067838,2010738,1028065,979876,Census2011_PCA,2011
North Tripura,Tripura,2011,2176186,1697861,78.02,478325,21.98,362016,101989,860815,837046,244902,233423,Census2011_PCA,2011
Dhalai,Tripura,2011,2009017,1730166,86.12,278851,13.88,480601,77459,877194,852972,142771,136080,Census2011_PCA,2011
South Tripura,Tripura,2011,778654,650021,83.48,128633,16.52,145093,28713,329560,320461,65860,62773,Census2011_PCA,2011
Lucknow,Uttar Pradesh,2011,10736092,8044554,74.93,2691538,25.07,2210041,739434,4078588,3965966,1378067,1313471,Census2011_PCA,2011
Agra,Uttar Pradesh,2011,3533007,2086594,59.06,1446413,40.94,587772,407441,1057903,1028691,740563,705850,Census2011_PCA,2011
Mathura,Uttar Pradesh,2011,13969253,8930544,63.93,5038709,36.07,1737459,980294,4527785,4402759,2579819,2458890,Census2011_PCA,2011
Aligarh,Uttar Pradesh,2011,4427946,2935286,66.29,1492660,33.71,548651,279002,1488190,1447096,764241,728419,Census2011_PCA,2011
Etah,Uttar Pradesh,2011,15000000,9504000,63.36,5496000,36.64,2424489,1402041,4818528,4685472,2813952,2682048,Census2011_PCA,2011
Hathras,Uttar Pradesh,2011,4607344,3179068,69.0,1428276,31.0,648789,291485,1611787,1567281,731277,696999,Census2011_PCA,2011
Firozabad,Uttar Pradesh,2011,3837952,2504648,65.26,1333304,34.74,528406,281288,1269856,1234792,682651,650653,Census2011_PCA,2011
Mainpuri,Uttar Pradesh,2011,4906490,4014491,81.82,891999,18.18,767588,170555,2035346,1979145,456703,435296,Census2011_PCA,2011
Kannauj,Uttar Pradesh,2011,5638420,4299860,76.26,1338560,23.74,1041127,324107,2180029,2119831,685342,653218,Census2011_PCA,2011
Farrukhabad,Uttar Pradesh,2011,15000000,10090501,67.27,4909499,32.73,2528947,1230451,5115884,4974617,2513663,2395836,Census2011_PCA,2011
Kanpur Nagar,Uttar Pradesh,2011,7099267,5954866,83.88,1144401,16.12,1499965,288263,3019117,2935749,585933,558468,Census2011_PCA,2011
Kanpur Dehat,Uttar Pradesh,2011,15000000,10341000,68.94,4659000,31.06,2904775,1308708,5242887,5098113,2385408,2273592,Census2011_PCA,2011
Etawah,Uttar Pradesh,2011,6258758,4009361,64.06,2249397,35.94,739734,415018,2032746,1976615,1151691,1097706,Census2011_PCA,2011
Auraiya,Uttar Pradesh,2011,14239694,9258650,65.02,4981044,34.98,2225636,1197367,4694135,4564515,2550294,2430750,Census2011_PCA,2011
Jalaun,Uttar Pradesh,2011,4691979,4037448,86.05,654531,13.95,822290,133306,2046986,1990462,335119,319412,Census2011_PCA,2011
Hamirpur,Uttar Pradesh,2011,3187706,2502031,78.49,685675,21.51,605818,166023,1268529,1233502,351065,334610,Census2011_PCA,2011
Mahoba,Uttar Pradesh,2011,15000000,12994500,86.63,2005500,13.37,2470437,381274,6588211,6406289,1026816,978684,Census2011_PCA,2011
Banda,Uttar Pradesh,2011,7298970,4549449,62.33,2749521,37.67,899100,543384,2306570,2242879,1407754,1341767,Census2011_PCA,2011
Chitrakoot,Uttar Pradesh,2011,1830338,1096922,59.93,733416,40.07,277000,185206,556139,540783,375508,357908,Census2011_PCA,2011
Fatehpur,Uttar Pradesh,2011,9201271,5709389,62.05,3491882,37.95,1343384,821620,2894660,2814729,1787843,1704039,Census2011_PCA,2011
Allahabad,Uttar Pradesh,2011,14571400,12406090,85.14,2165310,14.86,3070814,535968,6289887,6116203,1108638,1056672,Census2011_PCA,2011
Kaushambi,Uttar Pradesh,2011,12773657,7641202,59.82,5132455,40.18,1461032,981349,3874089,3767113,2627816,2504639,Census2011_PCA,2011
Pratapgarh,Uttar Pradesh,2011,6565501,3984603,60.69,2580898,39.31,935352,605845,2020193,1964410,1321419,1259479,Census2011_PCA,2011
Rae Bareli,Uttar Pradesh,2011,8933036,6284391,70.35,2648645,29.65,1384227,583402,3186186,3098205,1356106,1292539,Census2011_PCA,2011
Amethi,Uttar Pradesh,2011,15000000,10660500,71.07,4339500,28.93,2307467,939286,5404873,5255627,2221824,2117676,Census2011_PCA,2011
Sultanpur,Uttar Pradesh,2011,12694544,7776678,61.26,4917866,38.74,1759428,1112640,3942775,3833903,2517947,2399919,Census2011_PCA,2011
Ambedkar Nagar,Uttar Pradesh,2011,10789591,6356149,58.91,4433442,41.09,1284070,895645,3222567,3133582,2269922,2163520,Census2011_PCA,2011
Faizabad,Uttar Pradesh,2011,7062487,6077977,86.06,984510,13.94,1574604,255055,3081534,2996443,504069,480441,Census2011_PCA,2011
Barabanki,Uttar Pradesh,2011,9809950,6715892,68.46,3094058,31.54,1476019,680013,3404957,3310935,1584157,1509901,Census2011_PCA,2011
Gonda,Uttar Pradesh,2011,3731857,3250075,87.09,481782,12.91,639777,94840,1647788,1602287,246672,235110,Census2011_PCA,2011
Balrampur,Uttar Pradesh,2011,15000000,11844000,78.96,3156000,21.04,2457261,654772,6004908,5839092,1615872,1540128,Census2011_PCA,2011
Shravasti,Uttar Pradesh,2011,8714316,6796296,77.99,1918020,22.01,1548130,436907,3445722,3350574,982026,935994,Census2011_PCA,2011
Bahraich,Uttar Pradesh,2011,3234602,2713508,83.89,521094,16.11,520826,100018,1375748,1337760,266800,254294,Census2011_PCA,2011
Lakhimpur Kheri,Uttar Pradesh,2011,685404,616042,89.88,69362,10.12,168316,18952,312333,303709,35513,33849,Census2011_PCA,2011
Sitapur,Uttar Pradesh,2011,5861432,4696180,80.12,1165252,19.88,1235836,306646,2380963,2315217,596609,568643,Census2011_PCA,2011
Hardoi,Uttar Pradesh,2011,1490864,892283,59.85,598581,40.15,247855,166273,452387,439896,306473,292108,Census2011_PCA,2011
Unnao,Uttar Pradesh,2011,3447745,3064701,88.89,383044,11.11,796025,99493,1553803,1510898,196118,186926,Census2011_PCA,2011
Lucknow,Uttar Pradesh,2011,10736092,7284439,67.85,3451653,32.15,2001218,948257,3693210,3591229,1767246,1684407,Census2011_PCA,2011
Barabanki,Uttar Pradesh,2011,9809950,7629199,77.77,2180751,22.23,1676746,479286,3868003,3761196,1116544,1064207,Census2011_PCA,2011
Bara Banki,Uttar Pradesh,2011,15000000,9120000,60.8,5880000,39.2,1868852,1204918,4623840,4496160,3010560,2869440,Census2011_PCA,2011
Varanasi,Uttar Pradesh,2011,15000000,11568000,77.12,3432000,22.88,2747743,815202,5864976,5703024,1757184,1674816,Census2011_PCA,2011
Chandauli,Uttar Pradesh,2011,5426529,3767097,69.42,1659432,30.58,765669,337284,1909918,1857179,849629,809803,Census2011_PCA,2011
Jaunpur,Uttar Pradesh,2011,944952,839590,88.85,105362,11.15,152652,19157,425672,413918,53945,51417,Census2011_PCA,2011
Ghazipur,Uttar Pradesh,2011,6013549,4091018,68.03,1922531,31.97,805318,378451,2074146,2016872,984335,938196,Census2011_PCA,2011
Azamgarh,Uttar Pradesh,2011,7399072,6387619,86.33,1011453,13.67,1350447,213838,3238522,3149097,517863,493590,Census2011_PCA,2011
Mau,Uttar Pradesh,2011,1338633,841064,62.83,497569,37.17,175587,103877,426419,414645,254755,242814,Census2011_PCA,2011
Ballia,Uttar Pradesh,2011,12036028,7899246,65.63,4136782,34.37,1583014,829015,4004917,3894329,2118032,2018750,Census2011_PCA,2011
Deoria,Uttar Pradesh,2011,9042728,7498231,82.92,1544497,17.08,1470240,302843,3801603,3696628,790782,753715,Census2011_PCA,2011
Kushinagar,Uttar Pradesh,2011,11066468,8377317,75.7,2689151,24.3,1617241,519142,4247299,4130018,1376845,1312306,Census2011_PCA,2011
Gorakhpur,Uttar Pradesh,2011,8650630,7650618,88.44,1000012,11.56,2149049,280903,3878863,3771755,512006,488006,Census2011_PCA,2011
Sant Kabir Nagar,Uttar Pradesh,2011,8720178,5496329,63.03,3223849,36.97,1477507,866626,2786638,2709691,1650610,1573239,Census2011_PCA,2011
Basti,Uttar Pradesh,2011,15000000,10800000,72.0,4200000,28.0,2783504,1082475,5475600,5324400,2150400,2049600,Census2011_PCA,2011
Siddharth Nagar,Uttar Pradesh,2011,15000000,8725500,58.17,6274500,41.83,1621840,1166264,4423828,4301672,3212544,3061956,Census2011_PCA,2011
Maharajganj,Uttar Pradesh,2011,3781719,3142609,83.1,639110,16.9,586307,119237,1593302,1549307,327224,311886,Census2011_PCA,2011
Ghaziabad,Uttar Pradesh,2011,14771680,10236775,69.3,4534905,30.7,2484653,1100706,5190044,5046731,2321871,2213034,Census2011_PCA,2011
Hapur,Uttar Pradesh,2011,7107300,5569281,78.36,1538019,21.64,1271524,351147,2823625,2745656,787465,750554,Census2011_PCA,2011
Bulandshahr,Uttar Pradesh,2011,1576785,1240930,78.7,335855,21.3,295459,79966,629151,611779,171957,163898,Census2011_PCA,2011
Meerut,Uttar Pradesh,2011,2399325,2108767,87.89,290558,12.11,504489,69512,1069144,1039623,148765,141793,Census2011_PCA,2011
Baghpat,Uttar Pradesh,2011,2755200,2282408,82.84,472792,17.16,591297,122485,1157180,1125228,242069,230723,Census2011_PCA,2011
Muzaffarnagar,Uttar Pradesh,2011,13262042,11118897,83.84,2143145,16.16,2255353,434716,5637280,5481617,1097290,1045855,Census2011_PCA,2011
Shamli,Uttar Pradesh,2011,13092699,9345569,71.38,3747130,28.62,1750106,701710,4738203,4607366,1918530,1828600,Census2011_PCA,2011
Saharanpur,Uttar Pradesh,2011,8719255,5339672,61.24,3379583,38.76,1022925,647430,2707213,2632459,1730346,1649237,Census2011_PCA,2011
Bijnor,Uttar Pradesh,2011,15000000,12009000,80.06,2991000,19.94,2723128,678232,6088563,5920437,1531392,1459608,Census2011_PCA,2011
Amroha,Uttar Pradesh,2011,3318363,2291330,69.05,1027033,30.95,611020,273876,1161704,1129626,525840,501193,Census2011_PCA,2011
Moradabad,Uttar Pradesh,2011,7175569,5522318,76.96,1653251,23.04,1284259,384477,2799815,2722503,846464,806787,Census2011_PCA,2011
Rampur,Uttar Pradesh,2011,10767485,9974999,92.64,792486,7.36,2131409,169335,5057324,4917675,405752,386734,Census2011_PCA,2011
Bareilly,Uttar Pradesh,2011,12178861,10758806,88.34,1420055,11.66,2007239,264936,5454714,5304092,727068,692987,Census2011_PCA,2011
Pilibhit,Uttar Pradesh,2011,10701992,8742458,81.69,1959534,18.31,1615980,362207,4432426,4310032,1003281,956253,Census2011_PCA,2011
Shahjahanpur,Uttar Pradesh,2011,1045064,718377,68.74,326687,31.26,195210,88774,364217,354160,167263,159424,Census2011_PCA,2011
Budaun,Uttar Pradesh,2011,15000000,10344000,68.96,4656000,31.04,2268420,1021053,5244408,5099592,2383872,2272128,Census2011_PCA,2011
Sambhal,Uttar Pradesh,2011,9684031,6588047,68.03,3095984,31.97,1602930,753281,3340139,3247908,1585143,1510841,Census2011_PCA,2011
Dehradun,Uttarakhand,2011,3214703,1903105,59.2,1311598,40.8,441555,304315,964874,938231,671538,640060,Census2011_PCA,2011
Haridwar,Uttarakhand,2011,672135,391452,58.24,280683,41.76,92760,66513,198466,192986,143709,136974,Census2011_PCA,2011
Pauri Garhwal,Uttarakhand,2011,5768368,4328007,75.03,1440361,24.97,1015963,338113,2194299,2133708,737464,702897,Census2011_PCA,2011
Tehri Garhwal,Uttarakhand,2011,3156403,2546271,80.67,610132,19.33,668312,160140,1290959,1255312,312387,297745,Census2011_PCA,2011
Uttarkashi,Uttarakhand,2011,5072650,4156530,81.94,916120,18.06,951150,209639,2107360,2049170,469053,447067,Census2011_PCA,2011
Chamoli,Uttarakhand,2011,817410,591397,72.35,226013,27.65,135952,51958,299838,291559,115718,110295,Census2011_PCA,2011
Rudraprayag,Uttarakhand,2011,1287944,976004,75.78,311940,24.22,209442,66940,494834,481170,159713,152227,Census2011_PCA,2011
Pithoragarh,Uttarakhand,2011,1688695,881668,52.21,807027,47.79,190014,173928,447005,434663,413197,393830,Census2011_PCA,2011
Almora,Uttarakhand,2011,782318,384197,49.11,398121,50.89,70236,72783,194787,189410,203837,194284,Census2011_PCA,2011
Bageshwar,Uttarakhand,2011,2941557,1503724,51.12,1437833,48.88,277439,265283,762388,741336,736170,701663,Census2011_PCA,2011
Nainital,Uttarakhand,2011,1184446,594000,50.15,590446,49.85,133783,132984,301158,292842,302308,288138,Census2011_PCA,2011
Udham Singh Nagar,Uttarakhand,2011,2177900,1373384,63.06,804516,36.94,384701,225355,696305,677079,411912,392604,Census2011_PCA,2011
Champawat,Uttarakhand,2011,5304365,3066454,57.81,2237911,42.19,851792,621642,1554692,1511762,1145810,1092101,Census2011_PCA,2011
Kolkata,West Bengal,2011,15000000,12211500,81.41,2788500,18.59,3007758,686823,6191230,6020270,1427712,1360788,Census2011_PCA,2011
North 24 Parganas,West Bengal,2011,3559510,2638309,74.12,921201,25.88,694291,242422,1337622,1300687,471654,449547,Census2011_PCA,2011
South 24 Parganas,West Bengal,2011,15000000,9196500,61.31,5803500,38.69,2194868,1385084,4662625,4533875,2971392,2832108,Census2011_PCA,2011
Howrah,West Bengal,2011,1725677,1249563,72.41,476114,27.59,313960,119627,633528,616035,243770,232344,Census2011_PCA,2011
Hooghly,West Bengal,2011,14302709,9896045,69.19,4406664,30.81,2653094,1181412,5017294,4878751,2256211,2150453,Census2011_PCA,2011
Nadia,West Bengal,2011,5399116,3780462,70.02,1618654,29.98,769951,329665,1916694,1863768,828750,789904,Census2011_PCA,2011
Murshidabad,West Bengal,2011,3923553,1927250,49.12,1996303,50.88,355580,368322,977115,950135,1022107,974196,Census2011_PCA,2011
Birbhum,West Bengal,2011,2041519,1294732,63.42,746787,36.58,248032,143063,656429,638303,382354,364433,Census2011_PCA,2011
Burdwan,West Bengal,2011,5339568,3346842,62.68,1992726,37.32,673408,400951,1696848,1649994,1020275,972451,Census2011_PCA,2011
Bankura,West Bengal,2011,5874622,4340759,73.89,1533863,26.11,841231,297261,2200764,2139995,785337,748526,Census2011_PCA,2011
Purulia,West Bengal,2011,958567,626616,65.37,331951,34.63,176510,93508,317694,308922,169958,161993,Census2011_PCA,2011
Jhargram,West Bengal,2011,9847959,4967311,50.44,4880648,49.56,1328157,1304987,2518426,2448885,2498891,2381757,Census2011_PCA,2011
West Midnapore,West Bengal,2011,5540975,2896268,52.27,2644707,47.73,592283,540840,1468407,1427861,1354089,1290618,Census2011_PCA,2011
East Midnapore,West Bengal,2011,7638033,5986691,78.38,1651342,21.62,1127436,310988,3035252,2951439,845487,805855,Census2011_PCA,2011
Darjeeling,West Bengal,2011,11318880,8137143,71.89,3181737,28.11,2247829,878933,4125531,4011612,1629049,1552688,Census2011_PCA,2011
Kalimpong,West Bengal,2011,11195098,7214122,64.44,3980976,35.56,1610294,888611,3657559,3556563,2038259,1942717,Census2011_PCA,2011
Jalpaiguri,West Bengal,2011,9461122,7383460,78.04,2077662,21.96,2022865,569223,3743414,3640046,1063762,1013900,Census2011_PCA,2011
Alipurduar,West Bengal,2011,7180560,5666180,78.91,1514380,21.09,1173121,313537,2872753,2793427,775362,739018,Census2011_PCA,2011
Cooch Behar,West Bengal,2011,11540930,9400088,81.45,2140842,18.55,2151049,489896,4765844,4634244,1096111,1044731,Census2011_PCA,2011
North Dinajpur,West Bengal,2011,15000000,11778000,78.52,3222000,21.48,2640806,722422,5971446,5806554,1649664,1572336,Census2011_PCA,2011
South Dinajpur,West Bengal,2011,15000000,7873500,52.49,7126500,47.51,2139537,1936549,3991864,3881636,3648768,3477732,Census2011_PCA,2011
Malda,West Bengal,2011,15000000,8067000,53.78,6933000,46.22,2253351,1936593,4089969,3977031,3549696,3383304,Census2011_PCA,2011
Central Delhi,Delhi,2011,15000000,904500,6.03,14095500,93.97,189622,2955032,458581,445919,7216896,6878604,Census2011_PCA,2011
East Delhi,Delhi,2011,15000000,477000,3.18,14523000,96.82,104148,3170961,241839,235161,7435776,7087224,Census2011_PCA,2011
New Delhi,Delhi,2011,15000000,2020500,13.47,12979500,86.53,397736,2555019,1024393,996107,6645504,6333996,Census2011_PCA,2011
North Delhi,Delhi,2011,13841596,549512,3.97,13292084,96.03,144608,3497917,278602,270910,6805547,6486537,Census2011_PCA,2011
North East Delhi,Delhi,2011,15000000,1228500,8.19,13771500,91.81,342200,3836072,622849,605651,7051008,6720492,Census2011_PCA,2011
North West Delhi,Delhi,2011,15000000,871500,5.81,14128500,94.19,226953,3679297,441850,429650,7233792,6894708,Census2011_PCA,2011
Shahdara,Delhi,2011,15000000,2067000,13.78,12933000,86.22,475172,2973103,1047969,1019031,6621696,6311304,Census2011_PCA,2011
South Delhi,Delhi,2011,15000000,1948500,12.99,13051500,87.01,376885,2524468,987889,960611,6682368,6369132,Census2011_PCA,2011
South East Delhi,Delhi,2011,15000000,558000,3.72,14442000,96.28,114110,2953374,282906,275094,7394304,7047696,Census2011_PCA,2011
South West Delhi,Delhi,2011,15000000,1942500,12.95,13057500,87.05,383893,2580533,984847,957653,6685440,6372060,Census2011_PCA,2011
West Delhi,Delhi,2011,15000000,313500,2.09,14686500,97.91,72401,3391802,158944,154556,7519488,7167012,Census2011_PCA,2011
Jammu,Jammu & Kashmir,2011,1455255,891635,61.27,563620,38.73,165731,104762,452058,439577,288573,275047,Census2011_PCA,2011
Samba,Jammu & Kashmir,2011,97189,80386,82.71,16803,17.29,19139,4001,40755,39631,8603,8200,Census2011_PCA,2011
Kathua,Jammu & Kashmir,2011,105882,61560,58.14,44322,41.86,13440,9678,31210,30350,22692,21630,Census2011_PCA,2011
Udhampur,Jammu & Kashmir,2011,622145,404333,64.99,217812,35.01,74325,40039,204996,199337,111519,106293,Census2011_PCA,2011
Reasi,Jammu & Kashmir,2011,251716,151181,60.06,100535,39.94,36254,24109,76648,74533,51473,49062,Census2011_PCA,2011
Ramban,Jammu & Kashmir,2011,1426789,1229037,86.14,197752,13.86,274951,44241,623121,605916,101249,96503,Census2011_PCA,2011
Doda,Jammu & Kashmir,2011,551188,456384,82.8,94804,17.2,109971,22845,231386,224998,48539,46265,Census2011_PCA,2011
Kishtwar,Jammu & Kashmir,2011,626316,500740,79.95,125576,20.05,112779,28283,253875,246865,64294,61282,Census2011_PCA,2011
Rajouri,Jammu & Kashmir,2011,1145152,993305,86.74,151847,13.26,201073,30739,503605,489700,77745,74102,Census2011_PCA,2011
Poonch,Jammu & Kashmir,2011,1512966,1193579,78.89,319387,21.11,229534,61421,605144,588435,163526,155861,Census2011_PCA,2011
Anantnag,Jammu & Kashmir,2011,239825,151786,63.29,88039,36.71,32157,18653,76955,74831,45075,42964,Census2011_PCA,2011
Kulgam,Jammu & Kashmir,2011,690357,502028,72.72,188329,27.28,107270,40242,254528,247500,96424,91905,Census2011_PCA,2011
Pulwama,Jammu & Kashmir,2011,575171,305819,53.17,269352,46.83,57919,51014,155050,150769,137908,131444,Census2011_PCA,2011
Shopian,Jammu & Kashmir,2011,255084,141700,55.55,113384,44.45,28114,22497,71841,69859,58052,55332,Census2011_PCA,2011
Budgam,Jammu & Kashmir,2011,252700,218763,86.57,33937,13.43,47350,7346,110912,107851,17375,16562,Census2011_PCA,2011
Srinagar,Jammu & Kashmir,2011,315359,238160,75.52,77199,24.48,53398,17310,120747,117413,39525,37674,Census2011_PCA,2011
Ganderbal,Jammu & Kashmir,2011,680094,429684,63.18,250410,36.82,81844,47697,217849,211835,128209,122201,Census2011_PCA,2011
Bandipora,Jammu & Kashmir,2011,906614,643878,71.02,262736,28.98,121715,49667,326446,317432,134520,128216,Census2011_PCA,2011
Baramulla,Jammu & Kashmir,2011,60060,42493,70.75,17567,29.25,8364,3458,21543,20950,8994,8573,Census2011_PCA,2011
Kupwara,Jammu & Kashmir,2011,486992,284404,58.4,202588,41.6,76452,54459,144192,140212,103725,98863,Census2011_PCA,2011
Leh,Ladakh,2011,50000,31330,62.66,18670,37.34,8012,4775,15884,15446,9559,9111,Census2011_PCA,2011
Kargil,Ladakh,2011,50000,44335,88.67,5665,11.33,11309,1446,22477,21858,2900,2765,Census2011_PCA,2011
Puducherry,Puducherry,2011,15000000,6708000,44.72,8292000,55.28,1600954,1978998,3400956,3307044,4245504,4046496,Census2011_PCA,2011
Karaikal,Puducherry,2011,15000000,2641500,17.61,12358500,82.39,557278,2607278,1339240,1302260,6327552,6030948,Census2011_PCA,2011
Mahé,Puducherry,2011,15000000,6252000,41.68,8748000,58.32,1708196,2390164,3169764,3082236,4478976,4269024,Census2011_PCA,2011
Yanam,Puducherry,2011,15000000,6316500,42.11,8683500,57.89,1203142,1654000,3202465,3114035,4445952,4237548,Census2011_PCA,2011
Chandigarh,Chandigarh,2011,15000000,1479000,9.86,13521000,90.14,336902,3079954,749853,729147,6922752,6598248,Census2011_PCA,2011
North & Middle Andaman,Andaman & Nicobar,2011,402187,275298,68.45,126889,31.55,63725,29373,139576,135722,64967,61922,Census2011_PCA,2011
South Andaman,Andaman & Nicobar,2011,552516,258688,46.82,293828,53.18,62941,71491,131154,127534,150439,143389,Census2011_PCA,2011
Nicobar,Andaman & Nicobar,2011,419388,241149,57.5,178239,42.5,67172,49649,122262,118887,91258,86981,Census2011_PCA,2011
Dadra & Nagar Haveli,Dadra & Nagar Haveli and Daman & Diu,2011,6129252,2916299,47.58,3212953,52.42,562991,620262,1478563,1437736,1645031,1567922,Census2011_PCA,2011
Daman,Dadra & Nagar Haveli and Daman & Diu,2011,13981731,4752391,33.99,9229340,66.01,1182186,2295856,2409462,2342929,4725422,4503918,Census2011_PCA,2011
Diu,Dadra & Nagar Haveli and Daman & Diu,2011,5285528,2621094,49.59,2664434,50.41,684358,695675,1328894,1292200,1364190,1300244,Census2011_PCA,2011
Lakshadweep,Lakshadweep,2011,15000000,2553000,17.02,12447000,82.98,727350,3546154,1294371,1258629,6372864,6074136,Census2011_PCA,2011
