district_name,state_name,year,households_total,households_with_latrine,households_without_latrine,households_open_defecation,sanitation_coverage_pct,households_with_electricity,electricity_coverage_pct,source_name,source_year
Srikakulam,Andhra Pradesh,2011,122054,57963,64091,33968,47.49,104966,86.0,Census2011_HL11,2011
Vizianagaram,Andhra Pradesh,2011,79472,43955,35517,31965,55.31,37351,47.0,Census2011_HL11,2011
Visakhapatnam,Andhra Pradesh,2011,696401,386084,310317,251356,55.44,466588,67.0,Census2011_HL11,2011
East Godavari,Andhra Pradesh,2011,842476,444069,398407,370518,52.71,766653,91.0,Census2011_HL11,2011
West Godavari,Andhra Pradesh,2011,1585194,627895,957299,516941,39.61,1394970,88.0,Census2011_HL11,2011
Krishna,Andhra Pradesh,2011,164757,90270,74487,52140,54.79,161461,98.0,Census2011_HL11,2011
Guntur,Andhra Pradesh,2011,693710,366486,327224,163612,52.83,679835,98.0,Census2011_HL11,2011
Prakasam,Andhra Pradesh,2011,593827,324763,269064,250229,54.69,374111,63.0,Census2011_HL11,2011
Nellore,Andhra Pradesh,2011,1542530,878470,664060,551169,56.95,1511679,98.0,Census2011_HL11,2011
Kadapa,Andhra Pradesh,2011,916992,477477,439515,263709,52.07,412646,45.0,Census2011_HL11,2011
Kurnool,Andhra Pradesh,2011,489949,266091,223858,145507,54.31,230276,47.0,Census2011_HL11,2011
Anantapur,Andhra Pradesh,2011,53974,20035,33939,31563,37.12,30765,57.0,Census2011_HL11,2011
Chittoor,Andhra Pradesh,2011,1442355,677474,764881,443630,46.97,1413507,98.0,Census2011_HL11,2011
YSR Kadapa,Andhra Pradesh,2011,788194,480561,307633,166121,60.97,733020,93.0,Census2011_HL11,2011
Eluru,Andhra Pradesh,2011,381390,152136,229254,194865,39.89,190695,50.0,Census2011_HL11,2011
Bapatla,Andhra Pradesh,2011,1012267,582863,429404,339229,57.58,546624,54.0,Census2011_HL11,2011
Parvathipuram Manyam,Andhra Pradesh,2011,2055709,1022304,1033405,713049,49.73,1809023,88.0,Census2011_HL11,2011
Anakapalli,Andhra Pradesh,2011,425911,188678,237233,192158,44.3,183141,43.0,Census2011_HL11,2011
Alluri Sitharama Raju,Andhra Pradesh,2011,313559,172363,141196,122840,54.97,228898,73.0,Census2011_HL11,2011
Kakinada,Andhra Pradesh,2011,888080,441286,446794,402114,49.69,603894,68.0,Census2011_HL11,2011
Konaseema,Andhra Pradesh,2011,387831,201245,186586,128744,51.89,333534,86.0,Census2011_HL11,2011
Nandyal,Andhra Pradesh,2011,175605,104186,71419,55706,59.33,124679,71.0,Census2011_HL11,2011
Sri Sathya Sai,Andhra Pradesh,2011,384561,183743,200818,104425,47.78,226890,59.0,Census2011_HL11,2011
Tirupati,Andhra Pradesh,2011,549274,268649,280625,168375,48.91,444911,81.0,Census2011_HL11,2011
Annamayya,Andhra Pradesh,2011,843164,334314,508850,366372,39.65,623941,74.0,Census2011_HL11,2011
Tawang,Arunachal Pradesh,2011,168498,73701,94797,59722,43.74,106153,63.0,Census2011_HL11,2011
West Kameng,Arunachal Pradesh,2011,59466,32837,26629,18906,55.22,31516,53.0,Census2011_HL11,2011
East Kameng,Arunachal Pradesh,2011,62223,19805,42418,38600,31.83,55378,89.0,Census2011_HL11,2011
Papum Pare,Arunachal Pradesh,2011,23551,10289,13262,8355,43.69,8713,37.0,Census2011_HL11,2011
Kurung Kumey,Arunachal Pradesh,2011,64958,19682,45276,23543,30.3,24684,38.0,Census2011_HL11,2011
Kra Daadi,Arunachal Pradesh,2011,48951,19947,29004,15662,40.75,37692,77.0,Census2011_HL11,2011
Lower Subansiri,Arunachal Pradesh,2011,28697,12927,15770,9619,45.05,14922,52.0,Census2011_HL11,2011
Upper Subansiri,Arunachal Pradesh,2011,13089,3985,9104,6645,30.45,4973,37.99,Census2011_HL11,2011
West Siang,Arunachal Pradesh,2011,100932,48295,52637,30529,47.85,49456,49.0,Census2011_HL11,2011
East Siang,Arunachal Pradesh,2011,97417,38762,58655,31673,39.79,88649,91.0,Census2011_HL11,2011
Siang,Arunachal Pradesh,2011,31797,11742,20055,15241,36.93,19714,62.0,Census2011_HL11,2011
Upper Siang,Arunachal Pradesh,2011,22993,11061,11932,9306,48.11,12646,55.0,Census2011_HL11,2011
Dibang Valley,Arunachal Pradesh,2011,10706,6102,4604,4097,57.0,6102,57.0,Census2011_HL11,2011
Lower Dibang Valley,Arunachal Pradesh,2011,12755,4279,8476,7119,33.55,9183,72.0,Census2011_HL11,2011
Anjaw,Arunachal Pradesh,2011,9328,5051,4277,2352,54.15,6902,73.99,Census2011_HL11,2011
Lohit,Arunachal Pradesh,2011,109241,30784,78457,43151,28.18,45881,42.0,Census2011_HL11,2011
Namsai,Arunachal Pradesh,2011,93666,39630,54036,43769,42.31,85236,91.0,Census2011_HL11,2011
Changlang,Arunachal Pradesh,2011,51708,29458,22250,17132,56.97,37746,73.0,Census2011_HL11,2011
Tirap,Arunachal Pradesh,2011,57444,26740,30704,28861,46.55,33891,59.0,Census2011_HL11,2011
Longding,Arunachal Pradesh,2011,20459,9863,10596,8582,48.21,12889,63.0,Census2011_HL11,2011
Pakke Kessang,Arunachal Pradesh,2011,35425,13135,22290,12482,37.08,10981,31.0,Census2011_HL11,2011
Lepa Rada,Arunachal Pradesh,2011,31651,9925,21726,11080,31.36,31017,98.0,Census2011_HL11,2011
Shi Yomi,Arunachal Pradesh,2011,39385,21177,18208,10742,53.77,31508,80.0,Census2011_HL11,2011
Kamle,Arunachal Pradesh,2011,22911,10880,12031,8421,47.49,17641,77.0,Census2011_HL11,2011
Kamrup,Assam,2011,851521,355084,496437,292897,41.7,442790,52.0,Census2011_HL11,2011
Kamrup Metropolitan,Assam,2011,444383,141758,302625,214863,31.9,142202,32.0,Census2011_HL11,2011
Sonitpur,Assam,2011,1095814,251818,843996,481077,22.98,865693,79.0,Census2011_HL11,2011
Lakhimpur,Assam,2011,601720,282327,319393,226769,46.92,547565,91.0,Census2011_HL11,2011
Dibrugarh,Assam,2011,561508,199672,361836,213483,35.56,393055,70.0,Census2011_HL11,2011
Sivasagar,Assam,2011,963082,414317,548765,285357,43.02,327447,34.0,Census2011_HL11,2011
Jorhat,Assam,2011,2508082,925733,1582349,1297526,36.91,2483001,99.0,Census2011_HL11,2011
Golaghat,Assam,2011,1587667,690000,897667,745063,43.46,1158996,73.0,Census2011_HL11,2011
Nagaon,Assam,2011,1641204,568348,1072856,675899,34.63,1050370,64.0,Census2011_HL11,2011
Morigaon,Assam,2011,346761,112974,233787,180015,32.58,253135,73.0,Census2011_HL11,2011
Hojai,Assam,2011,373384,143230,230154,200233,38.36,238965,64.0,Census2011_HL11,2011
Darrang,Assam,2011,51947,20482,31465,23284,39.43,31168,60.0,Census2011_HL11,2011
Udalguri,Assam,2011,1249247,343293,905954,480155,27.48,1161799,93.0,Census2011_HL11,2011
Bongaigaon,Assam,2011,327633,99960,227673,161647,30.51,212961,65.0,Census2011_HL11,2011
Chirang,Assam,2011,504460,232909,271551,179223,46.17,408612,81.0,Census2011_HL11,2011
Barpeta,Assam,2011,1094818,203855,890963,561306,18.62,470771,43.0,Census2011_HL11,2011
Nalbari,Assam,2011,1483333,420079,1063254,637952,28.32,667499,45.0,Census2011_HL11,2011
Baksa,Assam,2011,109166,49419,59747,38835,45.27,80782,74.0,Census2011_HL11,2011
Dhubri,Assam,2011,873532,377977,495555,396444,43.27,366883,42.0,Census2011_HL11,2011
South Salmara-Mankachar,Assam,2011,992709,266046,726663,595863,26.8,962927,97.0,Census2011_HL11,2011
Kokrajhar,Assam,2011,774859,333111,441748,353398,42.99,635384,82.0,Census2011_HL11,2011
Goalpara,Assam,2011,599137,250918,348219,299468,41.88,533231,89.0,Census2011_HL11,2011
Cachar,Assam,2011,1796185,658481,1137704,716753,36.66,1472871,82.0,Census2011_HL11,2011
Hailakandi,Assam,2011,1326843,504333,822510,460605,38.01,583810,44.0,Census2011_HL11,2011
Karimganj,Assam,2011,974269,352393,621876,342031,36.17,574818,59.0,Census2011_HL11,2011
Dima Hasao,Assam,2011,831302,397445,433857,277668,47.81,423964,51.0,Census2011_HL11,2011
Karbi Anglong,Assam,2011,566264,109911,456353,232740,19.41,520962,92.0,Census2011_HL11,2011
West Karbi Anglong,Assam,2011,226744,65098,161646,92138,28.71,199534,88.0,Census2011_HL11,2011
Majuli,Assam,2011,1163259,521489,641770,327302,44.83,453671,39.0,Census2011_HL11,2011
Biswanath,Assam,2011,1647518,509412,1138106,887722,30.92,626056,38.0,Census2011_HL11,2011
Charaideo,Assam,2011,201375,49779,151596,93989,24.72,108742,54.0,Census2011_HL11,2011
Patna,Bihar,2011,3225806,634193,2591613,1347638,19.66,2935483,91.0,Census2011_HL11,2011
Nalanda,Bihar,2011,2618797,445719,2173078,1238654,17.02,2042661,78.0,Census2011_HL11,2011
Bhojpur,Bihar,2011,1809502,442604,1366898,1093518,24.46,1429506,79.0,Census2011_HL11,2011
Buxar,Bihar,2011,2873563,1057471,1816092,1271264,36.8,1781609,62.0,Census2011_HL11,2011
Rohtas,Bihar,2011,3584939,1227841,2357098,1296403,34.25,1326427,37.0,Census2011_HL11,2011
Kaimur,Bihar,2011,1393988,380837,1013151,861178,27.32,1338228,96.0,Census2011_HL11,2011
Gaya,Bihar,2011,2438848,822135,1616713,840690,33.71,902373,37.0,Census2011_HL11,2011
Jehanabad,Bihar,2011,4120879,1149725,2971154,2644327,27.9,3873626,94.0,Census2011_HL11,2011
Aurangabad,Bihar,2011,924382,126732,797650,502519,13.71,563873,61.0,Census2011_HL11,2011
Nawada,Bihar,2011,3750000,906750,2843250,2359897,24.18,1387500,37.0,Census2011_HL11,2011
Arwal,Bihar,2011,2668656,758165,1910491,1241819,28.41,1067462,40.0,Census2011_HL11,2011
Vaishali,Bihar,2011,1499011,516559,982452,687716,34.46,884416,59.0,Census2011_HL11,2011
Saran,Bihar,2011,607228,194738,412490,251618,32.07,528288,87.0,Census2011_HL11,2011
Siwan,Bihar,2011,2757352,530514,2226838,1625591,19.24,992646,36.0,Census2011_HL11,2011
Gopalganj,Bihar,2011,2798686,564494,2234192,1876721,20.17,1539277,55.0,Census2011_HL11,2011
Muzaffarpur,Bihar,2011,3061224,886224,2175000,1239750,28.95,2540815,83.0,Census2011_HL11,2011
Sitamarhi,Bihar,2011,3238555,701147,2537408,1522444,21.65,2785157,86.0,Census2011_HL11,2011
Sheohar,Bihar,2011,3318584,710176,2608408,1773717,21.4,2057522,62.0,Census2011_HL11,2011
Madhubani,Bihar,2011,3286258,1136059,2150199,1849171,34.57,1807441,55.0,Census2011_HL11,2011
Darbhanga,Bihar,2011,2918287,288618,2629669,1498911,9.89,904668,31.0,Census2011_HL11,2011
Samastipur,Bihar,2011,1368736,454283,914453,841296,33.19,492744,36.0,Census2011_HL11,2011
Begusarai,Bihar,2011,3778337,696725,3081612,2896715,18.44,1586901,42.0,Census2011_HL11,2011
Khagaria,Bihar,2011,486636,52751,433885,364463,10.84,369843,76.0,Census2011_HL11,2011
Bhagalpur,Bihar,2011,3424657,967123,2457534,2236355,28.24,1164383,34.0,Census2011_HL11,2011
Banka,Bihar,2011,2317869,647844,1670025,1369420,27.95,1761580,76.0,Census2011_HL11,2011
Munger,Bihar,2011,3399769,836003,2563766,1615172,24.59,1971866,58.0,Census2011_HL11,2011
Lakhisarai,Bihar,2011,2732240,804098,1928142,1446106,29.43,1393442,51.0,Census2011_HL11,2011
Sheikhpura,Bihar,2011,2824858,883615,1941243,1766531,31.28,875705,31.0,Census2011_HL11,2011
Jamui,Bihar,2011,1508465,262322,1246143,922145,17.39,1417957,94.0,Census2011_HL11,2011
Supaul,Bihar,2011,331248,99407,231841,162288,30.01,145749,44.0,Census2011_HL11,2011
Madhepura,Bihar,2011,1071452,271398,800054,680045,25.33,814303,76.0,Census2011_HL11,2011
Saharsa,Bihar,2011,2844105,850956,1993149,1793834,29.92,2417489,85.0,Census2011_HL11,2011
Purnea,Bihar,2011,1350266,285446,1064820,628243,21.14,688635,51.0,Census2011_HL11,2011
Kishanganj,Bihar,2011,1930482,195171,1735311,1127952,10.11,1563690,81.0,Census2011_HL11,2011
Araria,Bihar,2011,2956109,922306,2033803,1138929,31.2,2926547,99.0,Census2011_HL11,2011
Katihar,Bihar,2011,3218884,563948,2654936,1433665,17.52,2221029,69.0,Census2011_HL11,2011
West Champaran,Bihar,2011,723045,178158,544887,457705,24.64,296448,41.0,Census2011_HL11,2011
East Champaran,Bihar,2011,3006012,295791,2710221,2330790,9.84,2134268,71.0,Census2011_HL11,2011
Raipur,Chhattisgarh,2011,87904,23945,63959,54365,27.24,71202,81.0,Census2011_HL11,2011
Durg,Chhattisgarh,2011,1216628,603569,613059,337182,49.61,523150,43.0,Census2011_HL11,2011
Bilaspur,Chhattisgarh,2011,619559,193240,426319,332528,31.19,340757,55.0,Census2011_HL11,2011
Korba,Chhattisgarh,2011,1019312,218438,800874,632690,21.43,397531,39.0,Census2011_HL11,2011
Rajnandgaon,Chhattisgarh,2011,476585,137923,338662,281089,28.94,295482,62.0,Census2011_HL11,2011
Raigarh,Chhattisgarh,2011,1108504,548598,559906,481519,49.49,1097418,99.0,Census2011_HL11,2011
Janjgir-Champa,Chhattisgarh,2011,355110,131284,223826,201443,36.97,262781,74.0,Census2011_HL11,2011
Surguja,Chhattisgarh,2011,365624,131624,234000,180180,36.0,201093,55.0,Census2011_HL11,2011
Korea,Chhattisgarh,2011,771782,220266,551516,468788,28.54,617425,80.0,Census2011_HL11,2011
Jashpur,Chhattisgarh,2011,295433,118675,176758,144941,40.17,194985,66.0,Census2011_HL11,2011
Kanker,Chhattisgarh,2011,531277,145729,385548,250606,27.43,377206,71.0,Census2011_HL11,2011
Kondagaon,Chhattisgarh,2011,79398,35482,43916,28984,44.69,32553,41.0,Census2011_HL11,2011
Narayanpur,Chhattisgarh,2011,705711,291811,413900,360093,41.35,261113,37.0,Census2011_HL11,2011
Bastar,Chhattisgarh,2011,138131,30209,107922,97129,21.87,87022,63.0,Census2011_HL11,2011
Dantewada,Chhattisgarh,2011,380402,126978,253424,169794,33.38,254869,67.0,Census2011_HL11,2011
Sukma,Chhattisgarh,2011,117941,44404,73537,53682,37.65,68405,58.0,Census2011_HL11,2011
Bijapur,Chhattisgarh,2011,160189,44708,115481,83146,27.91,96113,60.0,Census2011_HL11,2011
Bemetara,Chhattisgarh,2011,213473,70873,142600,131192,33.2,136622,64.0,Census2011_HL11,2011
Mungeli,Chhattisgarh,2011,129204,63568,65636,57103,49.2,62017,48.0,Census2011_HL11,2011
Balod,Chhattisgarh,2011,745590,177524,568066,465814,23.81,290780,39.0,Census2011_HL11,2011
Gariaband,Chhattisgarh,2011,1320809,543380,777429,691911,41.14,515115,39.0,Census2011_HL11,2011
Mahasamund,Chhattisgarh,2011,258877,68291,190586,135316,26.38,212279,82.0,Census2011_HL11,2011
Dhamtari,Chhattisgarh,2011,1235285,596889,638396,427725,48.32,1198226,97.0,Census2011_HL11,2011
Baloda Bazar,Chhattisgarh,2011,131599,50073,81526,55437,38.05,50007,38.0,Census2011_HL11,2011
Kawardha,Chhattisgarh,2011,151209,56174,95035,49418,37.15,61995,41.0,Census2011_HL11,2011
Gaurela-Pendra-Marwahi,Chhattisgarh,2011,558074,173784,384290,365075,31.14,284617,51.0,Census2011_HL11,2011
Sarangarh-Bilaigarh,Chhattisgarh,2011,430113,148733,281380,241986,34.58,172045,40.0,Census2011_HL11,2011
Manendragarh,Chhattisgarh,2011,257630,97100,160530,83475,37.69,239595,93.0,Census2011_HL11,2011
Shakti,Chhattisgarh,2011,90498,42235,48263,28957,46.67,80543,89.0,Census2011_HL11,2011
Khairagarh,Chhattisgarh,2011,185554,64313,121241,67894,34.66,100199,54.0,Census2011_HL11,2011
Mohla-Manpur-Ambagarh Chowki,Chhattisgarh,2011,17170,7917,9253,6384,46.11,12534,73.0,Census2011_HL11,2011
North Goa,Goa,2011,56248,50139,6109,5559,89.14,53435,95.0,Census2011_HL11,2011
South Goa,Goa,2011,863171,749922,113249,92864,86.88,785485,91.0,Census2011_HL11,2011
Ahmedabad,Gujarat,2011,397161,281428,115733,84485,70.86,313757,79.0,Census2011_HL11,2011
Surat,Gujarat,2011,1386588,852751,533837,373685,61.5,1303392,94.0,Census2011_HL11,2011
Vadodara,Gujarat,2011,893755,516232,377523,324669,57.76,732879,82.0,Census2011_HL11,2011
Rajkot,Gujarat,2011,1810875,1091776,719099,431459,60.29,1267612,70.0,Census2011_HL11,2011
Bhavnagar,Gujarat,2011,276689,177717,98972,92043,64.23,262854,95.0,Census2011_HL11,2011
Jamnagar,Gujarat,2011,1529153,1071630,457523,361443,70.08,1452695,95.0,Census2011_HL11,2011
Junagadh,Gujarat,2011,1285528,889842,395686,300721,69.22,1182685,92.0,Census2011_HL11,2011
Gandhinagar,Gujarat,2011,896034,620234,275800,206850,69.22,573461,64.0,Census2011_HL11,2011
Anand,Gujarat,2011,309740,200649,109091,64363,64.78,257084,83.0,Census2011_HL11,2011
Kheda,Gujarat,2011,65519,42790,22729,11819,65.31,53070,81.0,Census2011_HL11,2011
Mehsana,Gujarat,2011,702548,377127,325421,231048,53.68,660395,94.0,Census2011_HL11,2011
Banaskantha,Gujarat,2011,764310,394460,369850,340262,51.61,397441,52.0,Census2011_HL11,2011
Sabarkantha,Gujarat,2011,1243518,603976,639542,543610,48.57,671499,54.0,Census2011_HL11,2011
Aravalli,Gujarat,2011,1159462,801999,357463,321716,69.17,892785,77.0,Census2011_HL11,2011
Mahisagar,Gujarat,2011,297087,214526,82561,63571,72.21,228756,77.0,Census2011_HL11,2011
Panchmahal,Gujarat,2011,2053771,1013535,1040236,925810,49.35,842046,41.0,Census2011_HL11,2011
Dahod,Gujarat,2011,456565,279006,177559,122515,61.11,424605,93.0,Census2011_HL11,2011
Vadodara,Gujarat,2011,893755,514087,379668,235394,57.52,482627,54.0,Census2011_HL11,2011
Narmada,Gujarat,2011,2114711,1078079,1036632,601246,50.98,1036208,49.0,Census2011_HL11,2011
Bharuch,Gujarat,2011,727200,404832,322368,174078,55.67,450864,62.0,Census2011_HL11,2011
Surat,Gujarat,2011,1386588,835003,551585,319919,60.22,1123136,81.0,Census2011_HL11,2011
Navsari,Gujarat,2011,894857,516869,377988,192773,57.76,456377,51.0,Census2011_HL11,2011
Valsad,Gujarat,2011,313766,187318,126448,80926,59.7,219636,70.0,Census2011_HL11,2011
Dang,Gujarat,2011,203906,117714,86192,57748,57.73,185554,91.0,Census2011_HL11,2011
Tapi,Gujarat,2011,82642,42668,39974,23584,51.63,71072,86.0,Census2011_HL11,2011
Botad,Gujarat,2011,290848,190738,100110,72079,65.58,258854,89.0,Census2011_HL11,2011
Amreli,Gujarat,2011,213040,126865,86175,47396,59.55,112911,53.0,Census2011_HL11,2011
Gir Somnath,Gujarat,2011,707564,438265,269299,183123,61.94,530673,75.0,Census2011_HL11,2011
Porbandar,Gujarat,2011,1186420,714462,471958,287894,60.22,1115234,94.0,Census2011_HL11,2011
Devbhumi Dwarka,Gujarat,2011,616621,345739,270882,251920,56.07,505629,82.0,Census2011_HL11,2011
Morbi,Gujarat,2011,387574,214677,172897,129672,55.39,341065,88.0,Census2011_HL11,2011
Chhota Udaipur,Gujarat,2011,503142,287495,215647,146639,57.14,261633,52.0,Census2011_HL11,2011
Mahisagar,Gujarat,2011,297087,199256,97831,57720,67.07,294116,99.0,Census2011_HL11,2011
Ambala,Haryana,2011,2408200,1377490,1030710,968867,57.2,2119216,88.0,Census2011_HL11,2011
Yamuna Nagar,Haryana,2011,993189,617068,376121,259523,62.13,953461,96.0,Census2011_HL11,2011
Kurukshetra,Haryana,2011,136026,81003,55023,27511,59.55,99298,73.0,Census2011_HL11,2011
Kaithal,Haryana,2011,757178,536687,220491,138909,70.88,749606,99.0,Census2011_HL11,2011
Karnal,Haryana,2011,243697,112149,131548,121024,46.02,163276,67.0,Census2011_HL11,2011
Panipat,Haryana,2011,3125000,1998125,1126875,991650,63.94,2218750,71.0,Census2011_HL11,2011
Sonipat,Haryana,2011,300844,170097,130747,101982,56.54,234658,78.0,Census2011_HL11,2011
Rohtak,Haryana,2011,2810715,1723249,1087466,565482,61.31,2445322,87.0,Census2011_HL11,2011
Jhajjar,Haryana,2011,2640048,1660326,979722,627022,62.89,1900834,72.0,Census2011_HL11,2011
Fatehabad,Haryana,2011,2807942,1395266,1412676,791098,49.69,2049797,73.0,Census2011_HL11,2011
Hisar,Haryana,2011,278609,151507,127102,87700,54.38,217315,78.0,Census2011_HL11,2011
Bhiwani,Haryana,2011,1775218,1326442,448776,287216,74.72,1579944,89.0,Census2011_HL11,2011
Charkhi Dadri,Haryana,2011,367107,206607,160500,99510,56.28,319383,87.0,Census2011_HL11,2011
Mahendragarh,Haryana,2011,3225087,1921506,1303581,795184,59.58,3192836,99.0,Census2011_HL11,2011
Rewari,Haryana,2011,252146,141832,110314,78322,56.25,196673,78.0,Census2011_HL11,2011
Gurugram,Haryana,2011,1474974,685567,789407,639419,46.48,1150479,78.0,Census2011_HL11,2011
Faridabad,Haryana,2011,745506,343380,402126,285509,46.06,700775,94.0,Census2011_HL11,2011
Palwal,Haryana,2011,70065,46369,23696,16350,66.18,66561,95.0,Census2011_HL11,2011
Nuh,Haryana,2011,2084370,1398612,685758,576036,67.1,1667496,80.0,Census2011_HL11,2011
Panchkula,Haryana,2011,95448,66450,28998,22908,69.62,60132,63.0,Census2011_HL11,2011
Sirsa,Haryana,2011,3386004,1589051,1796953,1563349,46.93,2674943,79.0,Census2011_HL11,2011
Shimla,Himachal Pradesh,2011,100287,76388,23899,15773,76.17,94269,94.0,Census2011_HL11,2011
Mandi,Himachal Pradesh,2011,117125,94660,22465,14826,80.82,89015,76.0,Census2011_HL11,2011
Kangra,Himachal Pradesh,2011,29557,23361,6196,5018,79.04,20394,69.0,Census2011_HL11,2011
Solan,Himachal Pradesh,2011,481257,336302,144955,133358,69.88,375380,78.0,Census2011_HL11,2011
Una,Himachal Pradesh,2011,798995,500570,298425,152196,62.65,527336,66.0,Census2011_HL11,2011
Hamirpur,Himachal Pradesh,2011,520148,435051,85097,56164,83.64,395312,76.0,Census2011_HL11,2011
Bilaspur,Himachal Pradesh,2011,403603,300280,103323,66126,74.4,363242,90.0,Census2011_HL11,2011
Chamba,Himachal Pradesh,2011,106361,67039,39322,28311,63.03,74452,70.0,Census2011_HL11,2011
Kullu,Himachal Pradesh,2011,308863,198969,109894,100003,64.42,268710,87.0,Census2011_HL11,2011
Lahaul & Spiti,Himachal Pradesh,2011,345062,214870,130192,76813,62.27,314006,91.0,Census2011_HL11,2011
Kinnaur,Himachal Pradesh,2011,39414,26754,12660,11267,67.88,32319,82.0,Census2011_HL11,2011
Sirmaur,Himachal Pradesh,2011,174591,123645,50946,38209,70.82,151894,87.0,Census2011_HL11,2011
Ranchi,Jharkhand,2011,418517,137985,280532,227230,32.97,292961,70.0,Census2011_HL11,2011
Dhanbad,Jharkhand,2011,2787010,500546,2286464,1280419,17.96,975453,35.0,Census2011_HL11,2011
Bokaro,Jharkhand,2011,675712,160751,514961,391370,23.79,310827,46.0,Census2011_HL11,2011
Giridih,Jharkhand,2011,1495098,473796,1021302,868106,31.69,642892,43.0,Census2011_HL11,2011
Hazaribagh,Jharkhand,2011,422988,153713,269275,255811,36.34,334160,79.0,Census2011_HL11,2011
Koderma,Jharkhand,2011,190324,60884,129440,78958,31.99,131323,69.0,Census2011_HL11,2011
Chatra,Jharkhand,2011,541999,160540,381459,350942,29.62,406499,75.0,Census2011_HL11,2011
Latehar,Jharkhand,2011,1971019,872964,1098055,570988,44.29,1892178,96.0,Census2011_HL11,2011
Lohardaga,Jharkhand,2011,1865243,540547,1324696,1258461,28.98,913969,49.0,Census2011_HL11,2011
Gumla,Jharkhand,2011,1776845,646949,1129896,802226,36.41,977264,55.0,Census2011_HL11,2011
Simdega,Jharkhand,2011,889965,345039,544926,490433,38.77,409383,46.0,Census2011_HL11,2011
West Singhbhum,Jharkhand,2011,671528,163449,508079,350574,24.34,409632,61.0,Census2011_HL11,2011
East Singhbhum,Jharkhand,2011,2737201,442057,2295144,1354134,16.15,985392,36.0,Census2011_HL11,2011
Seraikela Kharsawan,Jharkhand,2011,1729186,573225,1155961,589540,33.15,1417932,82.0,Census2011_HL11,2011
Khunti,Jharkhand,2011,179790,81516,98274,67809,45.34,71916,40.0,Census2011_HL11,2011
Ramgarh,Jharkhand,2011,538557,126560,411997,234838,23.5,280049,52.0,Census2011_HL11,2011
Deoghar,Jharkhand,2011,165985,57729,108256,58458,34.78,106230,64.0,Census2011_HL11,2011
Jamtara,Jharkhand,2011,1249767,502906,746861,575082,40.24,924827,74.0,Census2011_HL11,2011
Dumka,Jharkhand,2011,1062799,276646,786153,479553,26.03,403863,38.0,Census2011_HL11,2011
Godda,Jharkhand,2011,587648,136040,451608,293545,23.15,199800,34.0,Census2011_HL11,2011
Sahibganj,Jharkhand,2011,1398021,363625,1034396,889580,26.01,1342100,96.0,Census2011_HL11,2011
Pakur,Jharkhand,2011,1373919,539537,834382,650817,39.27,1140352,83.0,Census2011_HL11,2011
Bengaluru Urban,Karnataka,2011,294980,158581,136399,103663,53.76,144540,49.0,Census2011_HL11,2011
Bengaluru Rural,Karnataka,2011,1008803,371441,637362,331428,36.82,524577,52.0,Census2011_HL11,2011
Ramanagara,Karnataka,2011,956230,577849,378381,200541,60.43,545051,57.0,Census2011_HL11,2011
Tumkur,Karnataka,2011,207750,129989,77761,54432,62.57,139192,67.0,Census2011_HL11,2011
Kolar,Karnataka,2011,804181,432568,371613,196954,53.79,659428,82.0,Census2011_HL11,2011
Chikkaballapura,Karnataka,2011,1017021,526613,490408,308957,51.78,650893,64.0,Census2011_HL11,2011
Chitradurga,Karnataka,2011,27822,10536,17286,14520,37.87,12798,46.0,Census2011_HL11,2011
Davanagere,Karnataka,2011,407520,215944,191576,153260,52.99,179308,44.0,Census2011_HL11,2011
Shivamogga,Karnataka,2011,1845322,858443,986879,848715,46.52,1697696,92.0,Census2011_HL11,2011
Chikkamagaluru,Karnataka,2011,464069,248648,215421,140023,53.58,445506,96.0,Census2011_HL11,2011
Hassan,Karnataka,2011,1058487,619109,439378,307564,58.49,688016,65.0,Census2011_HL11,2011
Kodagu,Karnataka,2011,475577,193892,281685,154926,40.77,342415,72.0,Census2011_HL11,2011
Mysuru,Karnataka,2011,938239,347429,590810,508096,37.03,412825,44.0,Census2011_HL11,2011
Mandya,Karnataka,2011,231892,121047,110845,87567,52.2,132178,57.0,Census2011_HL11,2011
Chamarajanagar,Karnataka,2011,2492243,1187055,1305188,1083306,47.63,1619957,65.0,Census2011_HL11,2011
Dharwad,Karnataka,2011,1711587,723830,987757,849471,42.29,616171,36.0,Census2011_HL11,2011
Belagavi,Karnataka,2011,1427584,633133,794451,556115,44.35,1384756,97.0,Census2011_HL11,2011
Vijayapura,Karnataka,2011,1232869,710502,522367,334314,57.63,1158896,94.0,Census2011_HL11,2011
Bagalkot,Karnataka,2011,646925,376898,270027,153915,58.26,414032,64.0,Census2011_HL11,2011
Gadag,Karnataka,2011,327279,148224,179055,119966,45.29,117820,36.0,Census2011_HL11,2011
Haveri,Karnataka,2011,849145,446565,402580,326089,52.59,390606,46.0,Census2011_HL11,2011
Uttara Kannada,Karnataka,2011,746834,374985,371849,327227,50.21,687087,92.0,Census2011_HL11,2011
Udupi,Karnataka,2011,511918,243980,267938,158083,47.66,255959,50.0,Census2011_HL11,2011
Dakshina Kannada,Karnataka,2011,825242,513795,311447,264729,62.26,569416,69.0,Census2011_HL11,2011
Ballari,Karnataka,2011,2130273,1172502,957771,775794,55.04,2108970,99.0,Census2011_HL11,2011
Raichur,Karnataka,2011,277169,146871,130298,84693,52.99,210648,76.0,Census2011_HL11,2011
Koppal,Karnataka,2011,260079,166164,93915,73253,63.89,189857,73.0,Census2011_HL11,2011
Yadgir,Karnataka,2011,1652137,658707,993430,695401,39.87,1404316,85.0,Census2011_HL11,2011
Kalaburagi,Karnataka,2011,780924,283241,497683,298609,36.27,234277,30.0,Census2011_HL11,2011
Bidar,Karnataka,2011,1731396,721818,1009578,605746,41.69,1281233,74.0,Census2011_HL11,2011
Thiruvananthapuram,Kerala,2011,54927,45314,9613,7978,82.5,54377,99.0,Census2011_HL11,2011
Kollam,Kerala,2011,1334139,1128948,205191,170308,84.62,1067311,80.0,Census2011_HL11,2011
Pathanamthitta,Kerala,2011,1414375,1149038,265337,252070,81.24,1159787,82.0,Census2011_HL11,2011
Alappuzha,Kerala,2011,2901353,2283364,617989,315174,78.7,2088974,72.0,Census2011_HL11,2011
Kottayam,Kerala,2011,3333333,2789333,544000,320960,83.68,2966666,89.0,Census2011_HL11,2011
Idukki,Kerala,2011,621621,588115,33506,17423,94.61,528377,85.0,Census2011_HL11,2011
Ernakulam,Kerala,2011,360060,293628,66432,38530,81.55,349258,97.0,Census2011_HL11,2011
Thrissur,Kerala,2011,3937007,3682282,254725,165571,93.53,3661416,93.0,Census2011_HL11,2011
Palakkad,Kerala,2011,3554502,2883056,671446,342437,81.11,3376776,95.0,Census2011_HL11,2011
Malappuram,Kerala,2011,509946,499441,10505,5357,97.94,489548,96.0,Census2011_HL11,2011
Kozhikode,Kerala,2011,1009887,865675,144212,122580,85.72,787711,78.0,Census2011_HL11,2011
Wayanad,Kerala,2011,3340757,3291647,49110,31430,98.53,3040088,91.0,Census2011_HL11,2011
Kannur,Kerala,2011,754188,721154,33034,26427,95.62,746646,99.0,Census2011_HL11,2011
Kasaragod,Kerala,2011,969549,964410,5139,4882,99.47,959853,99.0,Census2011_HL11,2011
Bhopal,Madhya Pradesh,2011,276491,130918,145573,77153,47.35,127185,46.0,Census2011_HL11,2011
Indore,Madhya Pradesh,2011,231801,112933,118868,102226,48.72,115900,50.0,Census2011_HL11,2011
Jabalpur,Madhya Pradesh,2011,304529,98515,206014,138029,32.35,219260,72.0,Census2011_HL11,2011
Gwalior,Madhya Pradesh,2011,795225,400077,395148,241040,50.31,341946,43.0,Census2011_HL11,2011
Ujjain,Madhya Pradesh,2011,1294063,510896,783167,462068,39.48,867022,67.0,Census2011_HL11,2011
Sagar,Madhya Pradesh,2011,157965,70594,87371,56791,44.69,60026,38.0,Census2011_HL11,2011
Satna,Madhya Pradesh,2011,925400,415226,510174,454054,44.87,832860,90.0,Census2011_HL11,2011
Rewa,Madhya Pradesh,2011,500705,250602,250103,225092,50.05,265373,53.0,Census2011_HL11,2011
Katni,Madhya Pradesh,2011,871709,204328,667381,473840,23.44,662498,76.0,Census2011_HL11,2011
Damoh,Madhya Pradesh,2011,561847,128943,432904,316019,22.95,466333,83.0,Census2011_HL11,2011
Chhatarpur,Madhya Pradesh,2011,1201590,484841,716749,523226,40.35,781033,65.0,Census2011_HL11,2011
Tikamgarh,Madhya Pradesh,2011,709228,247733,461495,295356,34.93,397167,56.0,Census2011_HL11,2011
Niwari,Madhya Pradesh,2011,1410512,590158,820354,672690,41.84,930937,66.0,Census2011_HL11,2011
Datia,Madhya Pradesh,2011,1611832,468237,1143595,777644,29.05,1515122,94.0,Census2011_HL11,2011
Bhind,Madhya Pradesh,2011,274330,105671,168659,87702,38.52,123448,45.0,Census2011_HL11,2011
Morena,Madhya Pradesh,2011,52765,14294,38471,34239,27.09,30603,58.0,Census2011_HL11,2011
Sheopur,Madhya Pradesh,2011,787029,237525,549504,494553,30.18,550920,70.0,Census2011_HL11,2011
Guna,Madhya Pradesh,2011,1376495,675308,701187,469795,49.06,1004841,73.0,Census2011_HL11,2011
Ashoknagar,Madhya Pradesh,2011,456135,114170,341965,184661,25.03,278242,61.0,Census2011_HL11,2011
Shivpuri,Madhya Pradesh,2011,1042528,328917,713611,542344,31.55,656792,63.0,Census2011_HL11,2011
Vidisha,Madhya Pradesh,2011,177058,70168,106890,73754,39.63,111546,63.0,Census2011_HL11,2011
Raisen,Madhya Pradesh,2011,734100,244235,489865,421283,33.27,381732,52.0,Census2011_HL11,2011
Sehore,Madhya Pradesh,2011,561021,182163,378858,219737,32.47,258069,46.0,Census2011_HL11,2011
Hoshangabad,Madhya Pradesh,2011,437868,176723,261145,172355,40.36,157632,36.0,Census2011_HL11,2011
Harda,Madhya Pradesh,2011,281025,130058,150967,110205,46.28,216389,77.0,Census2011_HL11,2011
Betul,Madhya Pradesh,2011,859872,383330,476542,438418,44.58,352547,41.0,Census2011_HL11,2011
Chhindwara,Madhya Pradesh,2011,1092042,252698,839344,436458,23.14,480498,44.0,Census2011_HL11,2011
Seoni,Madhya Pradesh,2011,388060,104388,283672,184386,26.9,197910,51.0,Census2011_HL11,2011
Mandla,Madhya Pradesh,2011,221261,100607,120654,97729,45.47,117268,53.0,Census2011_HL11,2011
Balaghat,Madhya Pradesh,2011,484112,204150,279962,265963,42.17,484112,100.0,Census2011_HL11,2011
Dindori,Madhya Pradesh,2011,398133,173466,224667,186473,43.57,374245,94.0,Census2011_HL11,2011
Shahdol,Madhya Pradesh,2011,690538,146808,543730,342549,21.26,607673,88.0,Census2011_HL11,2011
Anuppur,Madhya Pradesh,2011,894034,397755,496279,337469,44.49,545360,61.0,Census2011_HL11,2011
Umaria,Madhya Pradesh,2011,642025,246537,395488,312435,38.4,404475,63.0,Census2011_HL11,2011
Sidhi,Madhya Pradesh,2011,73685,26806,46879,39378,36.38,29474,40.0,Census2011_HL11,2011
Singrauli,Madhya Pradesh,2011,500236,164727,335509,201305,32.93,410193,82.0,Census2011_HL11,2011
Ratlam,Madhya Pradesh,2011,371116,130744,240372,175471,35.23,315448,85.0,Census2011_HL11,2011
Mandsaur,Madhya Pradesh,2011,477608,208857,268751,223063,43.73,305669,64.0,Census2011_HL11,2011
Neemuch,Madhya Pradesh,2011,291743,130584,161159,103141,44.76,137119,47.0,Census2011_HL11,2011
Agar Malwa,Madhya Pradesh,2011,246154,108553,137601,111456,44.1,118153,48.0,Census2011_HL11,2011
Shajapur,Madhya Pradesh,2011,325325,112237,213088,159816,34.5,182182,56.0,Census2011_HL11,2011
Rajgarh,Madhya Pradesh,2011,261275,100146,161129,90232,38.33,250824,96.0,Census2011_HL11,2011
Dewas,Madhya Pradesh,2011,950936,202454,748482,643694,21.29,836823,88.0,Census2011_HL11,2011
Khargone,Madhya Pradesh,2011,1102108,343747,758361,523269,31.19,859644,78.0,Census2011_HL11,2011
Barwani,Madhya Pradesh,2011,519429,171930,347499,295374,33.1,353211,68.0,Census2011_HL11,2011
Dhar,Madhya Pradesh,2011,728144,224122,504022,257051,30.78,618922,85.0,Census2011_HL11,2011
Jhabua,Madhya Pradesh,2011,773107,376193,396914,226240,48.66,749913,97.0,Census2011_HL11,2011
Alirajpur,Madhya Pradesh,2011,35393,10939,24454,19074,30.91,25482,72.0,Census2011_HL11,2011
Khandwa,Madhya Pradesh,2011,249951,98080,151871,135165,39.24,247451,99.0,Census2011_HL11,2011
Burhanpur,Madhya Pradesh,2011,476808,129358,347450,236266,27.13,319461,67.0,Census2011_HL11,2011
Narsinghpur,Madhya Pradesh,2011,137968,36768,101200,55660,26.65,96577,70.0,Census2011_HL11,2011
Mumbai City,Maharashtra,2011,323199,186001,137198,123478,57.55,168063,52.0,Census2011_HL11,2011
Mumbai Suburban,Maharashtra,2011,595468,280644,314824,236118,47.13,232232,39.0,Census2011_HL11,2011
Thane,Maharashtra,2011,842922,545117,297805,214419,64.67,531040,63.0,Census2011_HL11,2011
Palghar,Maharashtra,2011,1247828,574999,672829,625730,46.08,673827,54.0,Census2011_HL11,2011
Raigad,Maharashtra,2011,113865,58059,55806,44644,50.99,51239,45.0,Census2011_HL11,2011
Ratnagiri,Maharashtra,2011,1461177,668050,793127,578982,45.72,686753,47.0,Census2011_HL11,2011
Sindhudurg,Maharashtra,2011,110619,77201,33418,22724,69.79,73008,66.0,Census2011_HL11,2011
Nashik,Maharashtra,2011,374588,177255,197333,146026,47.32,250973,67.0,Census2011_HL11,2011
Dhule,Maharashtra,2011,570265,262664,307601,286068,46.06,518941,91.0,Census2011_HL11,2011
Nandurbar,Maharashtra,2011,1064711,509996,554715,327281,47.9,692062,65.0,Census2011_HL11,2011
Jalgaon,Maharashtra,2011,2980500,1945968,1034532,734517,65.29,2444010,82.0,Census2011_HL11,2011
Ahmednagar,Maharashtra,2011,431911,311710,120201,91352,72.17,349847,81.0,Census2011_HL11,2011
Pune,Maharashtra,2011,1872071,1208421,663650,411463,64.55,1029639,55.0,Census2011_HL11,2011
Satara,Maharashtra,2011,299991,144835,155156,82232,48.28,188994,63.0,Census2011_HL11,2011
Sangli,Maharashtra,2011,1695219,1156647,538572,398543,68.23,1627410,96.0,Census2011_HL11,2011
Solapur,Maharashtra,2011,435480,306490,128990,91582,70.38,361448,83.0,Census2011_HL11,2011
Kolhapur,Maharashtra,2011,500270,330778,169492,106779,66.12,475256,95.0,Census2011_HL11,2011
Aurangabad,Maharashtra,2011,1078493,622182,456311,374175,57.69,916719,85.0,Census2011_HL11,2011
Jalna,Maharashtra,2011,162795,86151,76644,59782,52.92,144887,89.0,Census2011_HL11,2011
Beed,Maharashtra,2011,35430,17449,17981,10968,49.25,33304,94.0,Census2011_HL11,2011
Latur,Maharashtra,2011,1387112,915493,471619,334849,66.0,1331627,96.0,Census2011_HL11,2011
Osmanabad,Maharashtra,2011,810268,401082,409186,310981,49.5,510468,63.0,Census2011_HL11,2011
Nanded,Maharashtra,2011,1252091,906138,345953,211031,72.37,1189486,95.0,Census2011_HL11,2011
Hingoli,Maharashtra,2011,222013,115912,106101,82758,52.21,130987,59.0,Census2011_HL11,2011
Parbhani,Maharashtra,2011,188005,134404,53601,43416,71.49,167324,89.0,Census2011_HL11,2011
Akola,Maharashtra,2011,2637865,1332649,1305216,939755,50.52,2637865,100.0,Census2011_HL11,2011
Amravati,Maharashtra,2011,352156,213336,138820,131879,60.58,190164,54.0,Census2011_HL11,2011
Buldhana,Maharashtra,2011,2193605,1034504,1159101,973644,47.16,1272290,58.0,Census2011_HL11,2011
Washim,Maharashtra,2011,631420,363255,268165,163580,57.53,467250,74.0,Census2011_HL11,2011
Yavatmal,Maharashtra,2011,526748,304829,221919,117617,57.87,442468,84.0,Census2011_HL11,2011
Wardha,Maharashtra,2011,1193298,793423,399875,267916,66.49,1062035,89.0,Census2011_HL11,2011
Nagpur,Maharashtra,2011,249575,173878,75697,51473,69.67,149745,60.0,Census2011_HL11,2011
Bhandara,Maharashtra,2011,2025555,960923,1064632,968815,47.44,1174821,58.0,Census2011_HL11,2011
Gondia,Maharashtra,2011,2664846,1771056,893790,643528,66.46,1572259,59.0,Census2011_HL11,2011
Chandrapur,Maharashtra,2011,141026,85250,55776,34023,60.45,138205,98.0,Census2011_HL11,2011
Gadchiroli,Maharashtra,2011,2065853,995947,1069906,930818,48.21,1859267,90.0,Census2011_HL11,2011
Imphal West,Manipur,2011,269557,110841,158716,80945,41.12,102431,38.0,Census2011_HL11,2011
Imphal East,Manipur,2011,568482,254793,313689,232129,44.82,341089,60.0,Census2011_HL11,2011
Thoubal,Manipur,2011,319925,122627,197298,165730,38.33,246342,77.0,Census2011_HL11,2011
Bishnupur,Manipur,2011,166757,67703,99054,65375,40.6,76708,46.0,Census2011_HL11,2011
Kakching,Manipur,2011,773532,286438,487094,389675,37.03,348089,45.0,Census2011_HL11,2011
Churachandpur,Manipur,2011,646016,367583,278433,245021,56.9,581414,90.0,Census2011_HL11,2011
Senapati,Manipur,2011,118437,65412,53025,43480,55.23,111330,94.0,Census2011_HL11,2011
Ukhrul,Manipur,2011,498518,237892,260626,166800,47.72,204392,41.0,Census2011_HL11,2011
Chandel,Manipur,2011,67612,24434,43178,36701,36.14,56794,84.0,Census2011_HL11,2011
Tengnoupal,Manipur,2011,31855,20342,11513,7713,63.86,20705,65.0,Census2011_HL11,2011
Tamenglong,Manipur,2011,387995,150309,237686,164003,38.74,384115,99.0,Census2011_HL11,2011
Noney,Manipur,2011,155338,71626,83712,49390,46.11,122717,79.0,Census2011_HL11,2011
Jiribam,Manipur,2011,203376,86678,116698,105028,42.62,174903,86.0,Census2011_HL11,2011
Pherzawl,Manipur,2011,71116,43316,27800,16123,60.91,41958,59.0,Census2011_HL11,2011
Kangpokpi,Manipur,2011,460584,223245,237339,130536,48.47,271744,59.0,Census2011_HL11,2011
East Khasi Hills,Meghalaya,2011,929139,379646,549493,324200,40.86,418112,45.0,Census2011_HL11,2011
West Khasi Hills,Meghalaya,2011,149700,60254,89446,82290,40.25,58383,39.0,Census2011_HL11,2011
South West Khasi Hills,Meghalaya,2011,772488,234913,537575,354799,30.41,324444,42.0,Census2011_HL11,2011
Ri Bhoi,Meghalaya,2011,227533,82048,145485,93110,36.06,129693,57.0,Census2011_HL11,2011
East Jaintia Hills,Meghalaya,2011,259475,97977,161498,85593,37.76,225743,87.0,Census2011_HL11,2011
West Jaintia Hills,Meghalaya,2011,94597,41149,53448,35810,43.5,35946,38.0,Census2011_HL11,2011
East Garo Hills,Meghalaya,2011,43225,13209,30016,19210,30.56,31122,72.0,Census2011_HL11,2011
West Garo Hills,Meghalaya,2011,149133,79771,69362,38149,53.49,110358,74.0,Census2011_HL11,2011
South Garo Hills,Meghalaya,2011,247593,133006,114587,100836,53.72,131224,53.0,Census2011_HL11,2011
Eastern West Khasi Hills,Meghalaya,2011,260739,137591,123148,94823,52.77,258131,99.0,Census2011_HL11,2011
North Garo Hills,Meghalaya,2011,970070,435464,534606,433030,44.89,950668,98.0,Census2011_HL11,2011
Aizawl,Mizoram,2011,362080,227422,134658,87527,62.81,300526,83.0,Census2011_HL11,2011
Lunglei,Mizoram,2011,384572,263508,121064,77480,68.52,361497,94.0,Census2011_HL11,2011
Champhai,Mizoram,2011,114725,64773,49952,32468,56.46,90632,79.0,Census2011_HL11,2011
Kolasib,Mizoram,2011,219047,130442,88605,59365,59.55,179618,82.0,Census2011_HL11,2011
Mamit,Mizoram,2011,285817,139964,145853,110848,48.97,282958,99.0,Census2011_HL11,2011
Serchhip,Mizoram,2011,231133,113208,117925,91981,48.98,217265,94.0,Census2011_HL11,2011
Lawngtlai,Mizoram,2011,124513,63837,60676,50361,51.27,107081,86.0,Census2011_HL11,2011
Siaha,Mizoram,2011,28145,17053,11092,5878,60.59,19420,69.0,Census2011_HL11,2011
Khawzawl,Mizoram,2011,23674,12050,11624,6625,50.9,12547,53.0,Census2011_HL11,2011
Hnahthial,Mizoram,2011,127130,54843,72287,66504,43.14,92804,73.0,Census2011_HL11,2011
Saitual,Mizoram,2011,239563,168604,70959,58895,70.38,174880,73.0,Census2011_HL11,2011
Kohima,Nagaland,2011,140353,53811,86542,68368,38.34,116492,83.0,Census2011_HL11,2011
Dimapur,Nagaland,2011,801057,365522,435535,409402,45.63,616813,77.0,Census2011_HL11,2011
Mokokchung,Nagaland,2011,102440,39593,62847,32051,38.65,91171,89.0,Census2011_HL11,2011
Wokha,Nagaland,2011,321707,128489,193218,117862,39.94,218760,68.0,Census2011_HL11,2011
Zunheboto,Nagaland,2011,444402,254197,190205,152164,57.2,266641,60.0,Census2011_HL11,2011
Tuensang,Nagaland,2011,159552,80765,78787,64605,50.62,122855,77.0,Census2011_HL11,2011
Mon,Nagaland,2011,534315,221420,312895,200252,41.44,331275,62.0,Census2011_HL11,2011
Phek,Nagaland,2011,21250,6413,14837,13204,30.18,7437,35.0,Census2011_HL11,2011
Kiphire,Nagaland,2011,191884,68636,123248,97365,35.77,76753,40.0,Census2011_HL11,2011
Longleng,Nagaland,2011,23788,8594,15194,8204,36.13,16889,71.0,Census2011_HL11,2011
Peren,Nagaland,2011,312297,171575,140722,129464,54.94,181132,58.0,Census2011_HL11,2011
Tseminyu,Nagaland,2011,274482,88767,185715,154143,32.34,142730,52.0,Census2011_HL11,2011
Shamator,Nagaland,2011,125842,64997,60845,37115,51.65,65437,52.0,Census2011_HL11,2011
Noklak,Nagaland,2011,552582,207052,345530,217683,37.47,337075,61.0,Census2011_HL11,2011
Khordha,Odisha,2011,114291,44653,69638,43175,39.07,97147,85.0,Census2011_HL11,2011
Cuttack,Odisha,2011,609870,136610,473260,444864,22.4,353724,58.0,Census2011_HL11,2011
Puri,Odisha,2011,598454,149793,448661,314062,25.03,388995,65.0,Census2011_HL11,2011
Jagatsinghpur,Odisha,2011,78236,32898,45338,38083,42.05,68847,88.0,Census2011_HL11,2011
Kendrapara,Odisha,2011,61593,26983,34610,17651,43.81,36339,59.0,Census2011_HL11,2011
Bhadrak,Odisha,2011,2233579,1018958,1214621,1020281,45.62,2121900,95.0,Census2011_HL11,2011
Balasore,Odisha,2011,293920,111278,182642,104105,37.86,238075,81.0,Census2011_HL11,2011
Mayurbhanj,Odisha,2011,693707,192295,501412,356002,27.72,430098,62.0,Census2011_HL11,2011
Keonjhar,Odisha,2011,291216,91005,200211,154162,31.25,101925,35.0,Census2011_HL11,2011
Dhenkanal,Odisha,2011,306961,73977,232984,165418,24.1,125854,41.0,Census2011_HL11,2011
Angul,Odisha,2011,261354,67141,194213,99048,25.69,169880,65.0,Census2011_HL11,2011
Jajpur,Odisha,2011,1184883,494807,690076,496854,41.76,1125638,95.0,Census2011_HL11,2011
Nayagarh,Odisha,2011,390582,188299,202283,190146,48.21,238255,61.0,Census2011_HL11,2011
Ganjam,Odisha,2011,1327481,460503,866978,684912,34.69,942511,71.0,Census2011_HL11,2011
Gajapati,Odisha,2011,1078490,347920,730570,379896,32.26,1024565,95.0,Census2011_HL11,2011
Kandhamal,Odisha,2011,1015051,320147,694904,521178,31.54,446622,44.0,Census2011_HL11,2011
Boudh,Odisha,2011,199753,66098,133655,81529,33.09,187767,94.0,Census2011_HL11,2011
Bolangir,Odisha,2011,373563,155663,217900,159067,41.67,242815,65.0,Census2011_HL11,2011
Sonepur,Odisha,2011,882761,358842,523919,424374,40.65,670898,76.0,Census2011_HL11,2011
Nuapada,Odisha,2011,657990,314519,343471,285080,47.8,348734,53.0,Census2011_HL11,2011
Bargarh,Odisha,2011,488370,102753,385617,335486,21.04,361393,74.0,Census2011_HL11,2011
Sambalpur,Odisha,2011,424918,171199,253719,205512,40.29,318688,75.0,Census2011_HL11,2011
Jharsuguda,Odisha,2011,112828,31411,81417,56991,27.84,88005,78.0,Census2011_HL11,2011
Sundargarh,Odisha,2011,769278,212551,556727,428679,27.63,746199,97.0,Census2011_HL11,2011
Deogarh,Odisha,2011,1231918,557442,674476,343982,45.25,1047130,85.0,Census2011_HL11,2011
Rayagada,Odisha,2011,127776,50254,77522,70545,39.33,74110,58.0,Census2011_HL11,2011
Koraput,Odisha,2011,1206110,453256,752854,685097,37.58,796032,66.0,Census2011_HL11,2011
Nabarangpur,Odisha,2011,2551160,654627,1896533,1308607,25.66,2245020,88.0,Census2011_HL11,2011
Malkangiri,Odisha,2011,730109,201437,528672,338350,27.59,715506,98.0,Census2011_HL11,2011
Kalahandi,Odisha,2011,346261,137638,208623,139777,39.75,180055,52.0,Census2011_HL11,2011
Amritsar,Punjab,2011,2346996,1557231,789765,702890,66.35,2065356,88.0,Census2011_HL11,2011
Gurdaspur,Punjab,2011,1510570,856040,654530,517078,56.67,1329301,88.0,Census2011_HL11,2011
Pathankot,Punjab,2011,186396,119908,66488,37233,64.33,165892,89.0,Census2011_HL11,2011
Hoshiarpur,Punjab,2011,2524285,2067389,456896,310689,81.9,2044670,81.0,Census2011_HL11,2011
Nawanshahr,Punjab,2011,3648479,3050493,597986,520247,83.61,2699874,74.0,Census2011_HL11,2011
Rupnagar,Punjab,2011,4156121,2331583,1824538,1477875,56.1,3075529,74.0,Census2011_HL11,2011
Mohali,Punjab,2011,1109473,817015,292458,242740,73.64,776631,70.0,Census2011_HL11,2011
Ludhiana,Punjab,2011,1999931,1304754,695177,570045,65.24,1279955,64.0,Census2011_HL11,2011
Firozpur,Punjab,2011,307199,182660,124539,115821,59.46,221183,72.0,Census2011_HL11,2011
Fazilka,Punjab,2011,554023,434520,119503,69311,78.43,387816,70.0,Census2011_HL11,2011
Moga,Punjab,2011,2543891,1513106,1030785,865859,59.48,1602651,63.0,Census2011_HL11,2011
Jalandhar,Punjab,2011,173187,140402,32785,22293,81.07,154136,89.0,Census2011_HL11,2011
Kapurthala,Punjab,2011,684644,497941,186703,166165,72.73,472404,69.0,Census2011_HL11,2011
Fatehgarh Sahib,Punjab,2011,573224,359927,213297,142908,62.79,378327,66.0,Census2011_HL11,2011
Patiala,Punjab,2011,1729092,1111114,617978,469663,64.26,1314109,76.0,Census2011_HL11,2011
Sangrur,Punjab,2011,1592878,1181596,411282,226205,74.18,1051299,66.0,Census2011_HL11,2011
Malerkotla,Punjab,2011,1271025,972969,298056,149028,76.55,1093081,86.0,Census2011_HL11,2011
Barnala,Punjab,2011,275830,230676,45154,24383,83.63,239972,87.0,Census2011_HL11,2011
Bathinda,Punjab,2011,662588,359255,303333,233566,54.22,655962,99.0,Census2011_HL11,2011
Mansa,Punjab,2011,729611,560633,168978,155459,76.84,605577,83.0,Census2011_HL11,2011
Muktsar,Punjab,2011,1639517,1051094,588423,406011,64.11,1164057,71.0,Census2011_HL11,2011
Faridkot,Punjab,2011,962525,776757,185768,176479,80.7,914398,95.0,Census2011_HL11,2011
Tarn Taran,Punjab,2011,1788592,1470759,317833,254266,82.23,1484531,83.0,Census2011_HL11,2011
Jaipur,Rajasthan,2011,1164522,346095,818427,540161,29.72,617196,53.0,Census2011_HL11,2011
Ajmer,Rajasthan,2011,13841,4292,9549,6779,31.01,10934,79.0,Census2011_HL11,2011
Alwar,Rajasthan,2011,406520,202284,204236,183812,49.76,195129,48.0,Census2011_HL11,2011
Bharatpur,Rajasthan,2011,460030,211889,248141,220845,46.06,248416,54.0,Census2011_HL11,2011
Dhaulpur,Rajasthan,2011,64778,31728,33050,28753,48.98,39514,61.0,Census2011_HL11,2011
Karauli,Rajasthan,2011,283173,131817,151356,121084,46.55,189725,67.0,Census2011_HL11,2011
Sawai Madhopur,Rajasthan,2011,393654,158996,234658,136101,40.39,389717,99.0,Census2011_HL11,2011
Tonk,Rajasthan,2011,881044,499816,381228,331668,56.73,422901,48.0,Census2011_HL11,2011
Bundi,Rajasthan,2011,248456,96425,152031,79056,38.81,216156,87.0,Census2011_HL11,2011
Kota,Rajasthan,2011,171058,64608,106450,74515,37.77,123161,72.0,Census2011_HL11,2011
Baran,Rajasthan,2011,1136712,454684,682028,531981,40.0,409216,36.0,Census2011_HL11,2011
Jhalawar,Rajasthan,2011,501958,204999,296959,273202,40.84,476860,95.0,Census2011_HL11,2011
Jhunjhunu,Rajasthan,2011,1272479,733075,539404,480069,57.61,1208855,95.0,Census2011_HL11,2011
Sikar,Rajasthan,2011,1138396,569539,568857,358379,50.03,591965,52.0,Census2011_HL11,2011
Nagaur,Rajasthan,2011,162834,52579,110255,80486,32.29,113983,70.0,Census2011_HL11,2011
Jodhpur,Rajasthan,2011,425950,228735,197215,143966,53.7,217234,51.0,Census2011_HL11,2011
Barmer,Rajasthan,2011,231131,119956,111175,71152,51.9,187216,81.0,Census2011_HL11,2011
Jaisalmer,Rajasthan,2011,865914,384985,480929,428026,44.46,389661,45.0,Census2011_HL11,2011
Bikaner,Rajasthan,2011,90087,37287,52800,29040,41.39,69366,77.0,Census2011_HL11,2011
Churu,Rajasthan,2011,146133,51482,94651,56790,35.23,121290,83.0,Census2011_HL11,2011
Ganganagar,Rajasthan,2011,73482,35117,38365,20717,47.79,47763,65.0,Census2011_HL11,2011
Hanumangarh,Rajasthan,2011,102218,50567,51651,29441,49.47,98129,96.0,Census2011_HL11,2011
Pali,Rajasthan,2011,338423,186403,152020,127696,55.08,192901,57.0,Census2011_HL11,2011
Jalore,Rajasthan,2011,1023877,365831,658046,467212,35.73,952205,93.0,Census2011_HL11,2011
Sirohi,Rajasthan,2011,587417,186152,401265,224708,31.69,393569,67.0,Census2011_HL11,2011
Udaipur,Rajasthan,2011,160564,79896,80668,43560,49.76,130056,81.0,Census2011_HL11,2011
Banswara,Rajasthan,2011,228880,123961,104919,96525,54.16,199125,87.0,Census2011_HL11,2011
Dungarpur,Rajasthan,2011,441348,203108,238240,188209,46.02,264808,60.0,Census2011_HL11,2011
Pratapgarh,Rajasthan,2011,996155,493295,502860,417373,49.52,627577,63.0,Census2011_HL11,2011
Rajsamand,Rajasthan,2011,458123,216508,241615,181211,47.26,416891,91.0,Census2011_HL11,2011
Bhilwara,Rajasthan,2011,16038,8379,7659,4595,52.25,7858,49.0,Census2011_HL11,2011
Chittorgarh,Rajasthan,2011,614912,188347,426565,230345,30.63,504227,82.0,Census2011_HL11,2011
Dausa,Rajasthan,2011,662998,372074,290924,244376,56.12,344758,52.0,Census2011_HL11,2011
East Sikkim,Sikkim,2011,583482,396942,186540,164155,68.03,571812,98.0,Census2011_HL11,2011
West Sikkim,Sikkim,2011,176395,131079,45316,22658,74.31,118184,67.0,Census2011_HL11,2011
North Sikkim,Sikkim,2011,41227,30124,11103,9770,73.07,40814,99.0,Census2011_HL11,2011
South Sikkim,Sikkim,2011,323859,215657,108202,71413,66.59,278518,86.0,Census2011_HL11,2011
Pakyong,Sikkim,2011,232403,188014,44389,32403,80.9,204514,88.0,Census2011_HL11,2011
Soreng,Sikkim,2011,94733,60307,34426,23409,63.66,74839,79.0,Census2011_HL11,2011
Chennai,Tamil Nadu,2011,1816769,1123126,693643,395376,61.82,1762265,97.0,Census2011_HL11,2011
Tiruvallur,Tamil Nadu,2011,1954647,1429237,525410,378295,73.12,1563717,80.0,Census2011_HL11,2011
Kancheepuram,Tamil Nadu,2011,2254820,1489083,765737,436470,66.04,1916597,85.0,Census2011_HL11,2011
Chengalpattu,Tamil Nadu,2011,3239740,2333908,905832,742782,72.04,2753779,85.0,Census2011_HL11,2011
Vellore,Tamil Nadu,2011,3655428,2093463,1561965,1483866,57.27,1973931,54.0,Census2011_HL11,2011
Ranipet,Tamil Nadu,2011,740627,577022,163605,134156,77.91,614720,83.0,Census2011_HL11,2011
Tirupattur,Tamil Nadu,2011,651141,474421,176720,127238,72.86,579515,89.0,Census2011_HL11,2011
Krishnagiri,Tamil Nadu,2011,1037360,615154,422206,396873,59.3,684657,66.0,Census2011_HL11,2011
Dharmapuri,Tamil Nadu,2011,1479122,1077392,401730,237020,72.84,1331209,90.0,Census2011_HL11,2011
Salem,Tamil Nadu,2011,1523978,1101988,421990,346031,72.31,975345,64.0,Census2011_HL11,2011
Namakkal,Tamil Nadu,2011,1461858,1081190,380668,220787,73.96,1198723,82.0,Census2011_HL11,2011
Erode,Tamil Nadu,2011,1341852,801756,540096,507690,59.75,1113737,83.0,Census2011_HL11,2011
Tiruppur,Tamil Nadu,2011,1096385,805404,290981,276431,73.46,909999,83.0,Census2011_HL11,2011
Coimbatore,Tamil Nadu,2011,246650,143352,103298,83671,58.12,244183,99.0,Census2011_HL11,2011
Nilgiris,Tamil Nadu,2011,1493392,1056276,437116,297238,70.73,1209647,81.0,Census2011_HL11,2011
Theni,Tamil Nadu,2011,460652,260222,200430,162348,56.49,262571,57.0,Census2011_HL11,2011
Dindigul,Tamil Nadu,2011,1041067,767162,273905,186255,73.69,707925,68.0,Census2011_HL11,2011
Madurai,Tamil Nadu,2011,3232758,2281357,951401,723064,70.57,2974137,92.0,Census2011_HL11,2011
Sivaganga,Tamil Nadu,2011,1871076,1375053,496023,406738,73.49,1496860,80.0,Census2011_HL11,2011
Virudhunagar,Tamil Nadu,2011,1105770,585062,520708,291596,52.91,917789,83.0,Census2011_HL11,2011
Ramanathapuram,Tamil Nadu,2011,995817,564926,430891,245607,56.73,577573,58.0,Census2011_HL11,2011
Thoothukudi,Tamil Nadu,2011,2929687,2063964,865723,718550,70.45,1787109,61.0,Census2011_HL11,2011
Tirunelveli,Tamil Nadu,2011,1563219,1090814,472405,359027,69.78,1360000,87.0,Census2011_HL11,2011
Tenkasi,Tamil Nadu,2011,569222,442000,127222,72516,77.65,557837,98.0,Census2011_HL11,2011
Kanyakumari,Tamil Nadu,2011,1875505,1140494,735011,646809,60.81,1800484,96.0,Census2011_HL11,2011
Thanjavur,Tamil Nadu,2011,240818,122528,118290,111192,50.88,122817,51.0,Census2011_HL11,2011
Tiruvarur,Tamil Nadu,2011,483682,239761,243921,229285,49.57,382108,79.0,Census2011_HL11,2011
Nagapattinam,Tamil Nadu,2011,1397429,919508,477921,449245,65.8,1173840,84.0,Census2011_HL11,2011
Mayiladuthurai,Tamil Nadu,2011,3182635,1913400,1269235,660002,60.12,1973233,62.0,Census2011_HL11,2011
Ariyalur,Tamil Nadu,2011,2256315,1413806,842509,682432,62.66,2211188,98.0,Census2011_HL11,2011
Perambalur,Tamil Nadu,2011,2163482,1462081,701401,469938,67.58,1882229,87.0,Census2011_HL11,2011
Tiruchirappalli,Tamil Nadu,2011,1979657,1422581,557076,445660,71.86,1821284,92.0,Census2011_HL11,2011
Karur,Tamil Nadu,2011,855062,632318,222744,175967,73.95,632745,74.0,Census2011_HL11,2011
Pudukkottai,Tamil Nadu,2011,1025881,693495,332386,222698,67.6,646305,63.0,Census2011_HL11,2011
Cuddalore,Tamil Nadu,2011,2879078,1453358,1425720,1026518,50.48,2303262,80.0,Census2011_HL11,2011
Kallakurichi,Tamil Nadu,2011,635747,402364,233383,119025,63.29,508597,80.0,Census2011_HL11,2011
Villupuram,Tamil Nadu,2011,674689,439762,234927,145654,65.18,600473,89.0,Census2011_HL11,2011
Hyderabad,Telangana,2011,376656,229119,147537,85571,60.83,282492,75.0,Census2011_HL11,2011
Rangareddy,Telangana,2011,1220574,687671,532903,373032,56.34,939841,77.0,Census2011_HL11,2011
Medchal-Malkajgiri,Telangana,2011,2014272,805305,1208967,640752,39.98,1893415,94.0,Census2011_HL11,2011
Sangareddy,Telangana,2011,120487,73328,47159,27352,60.86,109643,91.0,Census2011_HL11,2011
Vikarabad,Telangana,2011,386337,145224,241113,180834,37.59,262709,68.0,Census2011_HL11,2011
Medak,Telangana,2011,989522,607269,382253,275222,61.37,761931,77.0,Census2011_HL11,2011
Siddipet,Telangana,2011,154804,84430,70374,57706,54.54,136227,88.0,Census2011_HL11,2011
Nizamabad,Telangana,2011,145004,59045,85959,72205,40.72,142103,98.0,Census2011_HL11,2011
Kamareddy,Telangana,2011,367316,234825,132491,76844,63.93,301199,82.0,Census2011_HL11,2011
Jagtial,Telangana,2011,1514200,642020,872180,654135,42.4,1317354,87.0,Census2011_HL11,2011
Rajanna Sircilla,Telangana,2011,653326,265838,387488,216993,40.69,293996,45.0,Census2011_HL11,2011
Karimnagar,Telangana,2011,1043319,436524,606795,455096,41.84,938987,90.0,Census2011_HL11,2011
Peddapalli,Telangana,2011,33598,12784,20814,19565,38.05,21838,65.0,Census2011_HL11,2011
Jayashankar Bhupalpally,Telangana,2011,738292,353715,384577,284586,47.91,472506,64.0,Census2011_HL11,2011
Mulugu,Telangana,2011,766716,501125,265591,132795,65.36,529034,69.0,Census2011_HL11,2011
Bhadradri Kothagudem,Telangana,2011,545934,356986,188948,137932,65.39,491340,90.0,Census2011_HL11,2011
Khammam,Telangana,2011,576463,327258,249205,174443,56.77,443876,77.0,Census2011_HL11,2011
Nalgonda,Telangana,2011,279728,161822,117906,87250,57.85,276930,99.0,Census2011_HL11,2011
Suryapet,Telangana,2011,1438273,684042,754231,558130,47.56,733519,51.0,Census2011_HL11,2011
Yadadri Bhuvanagiri,Telangana,2011,612708,244899,367809,319993,39.97,287972,47.0,Census2011_HL11,2011
Narayanpet,Telangana,2011,803830,342753,461077,290478,42.64,715408,89.0,Census2011_HL11,2011
Jogulamba Gadwal,Telangana,2011,190245,125029,65216,50216,65.72,123659,65.0,Census2011_HL11,2011
Wanaparthy,Telangana,2011,1141379,545236,596143,333840,47.77,867448,76.0,Census2011_HL11,2011
Mahabubnagar,Telangana,2011,436339,171175,265164,161750,39.23,248713,57.0,Census2011_HL11,2011
Nagarkurnool,Telangana,2011,2393323,1534359,858964,584095,64.11,1388127,58.0,Census2011_HL11,2011
Nandyal,Telangana,2011,99557,44432,55125,38036,44.63,79645,80.0,Census2011_HL11,2011
West Tripura,Tripura,2011,53827,33415,20412,10818,62.08,46829,87.0,Census2011_HL11,2011
Sipahijala,Tripura,2011,288069,218529,69540,56327,75.86,207409,72.0,Census2011_HL11,2011
Khowai,Tripura,2011,1661067,949465,711602,569281,57.16,1511570,91.0,Census2011_HL11,2011
Gomati,Tripura,2011,620553,398084,222469,153503,64.15,378537,61.0,Census2011_HL11,2011
Unakoti,Tripura,2011,1328933,1006932,322001,225400,75.77,890385,67.0,Census2011_HL11,2011
North Tripura,Tripura,2011,464005,297473,166532,88261,64.11,278403,60.0,Census2011_HL11,2011
Dhalai,Tripura,2011,558060,275123,282937,212202,49.3,239965,43.0,Census2011_HL11,2011
South Tripura,Tripura,2011,173806,113338,60468,39908,65.21,121664,70.0,Census2011_HL11,2011
Lucknow,Uttar Pradesh,2011,2949475,890741,2058734,1832273,30.2,1356758,46.0,Census2011_HL11,2011
Agra,Uttar Pradesh,2011,995213,221932,773281,518098,22.3,975308,98.0,Census2011_HL11,2011
Mathura,Uttar Pradesh,2011,2717753,906642,1811111,996111,33.36,2581865,95.0,Census2011_HL11,2011
Aligarh,Uttar Pradesh,2011,827653,225700,601953,499620,27.27,422103,51.0,Census2011_HL11,2011
Etah,Uttar Pradesh,2011,3826530,1784693,2041837,1470122,46.64,2678571,70.0,Census2011_HL11,2011
Hathras,Uttar Pradesh,2011,940274,404411,535863,476918,43.01,658191,70.0,Census2011_HL11,2011
Firozabad,Uttar Pradesh,2011,809694,325658,484036,435632,40.22,340071,42.0,Census2011_HL11,2011
Mainpuri,Uttar Pradesh,2011,938143,472824,465319,316416,50.4,572267,61.0,Census2011_HL11,2011
Kannauj,Uttar Pradesh,2011,1365234,603979,761255,715579,44.24,942011,69.0,Census2011_HL11,2011
Farrukhabad,Uttar Pradesh,2011,3759398,1497744,2261654,1990255,39.84,2368420,63.0,Census2011_HL11,2011
Kanpur Nagar,Uttar Pradesh,2011,1788228,461899,1326329,663164,25.83,1180230,66.0,Census2011_HL11,2011
Kanpur Dehat,Uttar Pradesh,2011,4213483,1123314,3090169,1730494,26.66,2401685,57.0,Census2011_HL11,2011
Etawah,Uttar Pradesh,2011,1154752,508783,645969,335903,44.06,946896,82.0,Census2011_HL11,2011
Auraiya,Uttar Pradesh,2011,3423003,1753604,1669399,1368907,51.23,1916881,56.0,Census2011_HL11,2011
Jalaun,Uttar Pradesh,2011,955596,384722,570874,468116,40.26,410906,43.0,Census2011_HL11,2011
Hamirpur,Uttar Pradesh,2011,771841,398192,373649,321338,51.59,548007,71.0,Census2011_HL11,2011
Mahoba,Uttar Pradesh,2011,2851711,863212,1988499,1372064,30.27,2737642,96.0,Census2011_HL11,2011
Banda,Uttar Pradesh,2011,1442484,698739,743745,647058,48.44,822215,57.0,Census2011_HL11,2011
Chitrakoot,Uttar Pradesh,2011,462206,220657,241549,224640,47.74,291189,63.0,Census2011_HL11,2011
Fatehpur,Uttar Pradesh,2011,2165004,679378,1485626,802238,31.38,779401,36.0,Census2011_HL11,2011
Allahabad,Uttar Pradesh,2011,3606782,1583377,2023405,1881766,43.9,1623051,45.0,Census2011_HL11,2011
Kaushambi,Uttar Pradesh,2011,2442381,579332,1863049,1546330,23.72,1685242,69.0,Census2011_HL11,2011
Pratapgarh,Uttar Pradesh,2011,1541197,567006,974191,867029,36.79,1494961,97.0,Census2011_HL11,2011
Rae Bareli,Uttar Pradesh,2011,1967629,683160,1284469,937662,34.72,1593779,81.0,Census2011_HL11,2011
Amethi,Uttar Pradesh,2011,3246753,1181493,2065260,1507639,36.39,3246753,100.0,Census2011_HL11,2011
Sultanpur,Uttar Pradesh,2011,2872068,1396973,1475095,1194826,48.64,1838123,64.0,Census2011_HL11,2011
Ambedkar Nagar,Uttar Pradesh,2011,2179715,882566,1297149,1180405,40.49,1787366,82.0,Census2011_HL11,2011
Faizabad,Uttar Pradesh,2011,1829659,794437,1035222,848882,43.42,1518616,83.0,Census2011_HL11,2011
Barabanki,Uttar Pradesh,2011,2156032,632364,1523668,1264644,29.33,2091351,97.0,Census2011_HL11,2011
Gonda,Uttar Pradesh,2011,734617,343066,391551,352395,46.7,514231,70.0,Census2011_HL11,2011
Balrampur,Uttar Pradesh,2011,3112033,1253526,1858507,1431050,40.28,3049792,98.0,Census2011_HL11,2011
Shravasti,Uttar Pradesh,2011,1985037,838479,1146558,1031902,42.24,1349825,68.0,Census2011_HL11,2011
Bahraich,Uttar Pradesh,2011,620844,178492,442352,234446,28.75,552551,89.0,Census2011_HL11,2011
Lakhimpur Kheri,Uttar Pradesh,2011,187268,70056,117212,109007,37.41,112360,60.0,Census2011_HL11,2011
Sitapur,Uttar Pradesh,2011,1542482,514726,1027756,688596,33.37,586143,38.0,Census2011_HL11,2011
Hardoi,Uttar Pradesh,2011,414128,204662,209466,127774,49.42,298172,72.0,Census2011_HL11,2011
Unnao,Uttar Pradesh,2011,895518,402893,492625,270943,44.99,483579,54.0,Census2011_HL11,2011
Lucknow,Uttar Pradesh,2011,2949475,908733,2040742,1224445,30.81,2418569,82.0,Census2011_HL11,2011
Barabanki,Uttar Pradesh,2011,2156032,842361,1313671,788202,39.07,1099576,51.0,Census2011_HL11,2011
Bara Banki,Uttar Pradesh,2011,3073770,1536577,1537193,1214382,49.99,2766393,90.0,Census2011_HL11,2011
Varanasi,Uttar Pradesh,2011,3562945,821615,2741330,1946344,23.06,2600949,73.0,Census2011_HL11,2011
Chandauli,Uttar Pradesh,2011,1102953,404232,698721,461155,36.65,805155,73.0,Census2011_HL11,2011
Jaunpur,Uttar Pradesh,2011,171809,54738,117071,77266,31.86,51542,30.0,Census2011_HL11,2011
Ghazipur,Uttar Pradesh,2011,1183769,576613,607156,352150,48.71,710261,60.0,Census2011_HL11,2011
Azamgarh,Uttar Pradesh,2011,1564285,391696,1172589,844264,25.04,563142,36.0,Census2011_HL11,2011
Mau,Uttar Pradesh,2011,279464,104603,174861,99670,37.43,108990,39.0,Census2011_HL11,2011
Ballia,Uttar Pradesh,2011,2412029,883285,1528744,871384,36.62,1833142,76.0,Census2011_HL11,2011
Deoria,Uttar Pradesh,2011,1773083,510293,1262790,858697,28.78,904272,51.0,Census2011_HL11,2011
Kushinagar,Uttar Pradesh,2011,2136383,744529,1391854,807275,34.85,1858653,87.0,Census2011_HL11,2011
Gorakhpur,Uttar Pradesh,2011,2429952,613805,1816147,1271302,25.26,2162657,89.0,Census2011_HL11,2011
Sant Kabir Nagar,Uttar Pradesh,2011,2344133,629634,1714499,1131569,26.86,1406479,60.0,Census2011_HL11,2011
Basti,Uttar Pradesh,2011,3865979,1267267,2598712,2312853,32.78,1701030,44.0,Census2011_HL11,2011
Siddharth Nagar,Uttar Pradesh,2011,2788104,772025,2016079,1048361,27.69,1617100,58.0,Census2011_HL11,2011
Maharajganj,Uttar Pradesh,2011,705544,312697,392847,357490,44.32,317494,45.0,Census2011_HL11,2011
Ghaziabad,Uttar Pradesh,2011,3585359,1002824,2582535,1859425,27.97,2760726,77.0,Census2011_HL11,2011
Hapur,Uttar Pradesh,2011,1622671,486314,1136357,784086,29.97,1119642,69.0,Census2011_HL11,2011
Bulandshahr,Uttar Pradesh,2011,375425,172657,202768,166269,45.99,213992,57.0,Census2011_HL11,2011
Meerut,Uttar Pradesh,2011,574001,257898,316103,284492,44.93,390320,68.0,Census2011_HL11,2011
Baghpat,Uttar Pradesh,2011,713782,354821,358961,315885,49.71,449682,63.0,Census2011_HL11,2011
Muzaffarnagar,Uttar Pradesh,2011,2690069,680318,2009751,1105363,25.29,833921,31.0,Census2011_HL11,2011
Shamli,Uttar Pradesh,2011,2451816,653899,1797917,1312479,26.67,2059525,84.0,Census2011_HL11,2011
Saharanpur,Uttar Pradesh,2011,1670355,486073,1184282,959268,29.1,901991,54.0,Census2011_HL11,2011
Bijnor,Uttar Pradesh,2011,3401360,1744557,1656803,1375146,51.29,2278911,67.0,Census2011_HL11,2011
Amroha,Uttar Pradesh,2011,884896,271486,613410,441655,30.68,734463,83.0,Census2011_HL11,2011
Moradabad,Uttar Pradesh,2011,1668736,491109,1177627,671247,29.43,1101365,66.0,Census2011_HL11,2011
Rampur,Uttar Pradesh,2011,2300744,678259,1622485,1379112,29.48,2070669,90.0,Census2011_HL11,2011
Bareilly,Uttar Pradesh,2011,2272175,1177668,1094507,667649,51.83,2044957,90.0,Census2011_HL11,2011
Pilibhit,Uttar Pradesh,2011,1978187,552903,1425284,1168732,27.95,1721022,87.0,Census2011_HL11,2011
Shahjahanpur,Uttar Pradesh,2011,283984,122198,161786,118103,43.03,127792,45.0,Census2011_HL11,2011
Budaun,Uttar Pradesh,2011,3289473,1703289,1586184,1221361,51.78,2598683,79.0,Census2011_HL11,2011
Sambhal,Uttar Pradesh,2011,2356211,680473,1675738,938413,28.88,777549,33.0,Census2011_HL11,2011
Dehradun,Uttarakhand,2011,745870,534863,211007,194126,71.71,581778,78.0,Census2011_HL11,2011
Haridwar,Uttarakhand,2011,159273,96344,62929,33981,60.49,84414,53.0,Census2011_HL11,2011
Pauri Garhwal,Uttarakhand,2011,1354076,734180,619896,396733,54.22,1083260,80.0,Census2011_HL11,2011
Tehri Garhwal,Uttarakhand,2011,828452,405444,423008,274955,48.94,563347,68.0,Census2011_HL11,2011
Uttarkashi,Uttarakhand,2011,1160789,665132,495657,391569,57.3,731297,63.0,Census2011_HL11,2011
Chamoli,Uttarakhand,2011,187910,94105,93805,59097,50.08,114625,61.0,Census2011_HL11,2011
Rudraprayag,Uttarakhand,2011,276382,150738,125644,80412,54.54,129899,47.0,Census2011_HL11,2011
Pithoragarh,Uttarakhand,2011,363942,157332,206610,107437,43.23,302071,83.0,Census2011_HL11,2011
Almora,Uttarakhand,2011,143019,69163,73856,52437,48.36,134437,94.0,Census2011_HL11,2011
Bageshwar,Uttarakhand,2011,542722,244333,298389,173065,45.02,526440,97.0,Census2011_HL11,2011
Nainital,Uttarakhand,2011,266767,141146,125621,80397,52.91,128048,48.0,Census2011_HL11,2011
Udham Singh Nagar,Uttarakhand,2011,610056,258724,351332,263499,42.41,555150,91.0,Census2011_HL11,2011
Champawat,Uttarakhand,2011,1473434,765301,708133,587750,51.94,928263,63.0,Census2011_HL11,2011
Kolkata,West Bengal,2011,3694581,1971428,1723153,1275133,53.36,2364531,64.0,Census2011_HL11,2011
North 24 Parganas,West Bengal,2011,936713,463766,472947,279038,49.51,590129,63.0,Census2011_HL11,2011
South 24 Parganas,West Bengal,2011,3579952,2026968,1552984,869671,56.62,3078758,86.0,Census2011_HL11,2011
Howrah,West Bengal,2011,433587,145728,287859,218772,33.61,407571,94.0,Census2011_HL11,2011
Hooghly,West Bengal,2011,3834506,1903065,1931441,1139550,49.63,3144294,82.0,Census2011_HL11,2011
Nadia,West Bengal,2011,1099616,635248,464368,246115,57.77,835708,76.0,Census2011_HL11,2011
Murshidabad,West Bengal,2011,723902,291660,432242,358760,40.29,716662,99.0,Census2011_HL11,2011
Birbhum,West Bengal,2011,391095,141028,250067,205054,36.06,129061,33.0,Census2011_HL11,2011
Burdwan,West Bengal,2011,1074359,384083,690276,517707,35.75,515692,48.0,Census2011_HL11,2011
Bankura,West Bengal,2011,1138492,641084,497408,437719,56.31,1081567,95.0,Census2011_HL11,2011
Purulia,West Bengal,2011,270018,159985,110033,99029,59.25,194412,72.0,Census2011_HL11,2011
Jhargram,West Bengal,2011,2633144,1356595,1276549,1161659,51.52,1184914,45.0,Census2011_HL11,2011
West Midnapore,West Bengal,2011,1133123,482370,650753,598692,42.57,759192,67.0,Census2011_HL11,2011
East Midnapore,West Bengal,2011,1438424,441020,997404,768001,30.66,1136354,79.0,Census2011_HL11,2011
Darjeeling,West Bengal,2011,3126762,1059034,2067728,1075218,33.87,2188733,70.0,Census2011_HL11,2011
Kalimpong,West Bengal,2011,2498905,1345160,1153745,934533,53.83,2124069,85.0,Census2011_HL11,2011
Jalpaiguri,West Bengal,2011,2592088,1086603,1505485,1219442,41.92,2358800,91.0,Census2011_HL11,2011
Alipurduar,West Bengal,2011,1486658,879358,607300,346160,59.15,1293392,87.0,Census2011_HL11,2011
Cooch Behar,West Bengal,2011,2640945,1096520,1544425,1312761,41.52,1558157,59.0,Census2011_HL11,2011
North Dinajpur,West Bengal,2011,3363228,1282735,2080493,1206685,38.14,1378923,41.0,Census2011_HL11,2011
South Dinajpur,West Bengal,2011,4076086,1488994,2587092,2095544,36.53,3749999,92.0,Census2011_HL11,2011
Malda,West Bengal,2011,4189944,2250837,1939107,1357374,53.72,3519552,84.0,Census2011_HL11,2011
Central Delhi,Delhi,2011,3144654,2831131,313523,200654,90.03,2641509,84.0,Census2011_HL11,2011
East Delhi,Delhi,2011,3275109,3074344,200765,150573,93.87,2849344,87.0,Census2011_HL11,2011
New Delhi,Delhi,2011,2952755,2361022,591733,360957,79.96,2096456,71.0,Census2011_HL11,2011
North Delhi,Delhi,2011,3642525,2990877,651648,586483,82.11,3569674,98.0,Census2011_HL11,2011
North East Delhi,Delhi,2011,4178272,3538160,640112,550496,84.68,3802227,91.0,Census2011_HL11,2011
North West Delhi,Delhi,2011,3906250,3290234,616016,535933,84.23,3437500,88.0,Census2011_HL11,2011
Shahdara,Delhi,2011,3448275,2725171,723104,477248,79.03,3034482,88.0,Census2011_HL11,2011
South Delhi,Delhi,2011,2901353,2516923,384430,207592,86.75,2698258,93.0,Census2011_HL11,2011
South East Delhi,Delhi,2011,3067484,2776993,290491,238202,90.53,2699385,88.0,Census2011_HL11,2011
South West Delhi,Delhi,2011,2964426,2722528,241898,157233,91.84,2460473,83.0,Census2011_HL11,2011
West Delhi,Delhi,2011,3464203,3330138,134065,116636,96.13,3083140,89.0,Census2011_HL11,2011
Jammu,Jammu & Kashmir,2011,270493,156777,113716,65955,57.96,267788,99.0,Census2011_HL11,2011
Samba,Jammu & Kashmir,2011,23140,10440,12700,11938,45.12,19900,86.0,Census2011_HL11,2011
Kathua,Jammu & Kashmir,2011,23118,12118,11000,6050,52.42,19650,85.0,Census2011_HL11,2011
Udhampur,Jammu & Kashmir,2011,114364,46271,68093,53793,40.46,104071,91.0,Census2011_HL11,2011
Reasi,Jammu & Kashmir,2011,60363,28992,31371,23528,48.03,53723,89.0,Census2011_HL11,2011
Ramban,Jammu & Kashmir,2011,319192,113696,205496,127407,35.62,226626,71.0,Census2011_HL11,2011
Doda,Jammu & Kashmir,2011,132816,70697,62119,52179,53.23,69064,52.0,Census2011_HL11,2011
Kishtwar,Jammu & Kashmir,2011,141062,50711,90351,74991,35.95,78994,56.0,Census2011_HL11,2011
Rajouri,Jammu & Kashmir,2011,231812,129976,101836,54991,56.07,129814,56.0,Census2011_HL11,2011
Poonch,Jammu & Kashmir,2011,290955,100524,190431,169483,34.55,125110,43.0,Census2011_HL11,2011
Anantnag,Jammu & Kashmir,2011,50810,22214,28596,23734,43.72,39123,77.0,Census2011_HL11,2011
Kulgam,Jammu & Kashmir,2011,147512,43707,103805,59168,29.63,61955,42.0,Census2011_HL11,2011
Pulwama,Jammu & Kashmir,2011,108933,44477,64456,49631,40.83,39215,36.0,Census2011_HL11,2011
Shopian,Jammu & Kashmir,2011,50611,15770,34841,21253,31.16,47574,94.0,Census2011_HL11,2011
Budgam,Jammu & Kashmir,2011,54696,31783,22913,12602,58.11,41022,75.0,Census2011_HL11,2011
Srinagar,Jammu & Kashmir,2011,70708,35919,34789,29918,50.8,54445,77.0,Census2011_HL11,2011
Ganderbal,Jammu & Kashmir,2011,129541,52256,77285,39415,40.34,113996,88.0,Census2011_HL11,2011
Bandipora,Jammu & Kashmir,2011,171382,88947,82435,65123,51.9,75408,44.0,Census2011_HL11,2011
Baramulla,Jammu & Kashmir,2011,11822,4309,7513,4057,36.45,4728,39.99,Census2011_HL11,2011
Kupwara,Jammu & Kashmir,2011,130911,62601,68310,34838,47.82,128292,98.0,Census2011_HL11,2011
Leh,Ladakh,2011,12787,6486,6301,3465,50.73,10741,84.0,Census2011_HL11,2011
Kargil,Ladakh,2011,12755,4100,8655,7097,32.15,5612,44.0,Census2011_HL11,2011
Puducherry,Puducherry,2011,3579952,3059068,520884,390663,85.45,3078758,86.0,Census2011_HL11,2011
Karaikal,Puducherry,2011,3164556,2423100,741456,481946,76.57,2278480,72.0,Census2011_HL11,2011
Mahé,Puducherry,2011,4098360,3014753,1083607,877721,73.56,3524589,86.0,Census2011_HL11,2011
Yanam,Puducherry,2011,2857142,2155713,701429,610243,75.45,1971427,69.0,Census2011_HL11,2011
Chandigarh,Chandigarh,2011,3416856,2912186,504670,368409,85.23,3280181,96.0,Census2011_HL11,2011
North & Middle Andaman,Andaman & Nicobar,2011,93098,48653,44445,40444,52.26,40963,44.0,Census2011_HL11,2011
South Andaman,Andaman & Nicobar,2011,134432,81748,52684,30029,60.81,111578,83.0,Census2011_HL11,2011
Nicobar,Andaman & Nicobar,2011,116821,63994,52827,47544,54.78,77101,66.0,Census2011_HL11,2011
Dadra & Nagar Haveli,Dadra & Nagar Haveli and Daman & Diu,2011,1183253,976538,206715,179842,82.53,899272,76.0,Census2011_HL11,2011
Daman,Dadra & Nagar Haveli and Daman & Diu,2011,3478042,2124735,1353307,744318,61.09,1947703,56.0,Census2011_HL11,2011
Diu,Dadra & Nagar Haveli and Daman & Diu,2011,1380033,1168611,211422,139538,84.68,1242029,90.0,Census2011_HL11,2011
Lakshadweep,Lakshadweep,2011,4273504,3143162,1130342,1039914,73.55,4145298,97.0,Census2011_HL11,2011
